-- Generation time: Sun, 13 Sep 2020 13:23:56 +0000
-- Host: mysql.hostinger.ro
-- DB name: u574849695_24
/*!40030 SET NAMES UTF8 */;
/*!40101 SET @OLD_CHARACTER_SET_CLIENT=@@CHARACTER_SET_CLIENT */;
/*!40101 SET @OLD_CHARACTER_SET_RESULTS=@@CHARACTER_SET_RESULTS */;
/*!40101 SET @OLD_COLLATION_CONNECTION=@@COLLATION_CONNECTION */;
/*!40103 SET @OLD_TIME_ZONE=@@TIME_ZONE */;
/*!40103 SET TIME_ZONE='+00:00' */;
/*!40014 SET @OLD_UNIQUE_CHECKS=@@UNIQUE_CHECKS, UNIQUE_CHECKS=0 */;
/*!40014 SET @OLD_FOREIGN_KEY_CHECKS=@@FOREIGN_KEY_CHECKS, FOREIGN_KEY_CHECKS=0 */;
/*!40101 SET @OLD_SQL_MODE=@@SQL_MODE, SQL_MODE='NO_AUTO_VALUE_ON_ZERO' */;
/*!40111 SET @OLD_SQL_NOTES=@@SQL_NOTES, SQL_NOTES=0 */;

DROP TABLE IF EXISTS `bed_types`;
CREATE TABLE `bed_types` (
  `id` tinyint(3) unsigned NOT NULL AUTO_INCREMENT,
  `bed_type` varchar(50) COLLATE utf8_unicode_ci DEFAULT NULL,
  UNIQUE KEY `id` (`id`)
) ENGINE=InnoDB AUTO_INCREMENT=5 DEFAULT CHARSET=utf8 COLLATE=utf8_unicode_ci;

INSERT INTO `bed_types` VALUES 
('1','single_bed'),
('2','double_bed'),
('3','queen_size_bed'),
('4','king_size_bed'); 


DROP TABLE IF EXISTS `bookings`;
CREATE TABLE `bookings` (
  `id` bigint(20) unsigned NOT NULL AUTO_INCREMENT,
  `user_id` bigint(20) unsigned NOT NULL,
  `property_id` bigint(20) unsigned NOT NULL,
  `room_type_id` smallint(5) unsigned NOT NULL,
  `room_count` tinyint(4) DEFAULT NULL,
  `booked_from_date` date DEFAULT NULL,
  `booked_till_date` date DEFAULT NULL,
  `book_type` enum('requested','confirmed','canceled') COLLATE utf8_unicode_ci DEFAULT NULL,
  `created_at` datetime DEFAULT current_timestamp(),
  `updated_at` datetime DEFAULT NULL ON UPDATE current_timestamp(),
  PRIMARY KEY (`id`),
  KEY `user_id` (`user_id`),
  KEY `property_id` (`property_id`),
  KEY `room_type_id` (`room_type_id`),
  CONSTRAINT `bookings_ibfk_1` FOREIGN KEY (`user_id`) REFERENCES `users` (`id`) ON UPDATE CASCADE,
  CONSTRAINT `bookings_ibfk_2` FOREIGN KEY (`property_id`) REFERENCES `properties` (`id`) ON UPDATE CASCADE,
  CONSTRAINT `bookings_ibfk_3` FOREIGN KEY (`room_type_id`) REFERENCES `room_types` (`id`) ON UPDATE CASCADE
) ENGINE=InnoDB AUTO_INCREMENT=101 DEFAULT CHARSET=utf8 COLLATE=utf8_unicode_ci;

INSERT INTO `bookings` VALUES 
('1','1','1','1','3','1994-04-24','1979-10-30','confirmed','2000-12-12 01:53:04','2017-06-25 17:00:34'),
('2','2','2','2','3','2010-12-09','1982-08-27','requested','1997-04-22 06:03:47','1985-06-12 22:16:32'),
('3','3','3','3','1','2015-03-10','1993-04-21','requested','1973-12-03 09:33:55','1998-11-25 16:02:31'),
('4','4','4','4','3','1999-04-05','2011-09-27','requested','2015-07-31 12:09:24','2015-09-28 15:40:45'),
('5','5','5','5','2','2017-09-06','1984-02-18','requested','1984-11-09 15:55:15','2001-03-02 02:30:44'),
('6','6','6','6','2','1997-07-04','1992-04-26','canceled','2012-05-29 01:35:31','2000-05-17 19:44:09'),
('7','7','7','1','2','2011-10-21','2009-06-11','confirmed','1998-10-12 04:25:14','2015-02-21 19:26:27'),
('8','8','8','2','3','1979-01-27','1992-10-21','requested','2000-08-06 18:36:32','2008-07-28 11:25:12'),
('9','9','9','3','3','1997-06-11','2017-02-06','confirmed','1995-05-01 11:40:19','1972-12-09 13:13:01'),
('10','10','10','4','3','1998-03-01','2018-07-05','requested','2010-07-08 04:27:14','2006-06-26 16:33:21'),
('11','11','11','5','3','1990-04-13','2007-09-01','requested','1991-04-22 23:19:36','1979-05-29 22:47:38'),
('12','12','12','6','2','1990-05-12','1992-06-01','confirmed','2020-04-27 16:31:41','1998-07-12 20:42:11'),
('13','13','13','1','1','1987-06-02','1992-06-05','canceled','1981-09-29 04:36:20','1979-03-30 10:28:43'),
('14','14','14','2','3','1970-09-19','2018-01-12','confirmed','1990-05-18 12:30:37','1976-03-09 05:10:07'),
('15','15','15','3','1','2006-12-23','1993-09-24','confirmed','1984-06-25 11:46:14','2007-08-10 12:15:28'),
('16','16','16','4','2','2000-03-02','2000-08-08','requested','2014-06-07 06:08:30','2008-11-30 11:54:32'),
('17','17','17','5','2','1981-07-15','1993-01-02','requested','1998-10-02 11:49:34','2007-08-02 02:07:49'),
('18','18','18','6','3','2014-06-13','2008-02-24','confirmed','2020-09-12 18:16:05','1988-06-03 05:01:55'),
('19','19','19','1','3','2001-08-26','2017-10-08','canceled','2019-08-03 04:43:36','1978-03-06 02:24:52'),
('20','20','20','2','2','1979-09-21','1971-10-24','canceled','2000-05-12 00:19:25','1970-08-21 06:20:18'),
('21','21','1','3','3','1991-05-21','2007-06-17','canceled','1973-01-02 13:52:43','2017-04-11 07:22:24'),
('22','22','2','4','3','1980-09-04','1974-08-18','confirmed','2020-04-06 10:12:52','1984-12-12 17:30:34'),
('23','23','3','5','2','2007-12-13','1999-04-18','canceled','2019-07-21 18:22:11','2014-01-08 23:46:41'),
('24','24','4','6','3','1987-08-13','2007-07-09','confirmed','1999-08-13 14:30:18','2019-02-21 04:36:53'),
('25','25','5','1','3','1996-06-02','1995-12-24','confirmed','1981-12-19 16:57:18','1981-09-18 11:05:32'),
('26','26','6','2','1','2010-09-09','2006-09-24','requested','1985-11-26 07:18:32','2015-07-08 00:35:23'),
('27','27','7','3','2','1982-04-30','2010-01-28','requested','2001-05-11 18:13:03','2016-12-30 17:41:08'),
('28','28','8','4','3','1984-03-05','1980-01-22','confirmed','2000-12-02 18:48:32','2014-05-21 17:33:10'),
('29','29','9','5','3','1998-12-04','1995-10-23','requested','1979-01-11 22:17:15','1985-12-09 00:45:38'),
('30','30','10','6','2','1985-04-07','1995-10-05','canceled','2013-07-09 18:13:31','1986-10-03 20:28:56'),
('31','31','11','1','3','1985-10-19','2012-04-26','canceled','2004-03-20 18:24:34','1989-08-01 14:33:52'),
('32','32','12','2','1','1970-09-14','1988-12-04','confirmed','1978-09-09 15:51:27','1996-01-20 20:19:19'),
('33','33','13','3','1','2019-09-14','2007-10-30','requested','1972-03-25 03:28:46','1994-12-26 19:45:06'),
('34','34','14','4','1','1983-04-17','2019-04-28','canceled','2019-07-06 18:39:22','2007-09-02 21:13:22'),
('35','35','15','5','2','1999-04-28','1979-05-31','confirmed','1998-12-11 02:10:01','1982-06-25 21:44:00'),
('36','36','16','6','3','1997-07-20','1988-03-22','confirmed','2006-12-02 17:07:20','1985-03-15 16:21:04'),
('37','37','17','1','3','2018-07-23','2014-05-09','canceled','1988-12-03 09:42:08','2018-10-10 13:04:44'),
('38','38','18','2','3','1999-10-11','1995-01-28','canceled','1987-08-31 00:18:32','1986-09-19 22:59:30'),
('39','39','19','3','2','1990-05-30','2009-10-10','confirmed','1978-03-01 07:43:23','2004-10-13 23:57:04'),
('40','40','20','4','3','1984-07-31','1991-08-06','requested','2007-01-05 04:56:47','2010-05-07 13:50:33'),
('41','41','1','5','1','2000-09-17','2015-12-28','canceled','1995-11-21 20:44:19','2016-02-09 06:14:30'),
('42','42','2','6','3','1978-01-11','1999-08-31','canceled','1975-07-07 01:20:59','2012-06-29 10:19:17'),
('43','43','3','1','3','1970-12-20','2014-03-19','requested','1980-08-12 18:17:18','2001-11-25 21:21:00'),
('44','44','4','2','2','1984-07-10','1972-06-08','requested','1979-09-17 12:03:22','1999-03-01 02:07:11'),
('45','45','5','3','1','1986-08-18','2002-02-15','requested','2016-12-26 21:26:13','1972-05-12 05:08:44'),
('46','46','6','4','1','1976-07-18','2015-12-03','requested','1989-01-17 04:58:21','1971-03-09 17:34:39'),
('47','47','7','5','3','2016-10-12','1982-12-08','confirmed','2017-02-14 15:28:36','1996-01-06 11:33:51'),
('48','48','8','6','2','2007-03-30','1980-01-29','requested','2017-10-26 08:14:11','1972-08-01 10:40:37'),
('49','49','9','1','1','1991-12-31','1991-02-12','requested','2006-08-28 06:02:09','2020-03-25 02:34:40'),
('50','50','10','2','2','2015-01-04','2003-12-05','confirmed','1989-12-07 11:38:52','2000-02-17 18:49:03'),
('51','1','11','3','3','1974-12-31','1991-10-05','requested','2016-02-19 20:16:47','2009-11-01 08:20:42'),
('52','2','12','4','2','2015-04-03','1971-10-02','confirmed','1978-01-18 10:31:12','2008-07-07 10:04:45'),
('53','3','13','5','1','2008-12-22','1995-03-02','canceled','1994-08-28 02:27:01','1988-09-22 10:51:25'),
('54','4','14','6','2','2006-04-01','1996-11-09','canceled','1991-11-30 07:53:24','2002-10-02 12:56:10'),
('55','5','15','1','1','2003-10-18','1984-01-21','confirmed','1981-11-16 22:29:13','1983-09-26 14:14:43'),
('56','6','16','2','2','2011-05-26','2002-04-06','canceled','1997-12-21 01:21:24','1980-06-04 11:13:31'),
('57','7','17','3','2','1979-12-31','1995-01-12','confirmed','2014-05-10 10:14:00','1972-04-12 15:18:48'),
('58','8','18','4','1','1989-06-11','2004-05-07','canceled','1977-05-25 00:23:29','1992-12-04 05:22:55'),
('59','9','19','5','1','1999-12-24','1989-09-19','requested','1970-10-03 01:21:07','1995-08-10 10:42:05'),
('60','10','20','6','3','1988-06-30','2009-11-22','canceled','2005-12-29 01:48:28','2002-06-11 23:45:25'),
('61','11','1','1','2','2009-04-10','2011-12-04','requested','1970-10-13 04:22:25','2008-12-31 23:12:56'),
('62','12','2','2','1','1997-09-24','2005-12-15','requested','2000-09-02 02:42:01','1987-04-03 13:56:24'),
('63','13','3','3','2','2020-07-19','1981-08-02','requested','2000-12-23 21:37:32','1973-08-20 00:12:53'),
('64','14','4','4','1','1995-11-29','2018-11-23','requested','1988-11-30 23:51:15','1971-06-27 15:55:58'),
('65','15','5','5','3','1995-10-20','1986-10-17','requested','1986-07-18 01:14:16','1986-12-26 04:41:27'),
('66','16','6','6','3','1999-08-18','2015-03-15','canceled','1975-12-01 19:16:02','2000-07-24 13:01:48'),
('67','17','7','1','1','2011-09-18','1993-10-30','canceled','1970-05-16 19:30:27','1979-01-15 03:32:20'),
('68','18','8','2','2','2017-05-28','2005-01-01','confirmed','1972-07-15 16:33:17','2016-05-26 06:03:14'),
('69','19','9','3','2','1985-07-04','2005-09-15','confirmed','2009-04-04 00:09:02','1990-05-18 22:01:17'),
('70','20','10','4','3','1996-10-10','1976-02-12','canceled','2000-05-23 00:00:10','2014-05-08 01:42:41'),
('71','21','11','5','3','1990-02-20','2009-08-03','confirmed','2016-07-27 03:33:52','2000-12-31 10:22:03'),
('72','22','12','6','2','2015-03-03','2011-11-09','confirmed','1979-05-08 22:11:33','2002-07-28 20:11:19'),
('73','23','13','1','1','1985-07-01','1972-07-24','canceled','1997-07-24 21:09:43','1986-05-11 20:42:46'),
('74','24','14','2','3','2016-04-17','1989-12-04','requested','1992-05-08 13:26:44','1979-10-30 11:01:48'),
('75','25','15','3','1','2018-01-11','2019-05-15','canceled','2014-02-06 01:45:17','2007-10-07 12:00:53'),
('76','26','16','4','1','1997-08-31','2000-06-10','requested','1980-12-10 06:04:51','2003-10-14 02:49:45'),
('77','27','17','5','1','2005-05-28','1981-03-30','requested','1975-08-25 09:09:15','1995-05-17 11:03:13'),
('78','28','18','6','1','1999-07-23','2006-06-28','canceled','2018-02-01 20:25:10','1994-02-27 09:13:00'),
('79','29','19','1','1','1984-03-22','1998-08-10','requested','2010-06-29 03:43:27','1974-01-27 03:13:42'),
('80','30','20','2','2','2010-06-24','2008-05-03','confirmed','2006-12-03 21:51:19','1989-02-21 12:43:10'),
('81','31','1','3','2','1979-05-21','2005-11-05','requested','1984-06-23 05:32:44','2015-12-16 03:11:15'),
('82','32','2','4','3','2002-11-10','2005-03-23','requested','1996-08-18 00:40:05','1977-11-02 03:09:49'),
('83','33','3','5','1','1984-04-22','2004-12-20','canceled','1987-08-18 07:36:20','1998-07-04 18:31:17'),
('84','34','4','6','1','1999-11-21','1993-01-02','canceled','1980-07-28 01:25:32','1997-06-08 23:47:22'),
('85','35','5','1','2','2001-12-19','1978-11-27','canceled','2004-02-11 12:31:28','2003-01-04 11:58:06'),
('86','36','6','2','1','1982-09-15','1972-02-03','canceled','2018-09-18 17:11:43','2011-09-12 01:23:11'),
('87','37','7','3','2','1979-08-02','1976-06-18','canceled','2005-10-05 13:56:07','2006-01-06 17:50:57'),
('88','38','8','4','1','1993-03-03','1986-07-06','canceled','1990-12-09 00:42:26','1982-11-30 00:46:40'),
('89','39','9','5','2','1971-12-18','2005-06-06','canceled','2015-10-29 01:11:46','2018-10-22 06:46:00'),
('90','40','10','6','2','1993-05-22','2000-11-05','canceled','1992-01-18 14:25:38','1996-04-30 04:09:53'),
('91','41','11','1','2','2009-02-27','1997-04-15','requested','2013-06-12 21:45:46','2010-06-12 21:36:48'),
('92','42','12','2','2','1995-09-06','2005-03-12','confirmed','2018-11-04 01:09:06','1999-10-30 02:00:33'),
('93','43','13','3','3','1997-07-12','1985-09-16','canceled','1971-05-17 04:08:09','2012-07-25 18:10:34'),
('94','44','14','4','2','2018-12-26','1971-06-23','requested','1986-05-04 04:23:43','1980-06-20 09:18:07'),
('95','45','15','5','1','2017-10-04','2019-07-28','requested','2003-12-22 06:50:18','1975-11-18 04:01:09'),
('96','46','16','6','2','2012-04-04','2017-04-11','requested','1989-07-16 02:08:10','1995-12-06 06:19:57'),
('97','47','17','1','1','1980-02-08','2011-12-21','requested','2008-03-29 22:25:30','1971-03-06 20:35:49'),
('98','48','18','2','3','2007-02-17','2017-05-21','canceled','1990-03-20 16:34:58','2008-04-15 08:57:22'),
('99','49','19','3','3','2018-09-13','2019-01-21','canceled','1999-07-07 20:02:21','1981-07-22 01:12:37'),
('100','50','20','4','1','1989-07-20','2006-09-25','canceled','1987-02-05 14:14:34','2018-07-29 16:14:20'); 


DROP TABLE IF EXISTS `cities`;
CREATE TABLE `cities` (
  `id` int(10) unsigned NOT NULL AUTO_INCREMENT,
  `country_id` smallint(5) unsigned NOT NULL,
  `name` varchar(50) COLLATE utf8_unicode_ci DEFAULT NULL,
  UNIQUE KEY `id` (`id`),
  KEY `country_id` (`country_id`),
  KEY `cities_name_idx` (`name`),
  CONSTRAINT `cities_ibfk_1` FOREIGN KEY (`country_id`) REFERENCES `countries` (`id`) ON UPDATE CASCADE
) ENGINE=InnoDB AUTO_INCREMENT=13 DEFAULT CHARSET=utf8 COLLATE=utf8_unicode_ci;

INSERT INTO `cities` VALUES 
('1','1','Janetborough'),
('2','2','Doylefort'),
('3','3','Lake Edwardo'),
('4','4','Littelton'),
('5','5','Port Odessaview'),
('6','1','New Wilburnstad'),
('7','2','New Anashire'),
('8','3','Lorinefort'),
('9','4','Donatostad'),
('10','5','South Gerard'),
('11','1','Kemmerstad'),
('12','2','Darrellfurt'); 


DROP TABLE IF EXISTS `countries`;
CREATE TABLE `countries` (
  `id` smallint(5) unsigned NOT NULL AUTO_INCREMENT,
  `name` varchar(50) COLLATE utf8_unicode_ci DEFAULT NULL,
  `region` varchar(50) COLLATE utf8_unicode_ci DEFAULT NULL,
  UNIQUE KEY `id` (`id`),
  KEY `countries_name_idx` (`name`)
) ENGINE=InnoDB AUTO_INCREMENT=6 DEFAULT CHARSET=utf8 COLLATE=utf8_unicode_ci;

INSERT INTO `countries` VALUES 
('1','San Marino','Americas'),
('2','Korea','Americas'),
('3','Malta','Europe'),
('4','Saint Helena','Americas'),
('5','Liechtenstein','Europe'); 


DROP TABLE IF EXISTS `messages`;
CREATE TABLE `messages` (
  `from_user_id` bigint(20) unsigned NOT NULL,
  `to_user_id` bigint(20) unsigned NOT NULL,
  `body` text COLLATE utf8_unicode_ci DEFAULT NULL,
  `status` enum('sent','read') COLLATE utf8_unicode_ci DEFAULT NULL,
  `sent_at` datetime DEFAULT current_timestamp(),
  `read_at` datetime DEFAULT NULL ON UPDATE current_timestamp(),
  KEY `from_user_id` (`from_user_id`),
  KEY `to_user_id` (`to_user_id`),
  CONSTRAINT `messages_ibfk_1` FOREIGN KEY (`from_user_id`) REFERENCES `users` (`id`) ON UPDATE CASCADE,
  CONSTRAINT `messages_ibfk_2` FOREIGN KEY (`to_user_id`) REFERENCES `users` (`id`) ON UPDATE CASCADE
) ENGINE=InnoDB DEFAULT CHARSET=utf8 COLLATE=utf8_unicode_ci;

INSERT INTO `messages` VALUES 
('49','39','Eum explicabo autem odio rerum modi facilis minima nam. Saepe quia facilis et praesentium. Quod voluptates occaecati et nihil neque a nostrum. Dignissimos eum est quod dolorem. Quo necessitatibus non itaque itaque voluptate labore harum. Illum sed laborum mollitia perspiciatis exercitationem laborum. Dolorem voluptas omnis qui ipsum perspiciatis quod.','sent','1998-12-07 09:14:17','1978-09-25 01:02:29'),
('17','33','Necessitatibus reiciendis maxime quibusdam reprehenderit quia. Quo exercitationem iusto culpa qui occaecati in magnam. Et voluptates eum natus. Beatae incidunt eum sint rerum ad et impedit.','read','1980-02-03 06:15:09','1997-07-21 13:43:38'),
('14','2','Tempore doloribus est dolores sit saepe cumque et quia. Incidunt aut ab qui vel. Iure officiis dolores facere temporibus alias. Nihil quisquam accusamus hic facilis qui et dolorem voluptas. Voluptatem neque architecto odio facere.','read','1977-06-24 04:38:36','2018-02-16 00:18:01'),
('1','21','Eum placeat ab debitis minus corrupti sed. Saepe quia accusamus facere temporibus cupiditate et neque. Deserunt et dolorem saepe commodi. Rerum praesentium voluptatem illum laborum. Repellendus porro similique quisquam magni molestiae. Est exercitationem dolorem aliquam qui.','sent','1976-03-07 18:20:47','2005-11-07 04:55:53'),
('28','16','Facilis sint sint iste corrupti. Cum voluptatibus adipisci eos ut iusto ullam suscipit tempora. Et eos repellat quisquam sit et quisquam saepe expedita. Autem quis laudantium dolores velit fugiat aut.','read','2013-05-20 09:04:33','2018-03-17 11:18:48'),
('41','14','Quibusdam error magnam quod omnis veniam et. Distinctio vitae maiores dolore. Voluptas quia aut qui et neque et. Maiores aperiam et est veritatis at voluptatum eligendi ad. Consequuntur officiis reprehenderit molestias illo dolorem vel libero. Esse non placeat repellat sint rerum culpa odit. Vel officiis vel iste aut non amet.','sent','2011-04-03 22:26:10','1979-10-11 08:40:12'),
('1','9','Atque aliquid possimus aut numquam debitis modi sapiente. Enim deleniti voluptatem est mollitia dolorem sint eveniet. Consequatur eaque reiciendis officiis. Inventore quasi et ipsam aliquam earum. Autem eum est necessitatibus doloremque minima tempore non. Expedita ut qui itaque esse possimus ex.','read','2015-05-21 09:45:59','1998-12-15 17:35:56'),
('30','24','Quos veritatis et dolores et et. Labore eius ducimus vel rerum asperiores vel et. Ad dolore ut enim quos saepe sint consequatur. Alias placeat vitae quia omnis. Est quae delectus vel sit adipisci. Corrupti qui a commodi rerum qui tenetur. Delectus officia deserunt et perferendis et laboriosam sunt.','read','1989-08-31 00:55:39','1996-04-14 07:53:57'),
('12','6','Dolorum fugit non minus. Dolore velit nemo eveniet similique. Veniam aut ratione praesentium labore magni sit. Corrupti nam est quis doloribus vitae. Eaque quae recusandae ab animi. Consectetur repudiandae et reiciendis error reiciendis.','sent','1986-10-19 08:39:04','2011-02-15 20:22:28'),
('39','25','Est consequatur laboriosam voluptas sit ducimus. Adipisci quidem dolorem voluptas unde. Est deserunt ut aliquid. Consequatur adipisci et sint consequatur repellendus a. Accusamus tempora beatae voluptatum veritatis accusamus praesentium qui.','sent','2014-11-01 22:07:40','1989-10-13 00:17:15'),
('38','7','Non ut perferendis ipsam accusantium. Est odio accusamus quo tempora dolores quia facilis. Rerum optio ex fugit. Ipsam aut at dignissimos voluptas et aut impedit quisquam. Deleniti in et sapiente magni perspiciatis impedit. Officia dolorem delectus autem eaque quisquam voluptas necessitatibus iusto. Optio ipsum autem veniam sed architecto ratione.','sent','2013-08-06 18:24:21','2012-02-03 05:49:04'),
('47','24','Facere provident minima nemo vel eos natus. Enim occaecati consequatur deleniti doloremque sed. Laboriosam nostrum odit provident. Fugiat corporis adipisci exercitationem et dolorum magni consequatur et. Assumenda quia veniam ut voluptas inventore ipsa. Minus facilis perferendis esse et veniam quo. Eum itaque itaque praesentium ea sed. Porro aut vel iure nobis in aut.','read','2010-01-12 23:45:28','1995-03-31 14:56:03'),
('15','3','Et voluptatem quibusdam nostrum nisi qui. Ad neque praesentium incidunt. Sed deserunt natus at nihil labore repudiandae dolor nemo. Perferendis ipsa maxime error sit excepturi maxime provident beatae.','sent','1979-03-08 16:50:04','1992-05-02 09:19:18'),
('5','46','Voluptas quia repellat quibusdam provident possimus. Cupiditate blanditiis assumenda labore. Provident qui sequi necessitatibus quidem nihil. Excepturi excepturi et aut ut at. Impedit accusantium excepturi sed aut sed nihil blanditiis. Sit est distinctio ut corporis non consequuntur.','sent','2008-04-20 08:35:48','2006-09-10 02:57:21'),
('5','3','Officia culpa ipsa consequatur repellendus repudiandae inventore excepturi nisi. Et beatae quas consequatur enim tempora aut nulla qui. Fuga velit alias aut non. Quibusdam minus perferendis id. Qui non asperiores doloribus qui maiores. Dolorem eos ea nemo et pariatur deserunt. Voluptate et repudiandae enim.','sent','2002-04-05 14:32:31','1988-11-05 01:56:42'),
('50','28','Veniam est et dolores veniam. Ullam quod error eaque magnam consequuntur omnis. Tempora dolorem quo omnis eius. Ut nostrum aliquid aspernatur ut consectetur doloribus aut. Incidunt numquam nobis sint officia est dolor eos. Quisquam nulla numquam sunt occaecati minus harum a. Qui dolor nesciunt ea minima sint iusto.','sent','2003-12-06 18:50:34','1997-11-04 11:58:01'),
('37','7','Reprehenderit deleniti dolores id voluptas incidunt et iste et. Cumque vel provident fugit et modi qui. Optio illo officiis reiciendis odio. Non ipsum sequi nobis sint dolorum exercitationem.','sent','1973-09-02 03:56:17','2000-09-12 20:04:40'),
('49','30','Deserunt qui debitis possimus rerum facilis doloremque. Qui consequatur eligendi dolores aut. Et autem et dolores deleniti ea. Facilis qui iste delectus quisquam id non. Perspiciatis soluta ut molestiae est quia.','sent','2017-11-22 00:13:31','2005-01-10 08:12:23'),
('35','27','Dolorem voluptatem modi consequuntur doloremque sint in ducimus quo. Occaecati omnis iusto natus ut alias minus. Rerum consequatur veniam ipsa similique. Eos at a quia velit. A repellendus rerum expedita rerum quos dignissimos.','sent','1991-12-13 17:19:13','1981-08-23 02:16:40'),
('8','7','Veniam velit quis consequatur eos. Fugit et in qui fuga ducimus est. Aut qui est quam. Veniam voluptas id necessitatibus esse et ex et. Voluptatem asperiores aut quia culpa deleniti repudiandae. Sed velit dolor repellat explicabo vel dolor inventore. Sequi nisi sequi cupiditate odit reiciendis dignissimos.','sent','1996-01-24 15:43:07','2008-08-30 10:37:48'),
('2','19','Repellendus maiores consequatur hic sit. Aliquam laboriosam voluptas minima dolores eos. Nostrum deleniti rerum voluptas quia eos sint amet. Maiores rerum quos iusto et ea consequatur. Laudantium inventore unde magnam inventore.','read','2001-05-09 08:56:15','2003-10-25 16:05:30'),
('16','44','In nihil unde eveniet sit non. Voluptatem sit enim enim quia error. Est aut qui possimus quasi. Voluptatem architecto vel non qui. Incidunt sit est doloribus rerum.','read','1996-12-18 17:09:34','1981-05-30 00:50:50'),
('36','38','Quo quia enim at perferendis ut. Non libero molestiae in ut quia. Aperiam commodi esse libero quidem est quas odit. Quo quod aut et et. Molestias et dicta facilis et. Sed libero velit est et aut magni sed itaque.','sent','2009-05-28 18:40:37','1989-07-16 19:39:00'),
('48','18','Ullam laudantium voluptatem unde exercitationem voluptas. Illum amet consequatur eveniet aut similique eos. Atque accusantium voluptatibus possimus est incidunt libero. In dolorem ea qui sed. Vel qui ut dolore officia sequi sit quia. Inventore est sequi repellat cum laborum repellat omnis. Vel eius temporibus distinctio asperiores corrupti.','read','1999-12-13 19:10:37','1998-11-03 16:46:28'),
('31','5','Deserunt commodi vel autem omnis rerum. Tempore velit facere voluptate voluptate hic reprehenderit. Quis exercitationem occaecati voluptas beatae quis distinctio similique. Modi et natus quia maxime porro eum. Occaecati enim rerum aspernatur inventore animi ut impedit. Id omnis sequi architecto.','sent','1981-11-07 05:57:45','1972-05-30 11:52:54'),
('18','29','Sint ut et eos architecto nemo. Qui consequatur eaque est consequatur sunt minima. Enim quae nostrum rerum voluptatem et recusandae inventore est. Libero ex ipsa ea fuga adipisci soluta non. Exercitationem ipsa sit quo velit amet sit.','sent','1982-10-24 18:35:55','2009-10-13 03:44:06'),
('8','9','Ea autem aliquam ut dignissimos. Quis porro molestiae voluptatem sint tenetur sequi dignissimos. Voluptatem esse fuga omnis. Quo deleniti sunt et maxime. Quas quia voluptas fuga ut est asperiores.','read','2003-02-13 19:19:31','1987-05-08 03:49:42'),
('33','31','Quaerat voluptatibus ipsa rerum et. Qui laboriosam inventore repudiandae animi. Officia et qui reprehenderit et aut iure. Laudantium nihil quo minus molestias et. Eos beatae ratione eius voluptatem sapiente. Sit quasi quo neque delectus nam dolore. Placeat sit harum soluta ipsam accusamus distinctio officiis maxime.','sent','1972-03-15 18:56:58','1971-10-30 09:48:22'),
('40','43','Sunt iusto porro quos id ipsa voluptas qui quidem. Odit aut tempora officia et illo. Qui exercitationem ut suscipit voluptate. Tenetur voluptas sed qui sequi cupiditate et exercitationem. Modi similique in et vitae aperiam iure tempora.','sent','2008-07-24 00:18:34','1992-01-03 10:28:49'),
('31','37','Ipsa vel quisquam eaque rerum illo. Corrupti deleniti beatae non quis velit. Aliquid harum et ea laudantium aspernatur similique. Quia totam incidunt delectus vitae ullam et. Dicta sunt est rerum error rerum excepturi.','sent','1992-04-10 12:29:28','1986-05-11 20:04:38'),
('5','40','Delectus fugiat sequi consectetur soluta et esse. Neque ea esse eligendi quis dolorem dicta saepe. Nostrum placeat rerum ad non non eos. Consequatur sed ea qui quia fugiat et. Minus dolores inventore illum laudantium ut.','sent','1976-11-17 19:42:23','2020-08-23 04:58:28'),
('31','12','Ut quaerat quaerat porro dolor expedita recusandae ipsa. Ut eaque sit voluptatum ab. Aspernatur cum non ea dolores ut unde nisi magnam. Sed officia aut et dolorem repudiandae vel aut facilis. Dolores iusto provident veritatis unde aperiam non ea molestiae.','read','2013-10-05 11:37:22','1994-10-10 22:39:35'),
('38','27','Soluta perferendis non eos. Aut enim iure sint asperiores aut quisquam. Delectus deleniti tempora officiis exercitationem. Et deleniti distinctio laudantium ea dignissimos consequuntur aut.','sent','1974-08-11 20:09:09','1992-09-05 20:45:53'),
('13','31','Eveniet accusamus sunt dolorem. Molestias repellat itaque illum libero. Incidunt sed voluptatibus odio consectetur omnis aut quas. Ut recusandae error perspiciatis in qui recusandae. Adipisci nisi voluptas cum quibusdam. Consequatur explicabo et consectetur soluta.','sent','1992-11-14 14:00:35','2007-10-01 12:16:50'),
('11','20','Vel rerum et sed cumque consequatur qui vel. Dolores provident minus eveniet voluptatem. Quis ut expedita et incidunt. Dolore et eveniet facilis. Veniam ducimus sed possimus quia molestiae quod molestias. Enim iure nam et earum nulla laborum fuga.','read','2020-05-08 00:02:20','1982-02-15 02:34:05'),
('2','7','Et totam cupiditate voluptate eos officia incidunt iste. Natus ut voluptatem quibusdam ullam dolorum dignissimos. Ut dolores ipsa aperiam assumenda sit sed labore saepe. Eos autem et deleniti unde. Laborum eos consectetur non. Nobis sapiente ut assumenda aut in nostrum. Similique facilis maxime debitis aut a et consequatur.','read','1981-12-11 21:01:32','2012-03-12 00:34:21'),
('30','23','Quia sint maxime laboriosam voluptatibus nihil vitae. Perspiciatis vel est sit beatae quis quaerat aut. Voluptas ipsa expedita vel eos praesentium blanditiis. Deserunt aut ea quam. Optio quasi quis voluptate et voluptatem. Nihil ullam aut qui quas sed in autem aut.','read','2018-09-08 00:38:23','2002-06-08 18:30:16'),
('33','47','Vitae libero voluptatem accusantium. A quisquam voluptatem id reiciendis repellat. Laboriosam rerum tenetur ea et. Quam totam animi consequatur voluptate voluptatibus aperiam labore.','read','1975-08-02 00:21:54','1984-07-14 07:26:45'),
('11','16','Recusandae iure iste saepe. Velit pariatur culpa eveniet. Animi laborum soluta nesciunt non. Minima cupiditate pariatur ut id. Id esse tenetur soluta qui aut cupiditate. Autem neque consequatur sed veniam neque.','sent','1980-09-27 02:54:41','1992-11-14 12:40:11'),
('31','43','Accusantium vero optio tenetur sint. Est quia et eligendi aut. Incidunt est et architecto aperiam quae recusandae enim voluptas. Omnis rem eum dolores. Laudantium ducimus totam vel doloribus. Alias sit consequuntur sapiente saepe.','sent','2011-10-18 05:16:21','1990-01-01 04:31:49'),
('34','30','Distinctio ex explicabo id eos quod modi voluptatem. Perspiciatis dolores totam est nihil est. Dolor alias nam optio dolorem sapiente qui. Odit ut deleniti quia dignissimos. Accusantium aspernatur eligendi labore maxime debitis.','read','1990-09-09 04:47:31','1993-01-17 20:10:42'),
('43','6','Labore voluptas ut et iure aut. Similique labore sit occaecati qui quisquam. Quia dolores assumenda optio necessitatibus laborum consequatur explicabo eum. Quia possimus rem odit quisquam in. Rerum quis aut unde et eos error consequatur.','read','2016-05-28 19:58:21','1980-09-09 12:43:31'),
('13','40','Aliquam ea ipsum qui voluptas suscipit dolor sed quis. Maiores in omnis illo voluptate. Reiciendis suscipit doloremque voluptatibus. Nam aliquam inventore neque dolor accusamus.','read','2003-09-02 14:33:08','1978-02-24 08:57:41'),
('46','1','Nemo sapiente rerum eos pariatur accusantium ad quibusdam. Distinctio ipsa est incidunt voluptatem. Omnis aut distinctio repellat omnis modi deserunt. Et aut cumque et quae ullam libero eligendi. Nam corrupti veritatis porro eaque quas quidem ad.','read','1981-11-11 23:50:54','2005-01-16 15:24:58'),
('43','26','Minima aliquam maiores sint ut vitae labore. Eos ex est ut voluptatem alias. Provident non et vel. Eos dolorem quia ratione odit dolor sit. Eos illo et quo explicabo. Odio voluptatem fuga quisquam vitae.','read','2017-06-25 00:37:23','1990-10-16 09:09:38'),
('39','23','Corrupti et nobis iste. At id aut perferendis accusantium cum aspernatur doloremque. Sed magnam facere velit eos omnis. Dolor ullam vel sed distinctio dolores.','read','1979-11-08 09:20:05','2007-07-06 23:27:12'),
('13','8','Iure maiores nulla molestiae incidunt dolores ut eaque nemo. Blanditiis culpa odit aut. Vero minus pariatur repudiandae reprehenderit. Ullam possimus voluptates earum fuga facere facere. Omnis et rerum aliquid repellendus velit neque. Nostrum voluptas aut omnis quidem. Et sunt culpa et amet.','read','1993-06-15 16:50:22','2013-07-17 17:20:56'),
('2','26','Sit sapiente vero dolor nihil totam. Asperiores nihil at minima eum dicta. Sit officia quidem molestiae quae provident sed labore. Assumenda quibusdam qui ipsa aspernatur id. Sunt voluptas id distinctio.','sent','2017-07-11 20:47:29','1974-01-23 02:26:04'),
('28','13','Maxime omnis non molestias quia quidem. Id officia deserunt omnis et ratione est sit. Corporis inventore facilis eos velit officia odio aut. Quam voluptatum nisi non sunt. Eveniet quis doloremque dolorum et.','sent','1979-08-12 07:10:09','2013-07-08 18:27:25'),
('50','9','Dolor dolores non consectetur error adipisci vel nemo voluptatibus. Qui dignissimos dolores cum illum ipsa odit provident. Maxime quidem dolor cumque et. Doloribus iusto omnis aliquid ut occaecati fugit quidem rerum. Ut temporibus similique a ex harum asperiores. Aperiam culpa molestias et rerum. Vel dolorem omnis assumenda non mollitia id.','read','2019-06-11 16:11:33','2006-06-14 16:49:41'),
('5','33','Sint veniam et ducimus hic. Nesciunt eveniet dolorum mollitia non enim. Quam cum aut possimus. Qui maxime et nisi voluptatem. Perspiciatis in architecto earum fugiat qui. Quam quo quam veniam suscipit maxime. Aperiam amet voluptatem quod ipsa voluptas.','sent','2011-03-09 05:24:08','2017-07-08 06:06:45'),
('39','10','Iusto voluptates velit animi dolores repudiandae. Excepturi blanditiis quisquam facere beatae. Sit eveniet deleniti necessitatibus expedita quam maxime. Libero voluptatibus rem aut voluptates unde repellat qui.','read','1986-04-13 23:50:52','1976-04-23 07:43:19'),
('50','46','Illum architecto aliquam ea excepturi ipsam et. Asperiores iusto quae et et omnis necessitatibus explicabo. Itaque ea assumenda rerum veritatis. Pariatur inventore fuga aspernatur delectus quae. Neque repellendus provident tenetur rem molestias. Nostrum vitae quis possimus voluptas non ducimus et ea.','sent','2001-11-30 10:43:37','2005-12-09 09:07:56'),
('29','31','Inventore esse id harum omnis. Facilis inventore vel accusantium aliquam nam iste voluptatem. Dolores alias eos totam aut magnam dolorem magnam. Et deserunt qui sit eaque et.','read','1993-11-17 03:29:28','2004-06-13 19:23:46'),
('50','29','Possimus beatae voluptate aut dolorem. Sed natus corporis ad. Mollitia quidem repudiandae ipsa nesciunt sunt perferendis. Quis sed laudantium laborum vitae. Modi minima eligendi a autem velit nesciunt.','read','1995-02-28 20:18:27','2002-03-13 13:47:17'),
('33','5','Iusto a deleniti perferendis quo quasi dolorum earum. Id incidunt velit et soluta. Eos maxime recusandae quia repellendus est autem minus. Animi pariatur distinctio fugit unde aut. Quidem quia officia eius et aut est.','sent','2019-01-23 13:49:58','2014-03-10 15:21:55'),
('6','24','Ex aut aut accusamus dolore id quasi qui aut. Et dolores voluptatum deleniti iure ut cumque. Et odio voluptate quod dolorem ea non. Ut architecto quia sed repellendus autem. Eos velit qui enim quia nam temporibus.','read','2002-05-23 08:55:40','1987-07-26 03:02:28'),
('42','26','Rerum excepturi facilis aliquid accusamus sequi. Rerum fugiat qui et ad ea. Beatae illo occaecati omnis maiores nemo atque. Sit recusandae ipsam iste nemo est quia vitae. Sed nobis eius aut soluta itaque.','sent','1986-06-08 10:40:53','2000-04-18 05:43:47'),
('25','18','Ea sed sed assumenda cumque repudiandae. Velit recusandae voluptatem minus. Dolorem praesentium ratione perspiciatis. Nesciunt repudiandae aliquid aut architecto possimus neque itaque expedita. Iste alias delectus cumque numquam. Aperiam repellat in voluptatum consequatur consequatur eligendi vel.','sent','2005-11-05 21:25:17','2000-05-13 00:04:34'),
('30','29','Adipisci nam tempora amet quia saepe sed in. Aliquam velit voluptatem nulla occaecati. Voluptatem exercitationem temporibus dolorem aliquam voluptas nobis. Eos laudantium excepturi quia nemo cum.','sent','2002-10-18 12:31:01','1984-07-27 10:02:00'),
('25','40','Id quo ipsum qui. Eaque sapiente recusandae in earum voluptas aperiam. Cupiditate occaecati distinctio culpa voluptates corrupti odit. Vel voluptatem totam sequi dicta.','sent','2014-12-10 17:18:18','1973-12-26 17:47:39'),
('14','50','Aut quas eos suscipit asperiores cumque optio fugit veritatis. Sit in molestiae cumque dolorem ipsa autem dolore. Numquam eligendi asperiores aut voluptatum voluptatem. Quidem debitis sequi officia veniam.','sent','1979-09-07 09:42:09','1971-07-09 18:20:01'),
('8','41','Adipisci qui quidem nihil possimus quas sint consequatur. Sed magni consequuntur suscipit optio veniam eos accusantium quisquam. Illo aut officiis vitae animi cum impedit eos voluptatem. Culpa dolor dicta commodi saepe et magni vel. Est sapiente alias debitis officia adipisci architecto. Cumque eos autem nostrum in aspernatur quae harum officia. Qui numquam ut nemo magni.','read','2005-01-20 08:55:35','2017-05-17 06:25:39'),
('34','6','Aut dolores rem blanditiis ratione atque minima. Vitae occaecati maiores ad illo excepturi. Minima accusamus ut sed ut aut. Hic eaque dolor aliquam cum. Voluptatum ullam rerum libero saepe accusamus labore quo. Similique architecto tenetur aliquid corrupti est sunt cum ea.','sent','1999-05-29 15:32:56','1995-07-22 14:16:34'),
('5','31','Facilis nostrum tempore vero. Unde vel vero molestiae in veniam mollitia. Sit qui aut voluptatum non accusantium ducimus ut eveniet. Iusto cumque itaque labore in. Aut consequatur consequatur quisquam dolorem provident vero aliquid.','sent','2007-05-30 02:46:37','2014-12-20 00:42:04'),
('9','50','Beatae voluptatibus porro et sit repellendus omnis molestiae molestiae. Provident molestiae et minima itaque nihil rerum maxime. Quos optio possimus veritatis nihil eaque ipsa incidunt. Alias molestiae maxime velit ipsam. Laborum delectus voluptates error fugiat alias suscipit ut. Id et corrupti consequuntur fuga.','sent','2000-07-12 05:06:40','1981-11-20 12:30:26'),
('27','16','Commodi eius accusamus minus. Rerum minima neque ut sit. Tempora excepturi maiores similique reiciendis mollitia qui iste. Numquam nam est optio optio ut. Voluptatum explicabo eum et aut sit. Temporibus enim aut praesentium porro aliquam.','read','1971-01-21 18:53:24','1992-04-25 15:11:20'),
('43','42','Numquam eaque cum est incidunt non. Numquam fuga eos mollitia qui dolorem. Labore sed nulla ipsum mollitia enim delectus. Dolorem blanditiis quas ut alias.','read','1975-08-14 05:51:56','1973-06-16 08:16:53'),
('11','45','Sed tempore qui porro quasi consectetur. Enim aut facilis placeat voluptas minima. Non voluptatem recusandae voluptatum voluptas. Officiis qui repellat amet ipsam eveniet omnis. Aliquid porro est voluptas et quia accusamus rerum.','read','1992-12-23 19:21:15','2015-07-13 10:06:03'),
('28','21','Et molestias inventore id ut fuga. Molestiae temporibus inventore architecto ex. Asperiores maiores pariatur id non vero repellat autem. Omnis non assumenda dolorem distinctio dolorem. Ut quisquam et perspiciatis nam ea officiis delectus. Quia dolores unde aut et at. Velit est iure totam et.','sent','2006-01-04 17:35:27','1999-02-26 09:38:35'),
('2','16','Earum natus tenetur culpa consequatur qui perspiciatis. Assumenda velit et voluptatem amet reprehenderit corrupti. Minima sed ex consequatur aut. Delectus beatae molestias vel aut iste iure. Commodi iusto distinctio sunt blanditiis.','sent','1977-11-24 23:51:40','1977-04-20 19:52:12'),
('37','23','Ipsa illo soluta sequi modi placeat maiores veniam. Ad molestias nulla architecto et. Nesciunt qui voluptates deserunt aut totam recusandae voluptatem harum. Quae corrupti nisi ea. Qui odit sed tenetur nesciunt. Blanditiis ut quod ipsam voluptatem harum soluta saepe.','read','1974-01-21 13:38:38','2006-02-06 03:08:36'),
('2','17','Fugiat officiis qui aut. Qui et nisi natus et. Rem quis dolorum cupiditate delectus nisi ratione. Nemo hic modi laboriosam pariatur. Illum officiis rerum ex excepturi quisquam et iure. Ullam quia soluta numquam adipisci harum accusamus consectetur reiciendis. Nam ut omnis rem eum.','sent','1981-06-13 21:07:31','1998-02-28 22:23:58'),
('50','27','Harum consectetur quidem dicta et nam. Velit rem dolorum illo fugiat. Itaque esse dolore et nemo maxime et expedita. Quo minima earum et aut laudantium officiis. Officia modi nihil sunt nihil voluptas. Velit aut accusantium iste sapiente ipsam commodi.','sent','1996-05-17 21:33:38','1983-05-20 19:35:22'),
('9','29','Sunt ut consequatur aut est. Voluptates voluptatem in et dolores labore. Officia sit tenetur sint et et. Facilis adipisci et velit corrupti quod quia.','read','2018-10-25 12:37:10','1989-06-21 14:20:58'),
('46','10','Voluptates voluptas rerum voluptatem qui. Est ducimus dignissimos delectus voluptas. Maiores saepe corrupti unde similique velit perspiciatis et minima. Nisi sed aut eum illo. Qui autem odit laboriosam sit aut ut sed. Quam nemo nemo dolorem voluptatem harum.','read','2020-03-25 02:26:35','1976-03-04 13:47:40'),
('29','10','Eos voluptatem odit ratione molestiae et voluptatem. Voluptatem magni facere eaque consequatur pariatur nulla in nihil. Omnis quo ad maxime neque. Ipsum est tenetur optio soluta.','read','1996-05-11 16:40:11','2002-04-28 07:13:26'),
('29','42','Est aspernatur deleniti quos et. Voluptatem provident et qui praesentium non ut. Iste ex cumque cupiditate atque sequi repellendus. Omnis assumenda voluptas dolores. Quo impedit eaque et nobis qui.','read','1994-06-30 14:00:18','2013-10-28 06:54:19'),
('5','10','Vero et ullam saepe inventore exercitationem voluptatum earum. Sit sunt ullam occaecati repellendus excepturi tempore. Atque et culpa sapiente. Dolorem ut enim deleniti voluptas dolorem. Est voluptatem ducimus sit beatae aspernatur recusandae veritatis. Ab eos aut facilis blanditiis consequatur animi quidem.','read','1972-01-08 03:08:21','1989-12-30 23:38:21'),
('40','13','Molestias molestiae possimus maiores et non cumque commodi. Quia sapiente dolor commodi dolor. Ipsa voluptatem similique quos aperiam atque dolores non. Quaerat nobis nemo exercitationem itaque sunt ut. Error blanditiis magnam vel qui minima dolorem animi.','sent','1995-06-19 14:32:33','1999-05-01 01:37:03'); 


DROP TABLE IF EXISTS `newsletter_preferences`;
CREATE TABLE `newsletter_preferences` (
  `id` bigint(20) unsigned NOT NULL AUTO_INCREMENT,
  `deal_discovery` bit(1) DEFAULT NULL,
  `rewards` bit(1) DEFAULT NULL,
  `refer_a_friend` bit(1) DEFAULT NULL,
  `search_assistant` bit(1) DEFAULT NULL,
  `personal_offers_through_the_post` bit(1) DEFAULT NULL,
  `attractions_and_tours` bit(1) DEFAULT NULL,
  `extra_services_for_your_stay` bit(1) DEFAULT NULL,
  `restaurant_guides_and_offers` bit(1) DEFAULT NULL,
  `shopping_and_events` bit(1) DEFAULT NULL,
  `travel_guides` bit(1) DEFAULT NULL,
  `transport_deals_and_offers` bit(1) DEFAULT NULL,
  `emails_genius_programme` bit(1) DEFAULT NULL,
  `emails_genius_membership` bit(1) DEFAULT NULL,
  UNIQUE KEY `id` (`id`)
) ENGINE=InnoDB AUTO_INCREMENT=51 DEFAULT CHARSET=utf8 COLLATE=utf8_unicode_ci;

INSERT INTO `newsletter_preferences` VALUES 
('1',1,1,1,1,1,1,1,1,1,1,1,1,1),
('2',1,1,1,1,1,1,1,1,1,1,1,1,1),
('3',1,1,1,1,1,1,1,1,1,1,1,1,1),
('4',1,1,1,1,1,1,1,1,1,1,1,1,1),
('5',1,1,1,1,1,1,1,1,1,1,1,1,1),
('6',1,1,1,1,1,1,1,1,1,1,1,1,1),
('7',1,1,1,1,1,1,1,1,1,1,1,1,1),
('8',1,1,1,1,1,1,1,1,1,1,1,1,1),
('9',1,1,1,1,1,1,1,1,1,1,1,1,1),
('10',1,1,1,1,1,1,1,1,1,1,1,1,1),
('11',1,1,1,1,1,1,1,1,1,1,1,1,1),
('12',1,1,1,1,1,1,1,1,1,1,1,1,1),
('13',1,1,1,1,1,1,1,1,1,1,1,1,1),
('14',1,1,1,1,1,1,1,1,1,1,1,1,1),
('15',1,1,1,1,1,1,1,1,1,1,1,1,1),
('16',1,1,1,1,1,1,1,1,1,1,1,1,1),
('17',1,1,1,1,1,1,1,1,1,1,1,1,1),
('18',1,1,1,1,1,1,1,1,1,1,1,1,1),
('19',1,1,1,1,1,1,1,1,1,1,1,1,1),
('20',1,1,1,1,1,1,1,1,1,1,1,1,1),
('21',1,1,1,1,1,1,1,1,1,1,1,1,1),
('22',1,1,1,1,1,1,1,1,1,1,1,1,1),
('23',1,1,1,1,1,1,1,1,1,1,1,1,1),
('24',1,1,1,1,1,1,1,1,1,1,1,1,1),
('25',1,1,1,1,1,1,1,1,1,1,1,1,1),
('26',1,1,1,1,1,1,1,1,1,1,1,1,1),
('27',1,1,1,1,1,1,1,1,1,1,1,1,1),
('28',1,1,1,1,1,1,1,1,1,1,1,1,1),
('29',1,1,1,1,1,1,1,1,1,1,1,1,1),
('30',1,1,1,1,1,1,1,1,1,1,1,1,1),
('31',1,1,1,1,1,1,1,1,1,1,1,1,1),
('32',1,1,1,1,1,1,1,1,1,1,1,1,1),
('33',1,1,1,1,1,1,1,1,1,1,1,1,1),
('34',1,1,1,1,1,1,1,1,1,1,1,1,1),
('35',1,1,1,1,1,1,1,1,1,1,1,1,1),
('36',1,1,1,1,1,1,1,1,1,1,1,1,1),
('37',1,1,1,1,1,1,1,1,1,1,1,1,1),
('38',1,1,1,1,1,1,1,1,1,1,1,1,1),
('39',1,1,1,1,1,1,1,1,1,1,1,1,1),
('40',1,1,1,1,1,1,1,1,1,1,1,1,1),
('41',1,1,1,1,1,1,1,1,1,1,1,1,1),
('42',1,1,1,1,1,1,1,1,1,1,1,1,1),
('43',1,1,1,1,1,1,1,1,1,1,1,1,1),
('44',1,1,1,1,1,1,1,1,1,1,1,1,1),
('45',1,1,1,1,1,1,1,1,1,1,1,1,1),
('46',1,1,1,1,1,1,1,1,1,1,1,1,1),
('47',1,1,1,1,1,1,1,1,1,1,1,1,1),
('48',1,1,1,1,1,1,1,1,1,1,1,1,1),
('49',1,1,1,1,1,1,1,1,1,1,1,1,1),
('50',1,1,1,1,1,1,1,1,1,1,1,1,1); 


DROP TABLE IF EXISTS `payment_card_types`;
CREATE TABLE `payment_card_types` (
  `id` tinyint(3) unsigned NOT NULL AUTO_INCREMENT,
  `payment_card_type` varchar(20) COLLATE utf8_unicode_ci DEFAULT NULL,
  UNIQUE KEY `id` (`id`)
) ENGINE=InnoDB AUTO_INCREMENT=8 DEFAULT CHARSET=utf8 COLLATE=utf8_unicode_ci;

INSERT INTO `payment_card_types` VALUES 
('1','diners_club'),
('2','visa'),
('3','american_express'),
('4','mir'),
('5','jcb'),
('6','unionpay'),
('7','mastercard'); 


DROP TABLE IF EXISTS `properties`;
CREATE TABLE `properties` (
  `id` bigint(20) unsigned NOT NULL AUTO_INCREMENT,
  `user_id` bigint(20) unsigned NOT NULL,
  `property_name` varchar(100) COLLATE utf8_unicode_ci DEFAULT NULL,
  `property_type_id` tinyint(3) unsigned NOT NULL,
  `city_id` int(10) unsigned NOT NULL,
  `address` varchar(255) COLLATE utf8_unicode_ci DEFAULT NULL,
  `rating` float(2,1) DEFAULT NULL,
  `created_at` datetime DEFAULT current_timestamp(),
  `updated_at` datetime DEFAULT NULL ON UPDATE current_timestamp(),
  PRIMARY KEY (`id`),
  KEY `city_id` (`city_id`),
  KEY `user_id` (`user_id`),
  KEY `property_type_id` (`property_type_id`),
  KEY `property_name_idx` (`property_name`),
  CONSTRAINT `properties_ibfk_1` FOREIGN KEY (`city_id`) REFERENCES `cities` (`id`) ON UPDATE CASCADE,
  CONSTRAINT `properties_ibfk_2` FOREIGN KEY (`user_id`) REFERENCES `users` (`id`) ON UPDATE CASCADE,
  CONSTRAINT `properties_ibfk_3` FOREIGN KEY (`property_type_id`) REFERENCES `property_types` (`id`) ON UPDATE CASCADE
) ENGINE=InnoDB AUTO_INCREMENT=21 DEFAULT CHARSET=utf8 COLLATE=utf8_unicode_ci;

INSERT INTO `properties` VALUES 
('1','1','et','1','1','492 Kilback Estate Apt. 415\nPort Dino, IL 94327','8.0','1997-12-01 18:13:58','2019-03-26 21:52:05'),
('2','2','culpa','2','2','068 Toy Alley\nNew Adrainport, SC 92297','9.7','1993-03-07 12:16:42','1997-04-13 14:03:15'),
('3','3','dolor','3','3','32396 Zion Neck\nWest Ashlee, MI 98438','7.2','1974-08-09 15:59:01','1990-09-19 10:41:33'),
('4','4','quas','4','4','328 Lehner Neck Suite 742\nKaileymouth, NC 69049','8.4','1984-03-31 11:31:37','1972-04-18 05:10:31'),
('5','5','illo','5','5','284 Collier Trace\nNew Jewel, NV 74360','6.4','2005-01-18 08:24:46','2003-10-11 05:03:45'),
('6','6','recusandae','6','6','59554 Stark Well Suite 092\nEffertzland, SC 40455','7.8','1991-08-27 21:08:45','1987-06-08 20:40:18'),
('7','7','asperiores','7','7','28779 Wuckert Prairie\nLake Bessieshire, TX 75895-5645','9.6','2012-04-08 15:29:00','1972-08-06 02:58:46'),
('8','8','dolorem','1','8','859 Kunze Parkway Apt. 320\nElisestad, PA 98103','6.2','1974-12-28 02:03:12','1989-11-08 05:28:24'),
('9','9','molestias','2','9','3080 Reynolds Street Apt. 652\nNew Adeleside, VT 74592','7.3','1982-06-17 23:59:27','1981-07-04 18:15:53'),
('10','10','cupiditate','3','10','67931 Rowe Avenue Apt. 693\nAndersonside, VT 03698','6.9','2004-06-06 23:49:57','1989-04-27 06:55:21'),
('11','11','et','4','11','5878 Pamela Crest\nSouth Nathanialmouth, NM 12783-5752','8.3','1988-01-01 21:30:18','1989-12-31 18:18:52'),
('12','12','est','5','12','9929 Ratke Lake Suite 628\nPort Domingo, AZ 40345-6791','6.1','2008-04-29 21:05:29','1987-05-02 13:58:44'),
('13','13','recusandae','6','1','795 Milan Harbors Apt. 675\nPort Cleta, KY 76080','7.1','1983-12-09 07:39:20','2007-11-16 15:08:15'),
('14','14','consequuntur','7','2','101 Barney Branch\nLittelhaven, WA 82724','6.2','1982-04-20 20:34:33','1971-03-11 09:08:35'),
('15','15','voluptate','1','3','56874 Lockman Squares Apt. 770\nEast Reva, NE 75329','8.5','1980-09-18 22:46:31','1975-01-03 00:51:33'),
('16','16','consequatur','2','4','243 Jennings Park Suite 834\nPort Delmerhaven, SC 17726-4128','7.3','1997-04-24 13:30:59','1972-06-27 20:52:13'),
('17','17','sit','3','5','2674 Kilback Coves Suite 307\nNolanstad, VA 75463-8691','7.8','2011-07-29 23:31:10','2014-01-30 20:30:19'),
('18','18','iste','4','6','0548 Boyer Brooks Suite 944\nNorth Joelle, MN 15697','8.2','1978-03-07 18:01:52','1982-03-08 20:34:50'),
('19','19','quia','5','7','3947 Collier Ports Apt. 645\nGreenstad, NY 08778-8321','6.6','1992-05-31 17:14:08','1998-10-10 01:08:46'),
('20','20','aut','6','8','26602 Thompson Circles Apt. 795\nLynchshire, MN 24819','8.1','1995-12-24 05:04:53','1999-02-04 08:43:34'); 


DROP TABLE IF EXISTS `property_profiles`;
CREATE TABLE `property_profiles` (
  `property_id` bigint(20) unsigned NOT NULL AUTO_INCREMENT,
  `room_type_id` smallint(5) unsigned NOT NULL,
  `room_count` smallint(6) DEFAULT NULL,
  `property_facilities` set('parking','lift','24-hour_front_desk','pets_allowed','luggage_storage') COLLATE utf8_unicode_ci DEFAULT NULL,
  `languages_spoken` set('english','spanish','italian','dutch','french','russian') COLLATE utf8_unicode_ci DEFAULT NULL,
  `bank_cards_allowed` set('visa','mastercard','JCB','american_express','union_pay','diners_club','mir') COLLATE utf8_unicode_ci DEFAULT NULL,
  `meals` set('breakfast','lunch','dinner') COLLATE utf8_unicode_ci DEFAULT NULL,
  `created_at` datetime DEFAULT current_timestamp(),
  `updated_at` datetime DEFAULT NULL ON UPDATE current_timestamp(),
  UNIQUE KEY `property_id` (`property_id`),
  KEY `room_type_id` (`room_type_id`),
  CONSTRAINT `property_profiles_ibfk_1` FOREIGN KEY (`property_id`) REFERENCES `properties` (`id`) ON UPDATE CASCADE,
  CONSTRAINT `property_profiles_ibfk_2` FOREIGN KEY (`room_type_id`) REFERENCES `room_types` (`id`) ON UPDATE CASCADE
) ENGINE=InnoDB AUTO_INCREMENT=21 DEFAULT CHARSET=utf8 COLLATE=utf8_unicode_ci COMMENT='описание услуг и удобств объекта недвижимости';

INSERT INTO `property_profiles` VALUES 
('1','1','59',('parking,lift,24-hour_front_desk,pets_allowed,luggage_storage'),('english,spanish,italian,dutch,french,russian'),('visa,mastercard,american_express,diners_club'),('breakfast'),'1985-12-02 21:16:15','2006-06-16 21:13:12'),
('2','2','83',('parking,24-hour_front_desk,luggage_storage'),('english'),('visa,mastercard,JCB,american_express,union_pay,diners_club,mir'),('breakfast,dinner'),'1984-12-23 18:35:51','2002-08-01 23:35:15'),
('3','3','95',('24-hour_front_desk,luggage_storage'),('english,spanish,dutch'),('visa,mastercard,american_express,diners_club'),('breakfast'),'2003-05-20 18:35:50','1992-04-08 22:56:57'),
('4','4','55',('parking,lift,24-hour_front_desk,luggage_storage'),('english,spanish,dutch'),('visa,mastercard'),('breakfast,dinner'),'1999-11-13 20:24:45','1985-05-16 12:40:12'),
('5','5','42',('24-hour_front_desk,luggage_storage'),('english'),('visa,mastercard,american_express,diners_club,mir'),('breakfast'),'1991-02-11 06:38:12','1993-06-17 07:43:57'),
('6','6','23',('parking,24-hour_front_desk,luggage_storage'),('english,spanish,italian,dutch,french,russian'),('visa,mastercard,american_express,diners_club'),('breakfast'),'2015-10-25 15:59:16','2017-06-09 11:34:33'),
('7','1','29',('24-hour_front_desk,luggage_storage'),('english,spanish,dutch'),('visa,mastercard'),('breakfast,dinner'),'1978-01-11 15:50:35','1999-08-04 18:36:14'),
('8','2','42',('parking,24-hour_front_desk,luggage_storage'),('english'),('visa,mastercard,american_express,diners_club'),('breakfast'),'2020-02-18 19:56:47','1976-05-30 19:49:53'),
('9','3','35',('parking,lift,24-hour_front_desk,pets_allowed,luggage_storage'),('english'),('visa,mastercard'),('breakfast,lunch,dinner'),'1979-08-16 20:12:07','1992-09-08 20:38:30'),
('10','4','46',('24-hour_front_desk,luggage_storage'),('english,spanish,dutch'),('visa,mastercard'),('breakfast'),'1990-11-29 12:05:30','2018-06-14 22:29:08'),
('11','5','30',('parking,lift,24-hour_front_desk,luggage_storage'),('english'),('visa,mastercard'),('breakfast,dinner'),'1984-09-02 07:30:41','2009-12-23 16:00:40'),
('12','6','81',('24-hour_front_desk,luggage_storage'),('english,spanish,italian,dutch,french,russian'),('visa,mastercard,american_express,diners_club,mir'),('breakfast'),'1985-05-09 14:44:13','2005-07-12 00:30:08'),
('13','1','30',('parking,24-hour_front_desk,luggage_storage'),('english,spanish,italian,dutch,french'),('visa,mastercard,american_express,diners_club'),('breakfast'),'2019-03-03 10:23:22','2018-12-15 00:03:30'),
('14','2','71',('parking,lift,24-hour_front_desk,luggage_storage'),('english,spanish'),('visa,mastercard'),('breakfast,lunch,dinner'),'1981-05-31 08:57:24','2006-07-29 03:47:06'),
('15','3','38',('24-hour_front_desk,luggage_storage'),('english'),('visa,mastercard,american_express,diners_club'),('breakfast'),'2011-07-23 14:03:32','1991-08-10 14:16:20'),
('16','4','21',('24-hour_front_desk,luggage_storage'),('english,spanish,italian,dutch,french,russian'),('visa,mastercard'),('breakfast,dinner'),'2007-09-29 01:39:47','1981-12-10 01:44:55'),
('17','5','94',('24-hour_front_desk,luggage_storage'),('english'),('visa,mastercard,american_express,diners_club,mir'),('breakfast'),'1997-05-18 16:31:33','1985-08-26 11:57:23'),
('18','6','100',('parking,lift,24-hour_front_desk,luggage_storage'),('english,spanish'),('visa,mastercard'),('breakfast,lunch,dinner'),'2017-05-10 22:29:34','1984-02-19 00:09:18'),
('19','1','47',('24-hour_front_desk,luggage_storage'),('english,spanish'),('visa,mastercard'),('breakfast'),'1971-12-31 06:42:39','1993-07-12 13:41:34'),
('20','2','97',('24-hour_front_desk,luggage_storage'),('english,spanish,italian,dutch,french'),('visa,mastercard,american_express,diners_club,mir'),('breakfast,dinner'),'2006-02-25 00:25:15','1973-10-07 19:15:24'); 


DROP TABLE IF EXISTS `property_types`;
CREATE TABLE `property_types` (
  `id` tinyint(3) unsigned NOT NULL AUTO_INCREMENT,
  `name` varchar(50) COLLATE utf8_unicode_ci DEFAULT NULL,
  UNIQUE KEY `id` (`id`)
) ENGINE=InnoDB AUTO_INCREMENT=8 DEFAULT CHARSET=utf8 COLLATE=utf8_unicode_ci;

INSERT INTO `property_types` VALUES 
('1','villa'),
('2','homestay'),
('3','guest_house'),
('4','bed_and_breakfast'),
('5','hotel'),
('6','hostel'),
('7','apartment'); 


DROP TABLE IF EXISTS `reservation_emails`;
CREATE TABLE `reservation_emails` (
  `id` bigint(20) unsigned NOT NULL AUTO_INCREMENT,
  `upcoming_booking` bit(1) DEFAULT NULL,
  `review_invites` bit(1) DEFAULT NULL,
  `booking_confirmation_emails` bit(1) DEFAULT NULL,
  UNIQUE KEY `id` (`id`)
) ENGINE=InnoDB AUTO_INCREMENT=51 DEFAULT CHARSET=utf8 COLLATE=utf8_unicode_ci;

INSERT INTO `reservation_emails` VALUES 
('1',1,1,1),
('2',1,1,1),
('3',1,1,1),
('4',1,1,1),
('5',1,1,1),
('6',1,1,1),
('7',1,1,1),
('8',1,1,1),
('9',1,1,1),
('10',1,1,1),
('11',1,1,1),
('12',1,1,1),
('13',1,1,1),
('14',1,1,1),
('15',1,1,1),
('16',1,1,1),
('17',1,1,1),
('18',1,1,1),
('19',1,1,1),
('20',1,1,1),
('21',1,1,1),
('22',1,1,1),
('23',1,1,1),
('24',1,1,1),
('25',1,1,1),
('26',1,1,1),
('27',1,1,1),
('28',1,1,1),
('29',1,1,1),
('30',1,1,1),
('31',1,1,1),
('32',1,1,1),
('33',1,1,1),
('34',1,1,1),
('35',1,1,1),
('36',1,1,1),
('37',1,1,1),
('38',1,1,1),
('39',1,1,1),
('40',1,1,1),
('41',1,1,1),
('42',1,1,1),
('43',1,1,1),
('44',1,1,1),
('45',1,1,1),
('46',1,1,1),
('47',1,1,1),
('48',1,1,1),
('49',1,1,1),
('50',1,1,1); 


DROP TABLE IF EXISTS `reviews`;
CREATE TABLE `reviews` (
  `id` int(10) unsigned NOT NULL AUTO_INCREMENT,
  `property_id` bigint(20) unsigned NOT NULL,
  `user_id` bigint(20) unsigned NOT NULL,
  `rating` smallint(6) DEFAULT NULL,
  `review_heading` varchar(50) COLLATE utf8_unicode_ci DEFAULT NULL,
  `whats_like` varchar(255) COLLATE utf8_unicode_ci DEFAULT NULL,
  `whats_dislike` varchar(255) COLLATE utf8_unicode_ci DEFAULT NULL,
  `created_at` datetime DEFAULT current_timestamp(),
  `updated_at` datetime DEFAULT NULL ON UPDATE current_timestamp(),
  UNIQUE KEY `id` (`id`),
  KEY `reviews_ibfk_1` (`user_id`),
  KEY `reviews_ibfk_2` (`property_id`),
  CONSTRAINT `reviews_ibfk_1` FOREIGN KEY (`user_id`) REFERENCES `users` (`id`) ON UPDATE CASCADE,
  CONSTRAINT `reviews_ibfk_2` FOREIGN KEY (`property_id`) REFERENCES `properties` (`id`) ON UPDATE CASCADE
) ENGINE=InnoDB AUTO_INCREMENT=101 DEFAULT CHARSET=utf8 COLLATE=utf8_unicode_ci;

INSERT INTO `reviews` VALUES 
('1','1','1','5','Et odio quis quasi in.','Dolores magni suscipit non repellendus. Labore optio non saepe dolores. Et nemo ipsum vitae minus.\nItaque ut dolores hic omnis culpa sit. Aliquam ut voluptas voluptatibus quia.','Adipisci ut sed praesentium nihil facere assumenda. Et quaerat hic ut aut quae exercitationem eius. Consequatur ut consequatur iusto sed.','1995-06-07 22:28:17','1988-03-29 02:48:17'),
('2','2','2','8','Maxime recusandae qui odit.','Itaque debitis incidunt esse soluta et. Sint accusamus est minus et. Dolores deserunt unde necessitatibus in qui tempora sit.','Adipisci cupiditate accusantium sit nihil distinctio et. Quis possimus culpa illum dolorem. Ut facere laudantium impedit explicabo recusandae. Qui qui eos qui nulla autem sunt.','1982-04-11 18:39:35','2018-05-18 07:28:29'),
('3','3','3','5','Excepturi animi ea sapiente quam debitis.','Earum eum corrupti repellendus non. Voluptate soluta est ut sint impedit. Harum voluptatum praesentium quia.','Animi ut amet aut saepe accusamus. Et laboriosam vero explicabo est totam ab non distinctio. Rem et consequatur voluptatem voluptas quia quas explicabo.','2008-06-07 19:45:04','2011-07-07 11:51:36'),
('4','4','4','9','Et id voluptates temporibus animi et.','Impedit et ullam dolorum a. Cumque et quod explicabo nostrum officiis quos qui. Molestiae quibusdam qui ut et odio sunt.','Blanditiis est quis nulla aspernatur quia ut. Quibusdam ut nostrum voluptas natus velit vitae inventore nobis. Nihil in voluptas aut aliquam. Nobis esse iure fuga et qui qui ullam.','1988-07-18 22:48:34','2007-07-14 14:26:59'),
('5','5','5','8','Nihil aliquam corrupti rerum veniam sit autem.','Maxime nisi aut et. Ut eligendi ipsa quaerat tenetur distinctio. Delectus eos aliquam provident fugit nam perferendis.','Porro tempore qui sequi expedita quis. Reiciendis aut doloribus eaque maxime rerum. Sint voluptates modi saepe omnis est ullam. Iusto et provident laborum cumque est rerum.','2010-09-29 07:41:32','2003-03-20 21:18:01'),
('6','6','6','7','Eveniet mollitia excepturi expedita modi.','Ipsam sapiente maxime eos inventore voluptatem. Dolore blanditiis est repellendus sunt autem nostrum ea. Et vel nemo quod itaque.','Assumenda hic error occaecati dolores et nobis possimus sunt. Qui omnis fugit ut excepturi. Qui soluta quidem corporis rem.','1973-01-18 14:35:57','2006-09-16 02:26:32'),
('7','7','7','8','Perspiciatis animi incidunt vero.','Perferendis dolorem numquam vero possimus est. Omnis similique praesentium voluptatibus voluptate. Sed ipsum quidem ut facere ut sed nihil. Quia quibusdam dolor sunt est excepturi enim ut.','Id et id rem ullam sequi numquam. Nam eaque beatae aut dolorem et. Non corporis consequatur aut non corrupti incidunt ea.','1975-12-24 10:53:20','1972-06-26 21:11:41'),
('8','8','8','5','Aut cupiditate molestiae quod.','Est esse deleniti omnis. Sed earum voluptatum quo eligendi quaerat. Et ut vel a quia beatae. Quo est velit deserunt et quo quia esse.','Nisi libero fugiat aut et. Beatae illum sapiente necessitatibus aut et. Ea distinctio iste quis reprehenderit alias. Rerum molestiae accusantium sint culpa sed quia odio.','2006-03-11 12:45:35','1991-08-06 06:33:28'),
('9','9','9','5','Dolores ut rem qui.','Corporis vel voluptatum voluptatem aut est recusandae fuga. Qui corrupti aut molestiae ut. Porro nihil quos vel adipisci odio sunt sit. Neque esse similique accusantium dolores similique iure.','Fuga dolor dolores ut consequatur eos et. Impedit saepe nobis est pariatur. Assumenda quia iusto nostrum quaerat sed.','1976-10-09 18:39:14','1992-06-09 09:25:53'),
('10','10','10','6','Non excepturi quia facere suscipit.','Quia possimus doloremque mollitia alias iste. Animi voluptas harum blanditiis laudantium. Voluptas doloribus et tempore ratione.','Aut libero voluptatum eos non. Et neque laboriosam occaecati commodi. Magni sit consequatur molestiae doloremque perspiciatis ratione eos. Corporis ea adipisci voluptatem quia et aut.','1970-11-04 07:29:58','1975-01-18 08:47:35'),
('11','11','11','10','Esse incidunt sit possimus libero harum facere.','Aut sit ipsum ut perferendis. Sunt quia sit saepe. Nobis quisquam ipsam reiciendis praesentium ut. Suscipit qui et voluptates. Nulla recusandae itaque rerum earum.','Modi qui debitis commodi nulla. Consequatur laboriosam aspernatur explicabo. Nisi et vel fugit unde sunt. Aliquam sit aspernatur error sed eum nostrum est.','2009-02-25 18:52:00','1997-09-12 22:35:43'),
('12','12','12','5','Dignissimos voluptate magnam ipsam quis ea sit.','Quis omnis aperiam beatae. Voluptatibus incidunt qui nam fugit veritatis. Voluptatum consectetur et et nam. Et hic alias alias.','Dolores dolor dolorem aut eos magnam velit aut. Nulla et harum minima voluptas ab.','1978-12-24 19:25:39','1975-04-24 02:19:30'),
('13','13','13','9','Vero nihil atque earum iusto saepe.','Id dolorum blanditiis odit occaecati fugiat voluptatem iure. Repellendus sint rerum velit enim. Facere hic id consequuntur veritatis quasi nostrum quis. Quia exercitationem minima velit est eligendi.','Modi earum at reprehenderit quasi. Aut rerum sed odit ipsum blanditiis. Nesciunt perspiciatis mollitia earum odit neque. Aperiam ipsam qui quos eum cumque.','1973-10-17 16:33:17','1973-12-28 08:11:01'),
('14','14','14','7','Et veritatis atque consequuntur eius ipsam eum.','Nemo accusamus quae deleniti autem. Quisquam vero neque quis at commodi harum veniam. Distinctio recusandae in ea delectus architecto commodi in optio. Provident accusamus qui consequuntur explicabo.','Sapiente eaque harum temporibus eos sit. Natus labore culpa ullam vitae.\nEum odio aliquam assumenda unde ut aliquid id consequatur. Eveniet debitis rem dolorem recusandae consequatur rerum qui.','1991-12-18 12:16:36','1997-07-19 05:15:44'),
('15','15','15','8','Debitis autem itaque perferendis.','Sed eum ipsa voluptas aut. Vel nihil est unde eveniet vero. Veritatis deserunt quia quis. Consectetur minus saepe assumenda sequi error et qui.','Quis error aut tempore in possimus et sed. Placeat mollitia cupiditate necessitatibus est corporis voluptas quae est.\nEnim voluptatem possimus harum cupiditate. Quod doloribus quia ut recusandae.','2002-10-07 23:41:05','1997-05-26 17:41:52'),
('16','16','16','10','Et adipisci minus nobis.','Provident ut unde quidem velit id aut quaerat. Repellat omnis aliquam similique deleniti odio ea iusto dolorem. Fugit iure praesentium qui qui repellat aut.','Fugit dolores rerum adipisci illo similique sunt. Consequuntur dignissimos vel non dolor iste dicta. Aut et inventore voluptatem. Incidunt aut odio voluptatem dolorem sunt sunt.','1970-06-10 05:26:50','2004-12-10 01:27:07'),
('17','17','17','6','Numquam veniam ab magni magnam fugit.','Nostrum debitis quasi eligendi atque. Cupiditate numquam quisquam et ut sed quia ut. Hic inventore dolores dignissimos asperiores.','Nisi dignissimos incidunt ut cum delectus voluptates. Aperiam ut illo vero veniam expedita qui. Vel earum saepe facilis asperiores alias. Aperiam dolor nobis deleniti.','2006-09-04 00:42:29','1990-02-12 18:56:52'),
('18','18','18','5','Quos ab occaecati nostrum.','Minus repellendus maxime dolore corrupti nostrum accusantium tempora. Minima voluptas aut nobis voluptate. Ut est nisi qui vel est eveniet. Soluta rem nobis nemo quaerat.','Ullam nulla incidunt provident quod expedita exercitationem aut. Blanditiis iste perferendis nulla hic. Distinctio distinctio saepe praesentium architecto cupiditate.','2019-01-05 19:00:28','1991-10-07 00:30:34'),
('19','19','19','7','Et fugit reprehenderit quis.','Optio perferendis facilis maiores numquam. Non laboriosam repellat harum consequatur ipsa facilis. Quasi aut quaerat repellendus eos ex.','Exercitationem perferendis inventore nulla esse nobis quibusdam ea. Blanditiis sunt id autem neque eaque enim excepturi. Repudiandae porro labore ut rerum.','2003-03-31 18:41:38','2009-12-21 18:03:48'),
('20','20','20','9','Voluptatem cumque quos ab nihil placeat.','Minus itaque voluptatem velit vel debitis. Dicta occaecati qui explicabo. Quia quibusdam at dolores quos autem. Quidem est voluptatum aut sed sed.','Praesentium alias sed atque qui. Ut dolorem sed architecto odio recusandae ad consequatur. Adipisci rerum natus ullam dolore.','2009-01-10 01:53:25','2000-10-15 01:24:10'),
('21','1','21','10','At explicabo natus consequuntur possimus corrupti.','Adipisci cumque autem eum quo officia. Quo excepturi aut fuga esse et iste laboriosam qui. Et qui non aut dolores ex.','Nemo cupiditate aut dicta quidem aut expedita. Voluptas ducimus voluptates harum. Aut alias maiores ut totam minus doloribus. Totam rerum et reiciendis quis explicabo quaerat commodi.','1970-02-23 17:00:29','1988-06-29 13:14:18'),
('22','2','22','7','Est quam officiis et ad fuga.','Quia dignissimos sunt repellendus aut modi nobis. Natus alias temporibus ut et quia. Nobis natus impedit corrupti placeat magnam ea.','Magnam laudantium eos deleniti dolorem praesentium error eum sequi. Beatae provident aspernatur ea et quia ratione. Nam et repellendus ea nemo.','2014-04-14 20:26:38','2017-05-19 22:00:03'),
('23','3','23','9','Quis dolore ipsa nobis quaerat sit dolorem.','Numquam soluta neque ab et saepe sed. Vero omnis minus vel. Aperiam unde labore commodi aut soluta officia.','Ut rerum blanditiis eum assumenda. Iusto eos est quia modi totam iure. Et tenetur quo assumenda.','1980-10-01 12:37:23','1982-04-02 12:41:53'),
('24','4','24','5','Sed quia et at.','Temporibus accusamus qui et eos consectetur. Et veniam officiis quia vero odio. Optio dolorem vitae blanditiis dolorem.','Possimus iste quas eum dolorem. Possimus id est cumque dolorum hic. Earum aperiam magni at excepturi.\nOmnis ipsa omnis sed nemo est. Et dignissimos omnis iusto sint excepturi.','1982-05-09 13:40:57','2008-09-07 13:01:39'),
('25','5','25','10','Aut voluptatum ab et.','Culpa et explicabo velit culpa omnis eaque autem dolores. Ut at est id provident quasi totam velit. Sed ipsa libero dolore repellat rem.','Quo maiores perferendis optio nisi. Laudantium maiores repudiandae et dolores est eaque. In et facere placeat consequatur similique cum.','1991-10-29 22:15:11','1982-09-28 16:25:32'),
('26','6','26','7','Occaecati nostrum illo excepturi.','Non alias aut rerum in. Explicabo sint non nisi esse ipsa iusto. Cupiditate nobis molestias blanditiis tempore consectetur molestiae et temporibus.','Nulla aliquam vel et aut ut excepturi qui. Rerum reiciendis nihil saepe natus sapiente.','1972-12-29 21:49:16','2003-11-28 21:30:34'),
('27','7','27','8','Nihil temporibus fugit nemo.','Soluta ut et blanditiis distinctio dolorum impedit. Quasi rem veniam odio rem qui error. Et rem quibusdam voluptas quia et eaque et. Sapiente ex aut consectetur minus neque ut.','Commodi veniam magni voluptas sed non sed vel. Maiores labore et officiis alias illum fugit. Sed sed temporibus eum voluptatem reiciendis dicta magni. Pariatur nihil ut quibusdam molestias sint.','2002-06-12 07:28:45','2001-09-25 06:02:15'),
('28','8','28','10','Sunt deleniti eius ut ut.','At commodi facere ipsa harum et. Expedita et aut ut et omnis consequatur.','Dolor in eveniet tenetur qui. Magni qui explicabo qui repudiandae. Non eos porro qui eos et dolorum.','2006-10-22 07:59:38','2019-12-01 06:31:23'),
('29','9','29','10','Molestiae tempore veritatis dolorem aut.','Id ipsam quaerat eaque reiciendis deleniti quos. Delectus fugit qui est ea officiis. Iure quia voluptates sed et officiis rerum.','Asperiores sit ducimus ut maiores tempore. Fugit nemo omnis rem.','2002-08-05 23:54:15','1988-10-03 04:27:23'),
('30','10','30','8','Ratione placeat natus dicta deserunt magnam vel.','Aut consectetur reiciendis nam sit. Aut ducimus accusamus molestiae. Error consequatur est sint reprehenderit tempora molestiae est. Omnis ullam vel illo tempore libero.','Magni qui ut magnam delectus earum perferendis quidem. In eaque aut eaque. Assumenda modi velit voluptatem.','2020-07-19 09:32:45','1991-05-10 17:56:19'),
('31','11','31','7','Ex unde voluptatem distinctio.','Saepe aut aspernatur id dolorem fuga quas cum. Quibusdam eveniet eos tempora vel. Ipsa sit quia atque atque ipsa. Quisquam dolores corrupti consequuntur dolorem dolorum.','Fugit recusandae eligendi et est impedit. Tempora est hic eum vero. Aliquam aliquid consequatur libero deserunt voluptatem a et amet.','1983-04-27 00:03:55','1981-02-19 21:14:44'),
('32','12','32','10','Dolor repudiandae a impedit.','Nesciunt alias autem assumenda sint quasi reiciendis. Commodi quis a hic voluptas asperiores aliquid dolorum. Dignissimos exercitationem tempora deleniti.','Et cum et mollitia explicabo. Fugiat tempora quo eum veniam et necessitatibus porro. Qui optio sed sint eos nam. Atque tenetur excepturi cumque explicabo.','1978-07-10 21:20:28','2017-11-23 09:28:44'),
('33','13','33','8','Ipsum et non nisi.','Quasi quos autem esse soluta necessitatibus quia. Sapiente saepe dolorem suscipit velit itaque quae. Ipsam quia possimus qui. At labore soluta voluptates omnis ab fugiat ut consectetur.','Repellendus sint in occaecati. Vero veniam ut voluptas voluptas non.\nEa asperiores aperiam vero facere. Voluptas maiores et repudiandae soluta. Sed at neque eligendi.','1984-01-12 12:19:20','1993-04-20 19:12:06'),
('34','14','34','5','Distinctio alias consequatur nihil perferendis.','Quae quidem officia placeat ea nulla. Cumque ut dolorem doloremque minus voluptas iusto. Repellat facere voluptatum soluta enim debitis cupiditate iste odit. Exercitationem quam ut hic deleniti.','Facere ea ullam aperiam mollitia sit aut. Repellat laudantium et ipsa doloribus consectetur aut. Eos et eos beatae ea.','2006-04-04 20:00:13','1970-07-06 13:37:15'),
('35','15','35','7','Ea nobis quia aut dolor quis consectetur.','Nostrum repellat quo placeat in et. Laboriosam aut quia a sed maiores laudantium quasi. Iusto eveniet voluptatem eos. Sed inventore ut qui sint voluptas sint.','Accusamus modi voluptates esse repellendus. Ipsum ea animi sapiente.','1996-05-26 13:11:48','1990-06-02 11:02:30'),
('36','16','36','10','Est aut aliquid cumque eius.','Porro laborum tempora eius laborum et vel illo. Est provident reiciendis quia enim accusantium enim consequuntur. Occaecati qui alias sapiente veniam.','Eligendi sequi et necessitatibus dolor. Sequi est ipsa tempore dolore sit aut beatae. Similique et dolor libero qui et voluptates.','1988-12-29 15:24:59','2003-08-16 04:25:41'),
('37','17','37','6','Natus dolor quos officiis.','Iusto repudiandae et dolorum voluptas omnis sed cum. Rerum voluptatem explicabo et itaque et minima ipsa. Nihil doloribus mollitia aut officiis ut. Sint ipsum ut quod est ipsum a aut.','Illum blanditiis vero eius fugit doloribus. Quas perspiciatis qui illo quidem. Aperiam ut deserunt suscipit adipisci.','1999-10-26 04:11:58','2006-02-27 18:42:08'),
('38','18','38','9','Perspiciatis et et fugiat voluptate et ex.','Officia porro natus earum molestiae provident nemo illo. Placeat earum eum pariatur quisquam. Voluptatum incidunt eos reprehenderit quod libero. Consequuntur nihil sit consequatur qui nulla laborum.','Dolore quod perspiciatis ea aut in similique sit. Dolore omnis ut deserunt quo. Ratione ea quibusdam eligendi quia. Illum dolorem non sit et dolor est.','2012-12-29 02:47:17','1984-09-04 17:17:43'),
('39','19','39','10','Voluptatem sed rerum cumque doloremque aut.','Tempore aut et ipsam fugit non iure. Fugiat molestias voluptatem doloremque quaerat aliquam non. Facere iusto aut quibusdam eligendi placeat cumque porro.','Voluptas necessitatibus minus ut dicta quis. Tenetur delectus repellat iusto.','1996-06-13 08:05:02','1985-06-29 17:53:59'),
('40','20','40','7','Tempore magni et distinctio a possimus.','Voluptatibus porro non vitae blanditiis. Recusandae et aliquid ex possimus necessitatibus. Commodi earum autem voluptatem quo repellat. Repellat ab vitae voluptatum voluptate officiis excepturi.','Et eius voluptatum et fuga sapiente voluptas omnis. Et omnis cumque dolor. Quia accusantium nulla quis et voluptatem praesentium laboriosam voluptas. Adipisci illum dolorem placeat est quo quidem.','1972-02-16 08:17:29','1985-10-10 19:48:53'),
('41','1','41','5','Cumque et dolore molestiae natus laudantium.','Natus ex est alias sed ex vel. Rem repellendus tempora vitae animi laborum blanditiis et. Velit est autem eum. Nihil sint facilis adipisci dicta eaque fuga.','Optio molestias sapiente quia quod debitis enim. Sint aperiam veniam magni illo at ut neque. Error a voluptate laudantium sint qui. Perspiciatis rem neque perspiciatis nesciunt nobis.','2001-04-27 20:19:31','2004-06-24 07:48:30'),
('42','2','42','9','Et veritatis et assumenda officia dolores.','At non ut incidunt ut illo omnis. Qui quaerat nesciunt necessitatibus voluptatem. Quae odit quis maiores facilis vero sit temporibus quae.','A aut quo omnis tempore aut voluptatem. Ut dolorem perspiciatis omnis ducimus. Hic exercitationem voluptas asperiores et id.','1977-11-20 06:10:58','1992-09-08 00:41:37'),
('43','3','43','5','Quis eveniet sapiente consequatur autem.','Id est quia minus possimus alias blanditiis qui nam. Amet iusto similique sit et architecto rerum ratione. Est natus nobis delectus est.','Qui inventore aut expedita sequi ducimus. Ea et alias voluptatem nihil sit illo officiis. Sequi fugit nisi est laboriosam quia sint.','1994-09-16 16:43:57','2009-07-22 21:53:13'),
('44','4','44','5','Fugit explicabo consequatur et pariatur.','Rerum et voluptatem sed est iusto debitis. Similique qui ducimus qui laboriosam esse nesciunt perferendis adipisci. Sequi in tempore ut. Sit omnis repudiandae sed.','Quam ex rerum sit officia cumque. Eligendi ut animi aliquam aliquam neque voluptas omnis. Modi omnis non esse sit voluptas sit.','2013-10-21 18:20:13','2019-02-16 00:50:34'),
('45','5','45','9','Voluptas ut fugiat deserunt quis.','Commodi aut doloribus qui provident ad. Enim temporibus ducimus ea. Voluptas nostrum quia laudantium dolore consectetur.','Praesentium similique quaerat voluptate dolor sed similique. Modi pariatur in ut non. Temporibus explicabo nihil culpa aut voluptas cumque.','2014-07-07 10:29:40','2004-11-25 16:52:26'),
('46','6','46','9','Deserunt perferendis minus deleniti ea est.','Fugit sint excepturi iusto aut est illo. Velit maxime deleniti ipsa ab. Voluptate quidem facilis distinctio enim corporis ea.','Itaque et assumenda porro doloribus. Voluptatem hic est aut similique minus aut ut. Debitis autem doloremque quia pariatur ut aut eum.','1989-10-10 01:44:59','2015-04-20 11:35:13'),
('47','7','47','8','Ipsum voluptatem qui consequuntur molestias itaque','Ipsum molestiae quia incidunt animi voluptatem. Nihil voluptatem aut officiis et sequi. Nostrum voluptas qui non pariatur non repellat eum eum. Libero ut similique nam molestiae voluptas.','Molestias ipsum est porro magnam officia tempora. Sint at minima qui. Qui nihil sapiente sit consequatur qui minus laboriosam placeat.','1996-01-20 13:29:40','2006-07-18 19:20:59'),
('48','8','48','7','Vero autem eos laboriosam ut.','Et reprehenderit corporis quis ipsam omnis. Autem ipsa tempora pariatur sed. Sunt dignissimos tempore pariatur nihil.','Reprehenderit facilis architecto sint assumenda. Quibusdam voluptas consectetur numquam molestiae rerum rerum dolores.','2014-04-21 22:33:34','2005-12-31 12:19:12'),
('49','9','49','6','Harum minus numquam expedita.','Inventore dolorem consequatur in suscipit eius. Voluptates quos suscipit ea debitis est eos. Ex qui commodi ut quaerat voluptatem. Ad quia iusto est nobis modi provident enim aspernatur.','Est quis ducimus magni rem voluptatem consectetur earum maiores. Repudiandae id sequi itaque. Itaque consequuntur cum quibusdam ullam. Esse hic voluptatum omnis ullam omnis quis velit.','2011-12-20 00:45:01','2001-09-13 20:32:22'),
('50','10','50','10','Optio quae distinctio nostrum ipsam quisquam.','Tempora impedit cupiditate aut qui. Et est incidunt tenetur voluptatem ipsam non. Voluptatem sint occaecati blanditiis ut quia sequi sed. Maxime sed molestiae eum rerum minima et rerum.','Vel id dolor recusandae. Quas ea dolor earum excepturi eveniet saepe et. Cupiditate repudiandae ut facere est ipsum ratione.','1986-10-15 06:46:30','1993-09-03 13:42:01'),
('51','11','1','7','In harum deleniti consequuntur.','Praesentium saepe in rerum enim animi et eum. Delectus provident odio dolor eos. Commodi magni dignissimos voluptate laudantium.','Quo aut animi quisquam ut. Et amet eum quisquam tempora. Veniam vero atque aut ea nostrum. Autem quibusdam id qui.','1989-10-11 15:34:39','1971-05-13 04:47:21'),
('52','12','2','7','Sed vel suscipit necessitatibus quis debitis ut.','Veritatis hic doloremque dolores accusamus ducimus iusto. Autem non ut est nulla molestias eos. Magnam aut cum quod iusto a qui repellat.','Numquam repudiandae quae nobis quia qui. Fugit dolorum sunt et dolorem fugiat dolores quaerat. Blanditiis rem quia nesciunt laborum. Est ut et tempora quas nobis et numquam.','1988-03-26 15:07:02','2013-09-06 19:36:50'),
('53','13','3','8','Cumque dolores non nam eum rerum.','Voluptas sit velit maxime occaecati ullam omnis consequuntur. Dolorem rerum perspiciatis quibusdam aut id iusto sequi. Fuga labore quae in rerum quis voluptates.','Aperiam eius doloremque dolores dolorem dolorem explicabo saepe sint. Maiores architecto sed in aspernatur velit in facere. Aut occaecati est molestias voluptatem totam et.','2005-04-16 07:37:45','1970-08-17 11:26:29'),
('54','14','4','6','Beatae quisquam saepe blanditiis dignissimos exerc','Provident atque sed iste rerum at. Enim nostrum cum accusamus nulla. Blanditiis adipisci soluta eligendi ut. Aspernatur reprehenderit molestiae sed ab libero officia.','Nisi qui accusamus sed voluptatum. Aliquid vel ab id. Doloremque ut perferendis voluptatem inventore voluptatibus.','1997-05-01 10:42:27','1989-09-07 14:25:23'),
('55','15','5','8','Vero reiciendis excepturi delectus natus est.','Voluptatem delectus nobis unde et. Consequatur minima reiciendis ut nulla. Quas est aut quaerat rerum sit est aut. Enim iure non enim rerum tempore id.','Quae sint sit magni possimus accusamus. Asperiores cumque et aliquid. Aliquam et quia ut omnis. Voluptatem nam facilis blanditiis est necessitatibus.','1971-06-25 15:32:37','1992-10-27 19:28:48'),
('56','16','6','9','Et laborum odit impedit repudiandae voluptas.','Ut consectetur eos consequatur voluptatem. Consequatur corrupti laborum magnam rerum maxime. Voluptatum fuga autem optio vitae. Officia explicabo optio voluptas dolor.','Consequatur dicta eveniet sit voluptatibus. Nam eaque facere aliquid consequatur. Molestiae beatae minus velit. Vero id molestiae consectetur aliquid ratione et et non.','1979-08-02 14:51:47','2016-03-22 01:40:31'),
('57','17','7','9','Quaerat reprehenderit ex laboriosam harum aut.','Et optio possimus non rerum accusantium sint. Cupiditate ad voluptas doloremque et. Dicta ut est et voluptates.','Suscipit sint et exercitationem asperiores. Culpa qui quo eos est. Laudantium ratione minus est molestiae et excepturi sed. Hic et error inventore rerum et.','1971-09-07 10:34:54','1972-10-10 16:55:40'),
('58','18','8','10','Mollitia nulla eos in ut.','Ut omnis id placeat et eos ut unde. Eaque quibusdam doloremque rerum voluptatum eveniet ipsum dolores. Aut quia voluptate sint optio unde.','Est omnis tempora molestiae quia quia unde. Quae sequi ut voluptates amet. Saepe quae sunt quidem corrupti sed id dolorum.','2019-08-03 16:29:14','1990-04-08 21:26:15'),
('59','19','9','7','Quisquam veniam et aut in recusandae.','Illo nisi exercitationem commodi eius. Quia enim necessitatibus sit officia porro iste dolores. Soluta optio voluptas consectetur eveniet temporibus libero.','Omnis repellendus sit eos ab voluptate molestias. Perferendis et nulla sit asperiores nisi. Esse commodi delectus dolores voluptate consequatur numquam atque. Dolorum voluptas quia amet quas eius.','2002-11-04 14:12:29','1981-07-18 16:39:24'),
('60','20','10','7','Quia ab voluptas ut.','Beatae ipsa illo harum et in reprehenderit tempora. Aliquam sunt aut veniam expedita cumque voluptates. Eum sed quis ut explicabo veritatis exercitationem vel.','Laborum maiores ducimus cupiditate nostrum recusandae placeat ut ullam. Assumenda quidem dignissimos iste sed. Ullam et non doloribus qui dolorem autem. Non placeat velit est rerum facilis quam quae.','1974-12-21 03:09:17','1984-09-29 02:30:04'),
('61','1','11','9','Id autem facere at qui quia.','Quae magnam excepturi omnis quasi voluptas. Laboriosam quaerat qui iusto labore quo consequatur. Sed hic repudiandae repellat ut. Ullam laboriosam qui voluptatem corrupti eveniet molestias quo.','In doloribus quia sequi quo voluptas. Dolores quis ratione consequatur aspernatur qui. Id eos molestiae voluptatem aut aut.','1978-11-12 00:58:55','1984-12-30 00:44:42'),
('62','2','12','10','Dolorem ex sint quaerat.','Fugit illo error veritatis et eum illo doloremque. Odit explicabo et autem adipisci omnis odio cum. Commodi et quos quam iure facere itaque amet.','Non sed dicta dolores labore aut omnis est ut. Repellendus dolorum minima esse ea molestiae distinctio. Aut deserunt vitae omnis et eius praesentium magni accusantium.','2008-07-06 23:10:45','2000-01-13 23:57:35'),
('63','3','13','5','Accusantium aperiam iure ipsam.','Molestiae et qui velit nihil mollitia. Vero explicabo nihil optio nostrum.','Aspernatur est laborum exercitationem dolorem ducimus repellat tempore in. Quibusdam ea quas qui facere. Id rerum qui ut maiores aut totam praesentium doloribus. Minus omnis error magnam sit id.','1973-05-29 19:22:17','1977-07-12 04:17:18'),
('64','4','14','9','Consequatur voluptas non asperiores quis sed.','Ut sint eos iure eligendi distinctio incidunt asperiores ad. Esse esse qui earum tenetur laudantium odit. Corrupti eum vero in odio ipsa a. Et ea sunt facilis quo fugit dolor esse sunt.','Fuga deserunt error dolorum fugit aut cupiditate et. Aut animi quisquam tempore et. Dolore modi tempora molestiae excepturi qui rerum. Soluta quia velit et quo consequatur.','2009-08-16 01:57:52','2009-01-28 11:30:42'),
('65','5','15','6','Distinctio a veritatis laborum impedit numquam quo','Quisquam asperiores est totam assumenda sit. Non mollitia sit alias eos ex fuga. Aspernatur cum sint cumque quas.','Et qui aliquam cumque et. At facere sit voluptas quam rerum nobis. Ipsa quibusdam repudiandae alias modi. Aut blanditiis distinctio facere velit quos ipsum.','1985-11-11 03:54:28','1994-09-05 02:04:26'),
('66','6','16','7','Ipsam aut corrupti eum ex.','Sed et harum ut et. Blanditiis enim minus et numquam. Voluptas ad quas qui ut velit doloribus. Atque fugiat perferendis modi maiores.','Illum iure hic id et. Voluptatibus aliquid odit earum veniam facilis eius et. Laboriosam fugiat et laboriosam sint sed iure soluta et. Maxime dolorem consequuntur maxime facere.','2018-10-05 19:52:46','1988-10-03 17:58:20'),
('67','7','17','5','Necessitatibus nostrum ut id molestiae quasi exerc','Et quisquam eum neque voluptatem facere. Ut atque quod eum aperiam facilis. Atque porro laudantium voluptas.','Quod dolores aperiam reprehenderit dicta ipsam. Et voluptatibus et laboriosam cupiditate. Dolorem quia velit ab doloremque inventore ut sit ut. Dicta placeat sunt sint hic.','2005-12-11 20:17:43','2014-06-26 19:32:34'),
('68','8','18','8','Perspiciatis blanditiis voluptatem facilis enim po','Maiores voluptatem doloremque beatae itaque provident consequuntur. Quia porro explicabo ullam velit neque facere. Iure nisi eius sequi culpa. Sint sed architecto qui ad inventore.','Cupiditate consectetur nesciunt est suscipit quidem magni. Ipsam dolores facere quibusdam consequuntur laborum non. Quas accusantium sed eveniet eius autem. Nesciunt repellat quia est autem.','2015-03-28 22:02:30','1982-04-21 22:49:52'),
('69','9','19','7','In vel libero accusamus.','Consequatur veritatis hic quis vero voluptatibus voluptatibus maxime. Perspiciatis quae aut et dolorem. Voluptatum autem animi nostrum quidem voluptates et.','Iusto magni consequatur voluptatem molestiae. Enim dignissimos veritatis autem tempora nesciunt ipsum. Soluta sed hic ut dolor consequatur necessitatibus explicabo et.','1988-12-02 13:46:28','1995-03-22 10:34:35'),
('70','10','20','6','Omnis temporibus qui accusantium corrupti.','Voluptas est quis quo tempore rerum consequatur veritatis et. Repellendus velit optio aut numquam blanditiis facilis architecto non. Eum praesentium dolores ut.','Nisi ut non voluptatem ea rerum. In velit aut nemo maxime voluptate blanditiis nesciunt amet. Sed molestiae minus eveniet magni.','1980-02-17 20:08:44','1987-03-15 09:31:50'),
('71','11','21','7','Aut facilis labore quidem.','Ut quia exercitationem nesciunt dolor dolorem aliquam in. Facilis qui provident ut quae. Ut ex ut fugiat molestias in ut.','Est dolorem earum et modi eum vel. Consequatur enim voluptatibus blanditiis ratione. Ipsum consequatur quidem qui omnis. Quo ad aut velit sit cumque eos quia et. Et assumenda quas omnis sit.','2019-03-28 00:41:54','1981-02-19 01:36:05'),
('72','12','22','8','Est vero qui illo modi et.','Voluptatem iste aut exercitationem facilis tempora iste. Labore et eum cum a numquam non eveniet. Numquam rerum consectetur sed sapiente amet earum quis.','Inventore ipsam ut repellendus ut assumenda repudiandae. Et quam quo facilis voluptatem voluptas. Minima natus ut non pariatur.','1999-08-07 19:27:56','1998-08-04 19:16:41'),
('73','13','23','5','Modi autem impedit ipsa.','Mollitia ut quidem facere tenetur. Vitae sunt ut quibusdam maxime qui. Cum culpa dignissimos doloremque accusamus quo explicabo et. Sapiente laboriosam harum aperiam.','Libero dolorem qui quo voluptatibus. Totam quisquam consequatur ut aut et. Accusantium similique et velit sed doloribus ullam.','2019-01-03 10:09:22','2015-10-27 23:11:53'),
('74','14','24','10','Sunt quaerat nisi unde error dolores.','Aut laudantium quia natus sit enim omnis. Ipsam excepturi qui similique dicta doloremque voluptas qui. Et aut qui odio quia. Doloribus officia natus eos accusamus dolor.','Et fugiat expedita aperiam vel natus consequatur est. Qui quo ratione sint rerum molestiae. Aperiam aliquid ratione nobis totam pariatur nostrum. Rerum animi autem veritatis sint consequatur.','1985-08-18 13:15:02','1998-01-15 08:36:53'),
('75','15','25','5','Iusto quia quisquam ea et autem suscipit.','Et autem veritatis quidem et aut consequatur quam. Neque praesentium consequatur laboriosam omnis vel quo. Ducimus sed quia sunt dolorem laboriosam cum. Similique iste hic cum ut eos non sit.','Nulla omnis quis sit nobis corrupti quibusdam. Architecto consequuntur aut officiis incidunt veniam. Velit quas velit magnam. Provident sequi quia illo sequi modi quos.','1991-06-02 23:45:33','1986-02-24 08:29:06'),
('76','16','26','8','Optio impedit natus aut.','Sequi sint et architecto quia repudiandae maiores libero harum. Alias iure omnis mollitia. Voluptatibus ducimus facilis necessitatibus quibusdam impedit veritatis blanditiis.','Perferendis rerum assumenda inventore dolorem hic aperiam. Autem sed dolor ea dolorum exercitationem. Qui aut qui nisi est error eius.','1996-04-26 13:47:35','2000-05-09 08:09:27'),
('77','17','27','7','Dolorem sapiente expedita et magni.','Ut voluptas aut eum nam quod laborum. Repudiandae laudantium assumenda est facilis facere temporibus. Et quod repudiandae distinctio qui magnam voluptatem. Quae rem est sit aut.','Nisi eum voluptate adipisci eius. Voluptatem quo corporis velit velit architecto autem. Quaerat deleniti voluptates consequuntur earum quod blanditiis. Suscipit est nihil ut necessitatibus hic.','2004-01-27 17:56:54','2011-10-02 13:26:28'),
('78','18','28','8','Reprehenderit saepe est debitis.','Voluptas eligendi expedita quaerat molestiae libero. Eum at nesciunt sunt enim. Debitis natus reprehenderit voluptatem sit. Aut voluptatem quibusdam harum nihil totam vel adipisci cum.','Laborum suscipit mollitia consequatur reprehenderit dignissimos est. Ex voluptates at qui ipsa ratione.','2006-05-30 17:11:53','1999-08-10 16:47:28'),
('79','19','29','9','Possimus pariatur nemo debitis dolor in.','Ut autem sunt expedita minus et delectus qui. Unde recusandae nesciunt libero dolorem ut quas. In animi voluptas maiores voluptas. Rerum minima placeat voluptatem voluptatum alias temporibus rerum.','Ab sed deleniti ratione harum quidem esse. Sit qui qui iste. Accusamus repudiandae quia rerum repudiandae provident porro.','1982-02-09 21:13:31','2010-02-23 05:56:45'),
('80','20','30','5','Quos dolorem alias quos ducimus sint.','Quidem qui quo ea earum quisquam ut sed quo. Assumenda possimus repellat voluptate odit. Non velit earum exercitationem debitis. Aut molestiae nihil dolorum dolores quidem ad iure.','Sapiente quas distinctio quaerat et. Adipisci corporis neque et et.','1986-05-08 19:38:23','1974-11-13 19:13:19'),
('81','1','31','6','Repudiandae est distinctio ullam libero.','Sed dolorem dolor consequatur nam incidunt non provident. Eligendi aspernatur voluptates ut voluptatem dolor quo odio et. Modi similique et occaecati fuga blanditiis numquam.','Id et quae saepe fugiat. Ut dignissimos et error molestiae voluptatem dolorum omnis. Nam libero et adipisci voluptate nulla occaecati.','1975-08-31 03:22:20','1977-07-13 00:08:06'),
('82','2','32','6','Est nihil amet modi.','Qui ipsum harum rem quidem. Cumque ullam repellat excepturi ipsum sed. Cumque saepe voluptate consequatur qui et non. Totam ipsum assumenda ut sit minima amet perspiciatis.','Ipsa sint dicta optio mollitia voluptatem voluptatem voluptatum et. Facere praesentium fuga facere debitis inventore eos quod. Totam earum qui soluta quia. Hic corrupti saepe vitae nihil.','1980-10-18 13:54:41','1977-09-22 16:02:13'),
('83','3','33','6','Eaque hic provident ab ipsum.','Facere at ut quia dolore eius quae. Temporibus quas nisi error voluptas minima aut est. Molestias facere quia ad est.\nEum doloremque voluptatem in odio non. Nam alias aut qui quo aut enim.','Sed hic quaerat incidunt dolorem asperiores. Consequatur veritatis sed et incidunt nam rerum. Est voluptas adipisci qui corporis enim aliquam quia et. Error voluptate consectetur suscipit.','1999-12-02 12:10:02','1981-11-12 09:04:02'),
('84','4','34','5','Praesentium dicta cum qui.','Eius dicta dolor et delectus consequuntur ut architecto. Quia et et similique rem id. Quis aut sint beatae sunt.','Quia sunt eius dicta sapiente consectetur omnis. Deserunt ex dicta quo et dignissimos a quod.','2012-09-25 02:32:46','1994-06-18 15:04:37'),
('85','5','35','10','Rerum enim error eveniet voluptatum sunt fugiat.','Ut itaque id rerum velit. Perferendis in dolorem tenetur quo fuga itaque nisi. Officia voluptate fuga tempora et pariatur soluta sunt error. Ipsum vel alias fuga eveniet.','Voluptatem ex suscipit cum quia soluta ut hic quo. Quod aspernatur repudiandae voluptatum vel. Officiis qui nobis non dolor labore voluptatem.','1976-06-06 07:57:40','1987-10-11 11:28:06'),
('86','6','36','9','Error aut rem nam vel est.','Adipisci aut non possimus sint voluptas culpa sint. Est sed pariatur voluptas dolore. Nisi itaque dolorem dolore asperiores porro quo.','Repudiandae nemo officiis placeat. Numquam voluptas dolorem corporis voluptatem.','1981-04-05 18:00:30','2006-03-05 19:54:20'),
('87','7','37','10','Optio dolores ut consectetur eveniet rerum animi.','Voluptatem exercitationem quia omnis quae. In ad rem est eos placeat nam praesentium aliquid. Unde est modi similique commodi. Voluptatem ab eveniet dolor neque at sed.','Asperiores qui vel temporibus fugiat asperiores. Vel facere quas facilis sed quam. Consequatur deserunt exercitationem soluta iure. Omnis sed voluptatem magni ratione doloribus.','2018-01-12 15:06:12','1990-11-29 04:43:27'),
('88','8','38','7','Dolore laudantium sint eaque ut.','Ut dolores cum impedit consequatur. Aut libero ut fugit laboriosam non deleniti sed. Consequatur a libero neque rerum.','Sint ut enim et. Non animi fugiat voluptatum consequatur. Omnis maiores exercitationem incidunt minus eos nihil.','1992-03-15 10:26:20','2013-05-08 07:45:18'),
('89','9','39','5','Eos adipisci qui hic libero quibusdam et.','Architecto et quo quia rerum sed. Facilis repudiandae excepturi delectus quos. Quia dolorum doloremque quos qui distinctio nesciunt laborum.','Repellendus consequuntur repellendus est ducimus quam. Pariatur magnam accusamus ea excepturi. Quidem voluptas eos delectus voluptatem.','2004-07-22 19:18:53','2004-07-05 16:43:20'),
('90','10','40','7','Tempore delectus consequuntur possimus nihil vero.','Ullam vero consequatur delectus molestiae quae. Sequi velit accusamus eaque modi sint omnis porro odio. Eos non pariatur iste voluptatem ut deleniti.','Nostrum sequi eos velit hic et molestias ut. Et maiores beatae optio reiciendis expedita. Laboriosam incidunt debitis est nemo delectus. Cum rem enim dignissimos quisquam deleniti saepe quia enim.','1988-04-05 23:01:32','1985-12-26 13:39:54'),
('91','11','41','7','Consequuntur laudantium voluptates nisi alias.','Ut unde saepe ad architecto qui. Aut tempore odio quisquam asperiores repudiandae dolorem. Blanditiis odio eum vero quia repellendus. Vitae doloremque aut ipsam et aspernatur.','Quas qui ea quibusdam iusto minima eum quasi. Deserunt rerum maiores eligendi quo sapiente. Ipsum iste repellat deserunt aut. Nesciunt tempora aut dolorem adipisci.','1998-03-06 10:48:31','1986-02-26 22:05:53'),
('92','12','42','8','Totam rem ipsam est dolor.','Velit et qui saepe quod officiis delectus omnis. Voluptatem sit ut eaque est nobis vero ea. Harum exercitationem non labore at. Qui incidunt maxime accusamus ad.','Ad qui consequuntur et sit distinctio cum asperiores. Quaerat in dolorum earum maiores non vel consequatur. Dolores magnam modi doloribus ut. Ea velit quo sint et ipsa assumenda cum.','1996-11-03 08:47:12','1984-03-08 15:54:28'),
('93','13','43','10','Nisi quas ad ducimus.','Corrupti molestiae necessitatibus quam minima corporis. Nesciunt illo vel accusamus numquam quidem. Porro ut sequi tempora sint.','Ut delectus vel sunt qui. Sit aut enim incidunt asperiores. Voluptate beatae repellat dolore incidunt enim nulla.','1991-04-05 19:17:12','1987-01-21 06:30:18'),
('94','14','44','7','Architecto veritatis rem repellendus ducimus volup','Eum mollitia molestiae vero voluptatem ipsam vel molestiae est. Vitae officiis debitis similique veritatis. Facere porro optio ratione tempore quibusdam eos.','Recusandae rem est quia placeat. Numquam omnis et dignissimos. Quae accusantium ducimus neque saepe. Error voluptatum autem distinctio at sunt sed voluptatem voluptatem.','2000-01-28 08:27:31','1978-05-15 03:47:08'),
('95','15','45','5','Voluptas sed molestiae illum.','Dolores in illum ducimus. Dolorum praesentium iure excepturi laudantium. Placeat omnis molestias maxime aspernatur pariatur.','Sint dignissimos aut quas eligendi. Ut quae illo enim porro neque.','1978-11-27 14:26:36','1987-10-28 22:23:34'),
('96','16','46','8','Consequatur delectus ducimus est est dolorem corru','Et nihil eligendi earum doloremque. Voluptas culpa omnis optio molestiae dignissimos laborum iste. Rerum tenetur qui aperiam necessitatibus. Reprehenderit quis sapiente non qui eos qui.','Et omnis deleniti vitae et culpa et. Itaque dignissimos non repudiandae error. Fugiat nihil et ad.','2009-08-24 03:37:00','2018-10-23 04:35:37'),
('97','17','47','10','Eaque occaecati vero molestiae nihil sint quis.','Repellat excepturi ab placeat atque quis assumenda tenetur. Veritatis ad quasi ut est quisquam reiciendis. Quae libero asperiores possimus voluptatibus veniam dolor.','Voluptatem dolorem voluptatem laudantium quo. Explicabo qui sunt dolorem repellendus occaecati. Iste quis dicta veritatis provident unde. Ullam quis qui ipsum commodi praesentium.','1977-07-19 00:39:57','1981-11-18 12:50:33'),
('98','18','48','7','Nisi tempore aut necessitatibus laudantium consequ','Ratione cumque nihil aut. Beatae nihil laboriosam libero est. Cum delectus maxime fuga non sed omnis.','Totam perferendis consequatur et et facilis et dolor. Et laudantium optio mollitia sit quia rerum. Occaecati inventore veritatis et qui magni est totam. Suscipit minus facere dolorem maxime.','1992-11-07 10:32:21','2011-07-22 22:16:56'),
('99','19','49','10','Molestiae aut aut dolorem voluptas architecto sed.','Sapiente dignissimos cumque ea beatae magni quia voluptatibus. Autem sed doloribus nemo.','Aliquid ut tempore consequuntur consequuntur consequatur. Quas mollitia molestiae quisquam magnam. Ea laudantium et vero voluptatum.','1971-05-06 23:00:07','2004-02-25 14:44:08'),
('100','20','50','5','Et sequi aut dolorum ipsa minima.','Voluptas accusamus ipsa et ut esse quasi. Aliquid perspiciatis hic fugiat iure rerum. Molestiae consequatur laborum voluptas debitis sit odio vitae dolores.','Eaque consequatur dolores vel. Provident quia asperiores in molestias. Qui quaerat temporibus quae omnis.','2007-08-15 08:27:59','2008-05-05 01:36:58'); 


DROP TABLE IF EXISTS `room_types`;
CREATE TABLE `room_types` (
  `id` smallint(5) unsigned NOT NULL AUTO_INCREMENT,
  `room_type` varchar(50) COLLATE utf8_unicode_ci DEFAULT NULL,
  `max_sleeps` tinyint(4) DEFAULT NULL,
  `room_size` tinyint(4) DEFAULT NULL,
  `room_facilities` set('bath','shower','toilet','heating','air_conditioning','TV','cable_internet','Wi-Fi','Telephone','kitchenette') COLLATE utf8_unicode_ci DEFAULT NULL,
  `bed_type_id` tinyint(3) unsigned NOT NULL,
  `smoke_allowed` bit(1) DEFAULT NULL,
  `created_at` datetime DEFAULT current_timestamp(),
  `updated_at` datetime DEFAULT NULL ON UPDATE current_timestamp(),
  UNIQUE KEY `id` (`id`),
  KEY `bed_type_id` (`bed_type_id`),
  KEY `room_type_idx` (`room_type`),
  CONSTRAINT `room_types_ibfk_1` FOREIGN KEY (`bed_type_id`) REFERENCES `bed_types` (`id`) ON UPDATE CASCADE
) ENGINE=InnoDB AUTO_INCREMENT=7 DEFAULT CHARSET=utf8 COLLATE=utf8_unicode_ci;

INSERT INTO `room_types` VALUES 
('1','Consequatur explicabo.','3','14',('bath,toilet,heating,air_conditioning,TV,cable_internet,Wi-Fi,Telephone,kitchenette'),'1','1','2000-04-16 04:29:51','1983-12-27 17:15:37'),
('2','Tempora nostrum deserunt.','4','13',('shower,toilet,heating,air_conditioning,TV,cable_internet,Wi-Fi,Telephone'),'2','1','2003-03-06 01:01:57','1972-01-12 19:50:37'),
('3','Quo velit cum.','1','23',('shower,toilet,heating,air_conditioning,TV,cable_internet,Wi-Fi,Telephone'),'3','1','2008-10-31 23:32:46','2018-01-15 04:47:26'),
('4','Quisquam commodi.','3','21',('bath,toilet,heating,air_conditioning,TV,cable_internet,Wi-Fi,Telephone'),'4','1','2006-10-10 16:52:09','2006-02-03 22:56:23'),
('5','Omnis qui.','4','21',('shower,toilet,heating,TV,cable_internet,Wi-Fi,Telephone'),'1','1','1998-09-06 01:57:30','2012-09-14 05:22:34'),
('6','Maiores quae.','4','16',('bath,toilet,heating,air_conditioning,TV,cable_internet,Wi-Fi,Telephone'),'2','1','1980-01-11 20:52:08','2015-09-10 16:35:31'); 


DROP TABLE IF EXISTS `settings`;
CREATE TABLE `settings` (
  `id` bigint(20) unsigned NOT NULL AUTO_INCREMENT,
  `user_id` bigint(20) unsigned NOT NULL,
  `preferred_card_types_id` tinyint(3) unsigned NOT NULL,
  `smoking_preference` enum('yes','no') COLLATE utf8_unicode_ci DEFAULT NULL,
  `reservation_emails_id` bigint(20) unsigned NOT NULL,
  `newsletter_preferences_id` bigint(20) unsigned NOT NULL,
  UNIQUE KEY `id` (`id`),
  KEY `user_id` (`user_id`),
  KEY `preferred_card_types_id` (`preferred_card_types_id`),
  KEY `reservation_emails_id` (`reservation_emails_id`),
  KEY `newsletter_preferences_id` (`newsletter_preferences_id`),
  CONSTRAINT `settings_ibfk_1` FOREIGN KEY (`user_id`) REFERENCES `users` (`id`) ON UPDATE CASCADE,
  CONSTRAINT `settings_ibfk_2` FOREIGN KEY (`preferred_card_types_id`) REFERENCES `payment_card_types` (`id`) ON UPDATE CASCADE,
  CONSTRAINT `settings_ibfk_3` FOREIGN KEY (`reservation_emails_id`) REFERENCES `reservation_emails` (`id`) ON UPDATE CASCADE,
  CONSTRAINT `settings_ibfk_4` FOREIGN KEY (`newsletter_preferences_id`) REFERENCES `newsletter_preferences` (`id`) ON UPDATE CASCADE
) ENGINE=InnoDB AUTO_INCREMENT=51 DEFAULT CHARSET=utf8 COLLATE=utf8_unicode_ci;

INSERT INTO `settings` VALUES 
('1','1','1','no','1','1'),
('2','2','2','no','2','2'),
('3','3','3','yes','3','3'),
('4','4','4','yes','4','4'),
('5','5','5','yes','5','5'),
('6','6','6','yes','6','6'),
('7','7','7','yes','7','7'),
('8','8','1','no','8','8'),
('9','9','2','no','9','9'),
('10','10','3','no','10','10'),
('11','11','4','yes','11','11'),
('12','12','5','yes','12','12'),
('13','13','6','no','13','13'),
('14','14','7','no','14','14'),
('15','15','1','yes','15','15'),
('16','16','2','yes','16','16'),
('17','17','3','yes','17','17'),
('18','18','4','yes','18','18'),
('19','19','5','yes','19','19'),
('20','20','6','no','20','20'),
('21','21','7','no','21','21'),
('22','22','1','no','22','22'),
('23','23','2','no','23','23'),
('24','24','3','no','24','24'),
('25','25','4','yes','25','25'),
('26','26','5','yes','26','26'),
('27','27','6','yes','27','27'),
('28','28','7','yes','28','28'),
('29','29','1','yes','29','29'),
('30','30','2','no','30','30'),
('31','31','3','no','31','31'),
('32','32','4','yes','32','32'),
('33','33','5','yes','33','33'),
('34','34','6','no','34','34'),
('35','35','7','no','35','35'),
('36','36','1','yes','36','36'),
('37','37','2','no','37','37'),
('38','38','3','no','38','38'),
('39','39','4','no','39','39'),
('40','40','5','no','40','40'),
('41','41','6','yes','41','41'),
('42','42','7','yes','42','42'),
('43','43','1','yes','43','43'),
('44','44','2','yes','44','44'),
('45','45','3','no','45','45'),
('46','46','4','no','46','46'),
('47','47','5','yes','47','47'),
('48','48','6','yes','48','48'),
('49','49','7','yes','49','49'),
('50','50','1','no','50','50'); 


DROP TABLE IF EXISTS `users`;
CREATE TABLE `users` (
  `id` bigint(20) unsigned NOT NULL AUTO_INCREMENT,
  `firstname` varchar(50) COLLATE utf8_unicode_ci DEFAULT NULL,
  `lastname` varchar(50) COLLATE utf8_unicode_ci DEFAULT NULL,
  `email` varchar(120) COLLATE utf8_unicode_ci DEFAULT NULL,
  `password_hash` varchar(100) COLLATE utf8_unicode_ci DEFAULT NULL,
  `phone` bigint(20) unsigned DEFAULT NULL,
  `gender` char(1) COLLATE utf8_unicode_ci DEFAULT NULL,
  `property_owner` bit(1) DEFAULT NULL,
  `created_at` datetime DEFAULT current_timestamp(),
  `updated_at` datetime DEFAULT NULL ON UPDATE current_timestamp(),
  PRIMARY KEY (`id`),
  UNIQUE KEY `email` (`email`),
  UNIQUE KEY `phone` (`phone`),
  KEY `users_firstname_lastname_idx` (`firstname`,`lastname`),
  KEY `users_lastname_firstname_idx` (`lastname`,`firstname`)
) ENGINE=InnoDB AUTO_INCREMENT=51 DEFAULT CHARSET=utf8 COLLATE=utf8_unicode_ci COMMENT='пользователи';

INSERT INTO `users` VALUES 
('1','Lessie','Effertz','rene03@example.net','3f017f594ce8ae58527698fdd815696c1056944e','99656339120','m',1,'1992-07-10 06:22:31','2011-10-17 16:07:09'),
('2','Lew','Wilderman','shayne.huels@example.net','98d6bc096385aa725745ba1e01dd1d1eeb9eceb2','95091835865','f',0,'1973-09-19 19:38:03','2000-11-08 15:19:23'),
('3','Golda','Murray','yankunding@example.org','e539e6ee51369975839f4743ffd54552ded69bfe','75829305564','f',0,'2005-07-24 18:47:09','2013-05-08 17:07:04'),
('4','Hulda','Moore','desmond90@example.org','f9392bf44d36afd1064ca777be5f54592d3906e7','41820981134','m',0,'2000-09-04 00:39:11','1974-12-28 02:19:25'),
('5','Teresa','Ritchie','benton.hickle@example.org','4724e0a94ca1ba9e1bd9088be96564cc383c6d3a','73024146687','m',1,'2011-10-22 15:33:09','2011-10-01 11:56:51'),
('6','Erik','Considine','autumn71@example.net','e9e7f2fc02c5f54a3bc21cc72e74d9e03848ee47','71316245654','m',0,'1979-03-31 19:54:12','2004-07-10 04:06:58'),
('7','Milo','Rutherford','stefan00@example.org','dc483b00674b01fc8a87b54253f405a706c8c53a','74554699892','f',0,'1990-06-25 01:55:14','2001-10-02 03:27:13'),
('8','Eldon','D\'Amore','brain.block@example.org','c064781a24cd30b9f090cb5d21a60cc130ddae49','84898552582','m',0,'1980-09-06 18:48:34','1975-02-05 17:08:50'),
('9','Myrna','Grady','leffler.alexis@example.org','fac846bbd886c4035b2d88f6430bb5e6909d5c6a','61413118420','m',0,'1978-04-21 17:13:12','2011-05-09 08:11:47'),
('10','Gerardo','White','lily.franecki@example.com','2e8e511cb710f7af06e97218ad58a8f7d34214b5','97415212504','m',0,'1975-10-08 14:15:13','2011-12-24 03:01:25'),
('11','Herminia','Kutch','piper.mcclure@example.com','abd0b0b6e9d43c294fd747afd5e236bd22d7e310','33151426468','m',0,'2006-07-28 13:12:51','1998-06-02 17:20:50'),
('12','Mateo','McLaughlin','ottilie.schumm@example.com','d18c36f0ab22ef1e9a220c2ba4bd27bff7d8d4bc','83281096685','f',1,'2013-01-15 00:16:14','1974-10-15 23:08:12'),
('13','Colin','Kuvalis','rippin.sibyl@example.com','2600cb7d10cc0f7ec6e587480905bd240db89b1b','78718433007','m',1,'1999-10-22 02:19:41','2007-06-28 05:29:27'),
('14','Emerson','Ebert','gdietrich@example.com','7ff3e17c167f7183eacc2404119ebd66316ac9fd','52869451181','m',0,'1972-05-22 21:20:03','1979-07-20 14:03:50'),
('15','Anika','Kessler','torphy.drake@example.net','5a92b611184e60ee64afb3e33274047fa55d36e6','73937476617','f',0,'1985-10-03 13:35:09','1972-06-28 12:00:38'),
('16','Willis','Schuppe','christy73@example.com','d82189b68116323b0ccf70d44808c8f02da2ca9a','33606547759','f',0,'1990-01-13 19:49:35','1990-09-07 04:12:54'),
('17','Chelsie','Heidenreich','darion58@example.org','39ea79ce5b6110d4a612b7d3051fdabdfae21758','74778624866','m',0,'1990-06-15 16:56:26','1992-01-28 00:09:15'),
('18','Samson','Turner','jboyer@example.net','b3a58be4bdd71c40175839ff8c01ca87db0dca2b','24360711099','f',0,'1998-05-24 19:27:51','1990-03-08 17:42:25'),
('19','Frederique','Wunsch','randi.walker@example.org','b5737f5bfc930582e0afb29a73a976eeb26773a8','23146807840','m',0,'1993-07-31 23:53:48','2014-04-01 13:54:15'),
('20','Mack','Grimes','stuart.bernier@example.org','a6b3fa3225b007d45e35d04e615d21ce6d551965','39327428601','f',1,'2016-07-05 00:44:27','1985-04-05 23:25:24'),
('21','Orrin','Effertz','hmetz@example.com','aa7b78368788296adc02896cd24e2d7a92d186c1','28286415473','f',0,'2018-06-19 04:15:28','2011-11-16 20:37:31'),
('22','Aisha','Gorczany','carter51@example.org','e449557b003d8735703f0121311ace00df2f7d4f','18823284134','m',0,'1993-06-03 03:18:33','1998-06-04 01:57:23'),
('23','Cordell','Goldner','aimee.kessler@example.net','da0ce6aed916ae5bae68c11cda05edc4ccdcc87a','67492650379','m',1,'1974-07-27 16:27:09','1980-11-10 13:00:55'),
('24','Ephraim','Satterfield','uschuppe@example.com','4694841357a4d2c752e126e31dd4585d0a944ccb','54264299194','f',1,'1976-02-12 01:28:57','1992-05-13 17:08:26'),
('25','Issac','Little','kkuvalis@example.com','568001119ecdf7fba3a1c394f48ad9dfa2e494b1','84539266116','f',0,'1999-03-20 15:12:21','1991-10-01 23:48:31'),
('26','Romaine','Reichert','o\'kon.cesar@example.net','80701448c2bdf4dcfca4840529c63e6aa370a38f','76682808152','f',0,'2003-09-18 14:19:34','1975-05-31 06:23:39'),
('27','Sebastian','Huel','wlesch@example.net','cfc26656fb0e637ab2b617b5b82fe69286f51799','90312111573','m',0,'2010-11-21 16:37:01','1988-10-23 15:00:04'),
('28','Greta','Bednar','bradly48@example.org','6834cd6a204dd68092c019fcad86846ecf29d33f','83478947989','f',0,'2017-07-13 23:34:21','2018-02-26 15:42:54'),
('29','Horace','Schneider','fausto.zemlak@example.com','dc7cf959522db69f5d9e1f5f47741dfb9efb1680','18632249287','m',0,'2000-08-01 04:25:54','1983-12-04 09:06:55'),
('30','Randal','Kirlin','beatrice.considine@example.org','cd244f7574a85512503b855fe32852eec453123a','41529637412','f',0,'1993-12-06 12:13:19','1984-11-09 00:23:37'),
('31','Bridgette','McLaughlin','dock25@example.org','20d200eae5c46dfb7c28df95b4c7e54ba34c4acf','97321828044','m',0,'1978-12-01 04:15:10','2004-08-03 22:37:12'),
('32','Brionna','Fahey','zfeil@example.org','eca3c5f05fa4c8872ebb927f85eb4146bd2e3998','75423498447','m',0,'1990-11-02 22:24:59','2009-08-15 12:15:04'),
('33','Marco','Bogisich','julius50@example.org','05453a9476ffdb7148d13cd36f391b451b432d5e','84535695929','f',0,'1970-01-21 01:08:39','1996-08-12 17:40:04'),
('34','Rowan','Mayert','angelina03@example.org','0328b5ab79da797600ae243a83f85050cf90f7c5','84178532348','m',0,'2001-11-01 01:59:26','2009-03-29 13:53:24'),
('35','Angeline','Adams','schmitt.adrian@example.com','23fa301ec224c6d8b9f9c4eb5dba2f607e0b45d4','58623988381','f',0,'1971-07-17 00:11:01','1980-04-04 05:27:06'),
('36','Damian','Orn','destiny35@example.org','db801301d08060866c19499950c5aebfa53fc1f0','11370259490','m',0,'2010-11-13 16:19:38','1992-12-27 07:40:31'),
('37','Trace','Spinka','amalia.feil@example.com','180fe82b0b1db05144935e64e64bea0d1f57f618','87354313880','m',0,'2015-10-09 07:52:48','2004-03-11 09:18:39'),
('38','Vernon','Rogahn','mariano.nicolas@example.org','b2774c5b601a6516c9684f538f51501e0a074186','94012955930','m',0,'1989-06-15 22:31:09','2007-05-13 18:54:13'),
('39','Monserrat','Fay','brannon56@example.com','ef16c520939de79c1ffad7b9f00dc999cf83354e','59067965052','f',0,'2018-03-18 10:45:17','1999-12-23 05:35:40'),
('40','Lazaro','Ebert','go\'keefe@example.org','74c3331bd779252fc1cccb1e10cb31d028e0ccc1','25519882543','m',1,'2003-12-10 03:48:56','1973-09-14 05:06:50'),
('41','Clarissa','Champlin','wbogan@example.net','d0d91ddf77d87948d4fcc0b1946ba53a290c9aef','83314176662','m',0,'2005-11-06 04:38:34','1980-09-16 08:09:31'),
('42','Cade','Ruecker','coleman13@example.org','e53ccbfbd01bd42bb05f056c67115037d5670712','16721966196','f',0,'2015-02-22 15:15:57','2004-04-25 06:41:46'),
('43','Stanton','Kohler','qankunding@example.net','c23eef834b5a60eab39eba593c587772fceb436d','57008485426','m',0,'2002-03-14 14:32:38','1998-01-22 10:37:17'),
('44','Mckenzie','Lynch','beahan.braeden@example.net','556338cb48fed20d306db7bf76e63aa0f517c277','48528336710','m',1,'2017-07-06 14:41:02','1986-09-09 03:29:27'),
('45','Erin','Abbott','hbrown@example.com','a293e6812833cdb0046240899b452b75707d8611','21757329022','f',1,'1993-04-30 21:13:56','1972-04-09 20:52:47'),
('46','Warren','Shanahan','zita81@example.net','8f5832650bb856192dedc8226c2db313bfebea36','58505432186','m',1,'1997-02-14 16:30:06','1996-04-05 00:17:53'),
('47','Leonardo','Schaden','qgrimes@example.org','c0912cd5b3b30021b86b565423a71b09fa08f9ba','21842721379','f',1,'2008-06-02 05:31:20','1984-05-20 09:05:56'),
('48','Georgette','Kulas','koch.kenna@example.com','67370def9b603ae96599ed85befe20661ec1a7c8','36138675780','m',0,'1978-06-26 07:37:13','2006-01-07 16:03:44'),
('49','Nestor','Tillman','sblanda@example.net','b1c0ddea197f07c513cac728139230ac425690d3','54101557838','f',0,'1984-12-10 14:29:12','1978-07-24 13:53:29'),
('50','Kariane','Wiza','veda.jast@example.net','615f905dc394c1fc631da1f3dd92a1ade89b2c62','64710297528','f',0,'1983-04-02 05:45:16','1999-01-10 12:47:27'); 




/*!40101 SET SQL_MODE=@OLD_SQL_MODE */;
/*!40014 SET FOREIGN_KEY_CHECKS=@OLD_FOREIGN_KEY_CHECKS */;
/*!40014 SET UNIQUE_CHECKS=@OLD_UNIQUE_CHECKS */;
/*!40101 SET CHARACTER_SET_CLIENT=@OLD_CHARACTER_SET_CLIENT */;
/*!40101 SET CHARACTER_SET_RESULTS=@OLD_CHARACTER_SET_RESULTS */;
/*!40101 SET COLLATION_CONNECTION=@OLD_COLLATION_CONNECTION */;
/*!40111 SET SQL_NOTES=@OLD_SQL_NOTES */;

