-- Generation time: Wed, 19 Aug 2020 11:19:49 +0000
-- Host: mysql.hostinger.ro
-- DB name: u574849695_17
/*!40030 SET NAMES UTF8 */;
/*!40101 SET @OLD_CHARACTER_SET_CLIENT=@@CHARACTER_SET_CLIENT */;
/*!40101 SET @OLD_CHARACTER_SET_RESULTS=@@CHARACTER_SET_RESULTS */;
/*!40101 SET @OLD_COLLATION_CONNECTION=@@COLLATION_CONNECTION */;
/*!40103 SET @OLD_TIME_ZONE=@@TIME_ZONE */;
/*!40103 SET TIME_ZONE='+00:00' */;
/*!40014 SET @OLD_UNIQUE_CHECKS=@@UNIQUE_CHECKS, UNIQUE_CHECKS=0 */;
/*!40014 SET @OLD_FOREIGN_KEY_CHECKS=@@FOREIGN_KEY_CHECKS, FOREIGN_KEY_CHECKS=0 */;
/*!40101 SET @OLD_SQL_MODE=@@SQL_MODE, SQL_MODE='NO_AUTO_VALUE_ON_ZERO' */;
/*!40111 SET @OLD_SQL_NOTES=@@SQL_NOTES, SQL_NOTES=0 */;

DROP TABLE IF EXISTS `bed_types`;
CREATE TABLE `bed_types` (
  `id` tinyint(3) unsigned NOT NULL AUTO_INCREMENT,
  `bed_type` varchar(50) COLLATE utf8_unicode_ci DEFAULT NULL,
  UNIQUE KEY `id` (`id`)
) ENGINE=InnoDB AUTO_INCREMENT=7 DEFAULT CHARSET=utf8 COLLATE=utf8_unicode_ci;

INSERT INTO `bed_types` VALUES ('1',' cot'),
('2',' king_size_bed'),
('3',' sofa_bed'),
('4','double_bed'),
('5',' single_bed'),
('6',' queen_size_bed'); 


DROP TABLE IF EXISTS `bookings`;
CREATE TABLE `bookings` (
  `id` bigint(20) unsigned NOT NULL AUTO_INCREMENT,
  `user_id` bigint(20) unsigned NOT NULL,
  `property_id` bigint(20) unsigned NOT NULL,
  `room_type_id` smallint(5) unsigned NOT NULL,
  `room_count` tinyint(4) DEFAULT NULL,
  `booked_from_date` date DEFAULT NULL,
  `booked_till_date` date DEFAULT NULL,
  `book_type` enum('requested','confirmed','canceled') COLLATE utf8_unicode_ci DEFAULT NULL,
  `created_at` datetime DEFAULT current_timestamp(),
  `updated_at` datetime DEFAULT NULL ON UPDATE current_timestamp(),
  PRIMARY KEY (`id`),
  UNIQUE KEY `user_id` (`user_id`),
  UNIQUE KEY `property_id` (`property_id`),
  KEY `room_type_id` (`room_type_id`),
  CONSTRAINT `bookings_ibfk_1` FOREIGN KEY (`user_id`) REFERENCES `users` (`id`),
  CONSTRAINT `bookings_ibfk_2` FOREIGN KEY (`property_id`) REFERENCES `properties` (`id`),
  CONSTRAINT `bookings_ibfk_3` FOREIGN KEY (`room_type_id`) REFERENCES `room_types` (`id`)
) ENGINE=InnoDB AUTO_INCREMENT=501 DEFAULT CHARSET=utf8 COLLATE=utf8_unicode_ci;

INSERT INTO `bookings` VALUES ('1','1','1','1','3','1983-10-12','1975-05-10','requested','2014-01-18 22:58:46','2015-03-07 03:39:47'),
('2','2','2','2','1','2001-11-25','2004-02-16','requested','1989-07-16 22:01:44','1994-12-17 07:19:18'),
('3','3','3','3','5','1971-12-23','1990-05-18','canceled','1994-03-05 08:40:40','1994-01-23 18:17:30'),
('4','4','4','4','1','1973-10-27','1977-04-30','requested','1990-01-21 22:01:06','2016-04-30 22:38:09'),
('5','5','5','5','4','2012-10-03','2001-07-14','confirmed','2016-01-22 10:30:01','2013-02-20 18:55:02'),
('6','6','6','6','1','2004-05-25','1988-10-14','confirmed','1975-03-12 14:55:20','2002-10-06 03:02:58'),
('7','7','7','7','1','1994-07-04','1976-12-29','canceled','1987-06-10 01:32:18','1976-05-31 23:07:29'),
('8','8','8','8','1','1974-01-29','1976-05-30','requested','1975-02-15 15:32:13','2015-05-31 06:58:14'),
('9','9','9','9','3','2014-05-11','2019-03-19','canceled','2002-01-19 04:53:50','2017-02-21 21:49:14'),
('10','10','10','10','3','2003-10-29','2000-01-31','requested','2007-08-24 00:31:20','1977-06-09 15:40:25'),
('11','11','11','11','2','1973-03-08','1998-04-09','canceled','1997-03-31 02:00:35','1995-07-20 12:37:43'),
('12','12','12','12','3','1974-04-13','1986-07-17','canceled','1990-02-25 00:10:49','2013-04-04 20:57:16'),
('13','13','13','13','2','2017-12-29','2015-07-26','requested','1981-08-28 18:06:59','2003-10-02 17:31:27'),
('14','14','14','14','4','1998-10-16','2002-10-04','requested','2003-11-22 19:26:14','2010-01-21 07:41:48'),
('15','15','15','15','4','2013-02-04','1975-11-11','canceled','1985-08-20 03:46:45','1983-03-17 14:25:25'),
('16','16','16','16','5','2005-08-29','2015-10-20','canceled','1998-03-01 10:54:06','1997-08-23 07:45:14'),
('17','17','17','17','2','2008-11-12','2004-07-02','confirmed','2019-04-29 13:00:21','2009-04-30 03:00:05'),
('18','18','18','18','2','2002-06-05','2001-11-15','confirmed','2014-01-05 06:20:06','1993-04-30 03:07:47'),
('19','19','19','19','5','2014-01-17','1994-05-15','requested','2007-09-07 05:25:09','2012-02-20 06:42:48'),
('20','20','20','20','3','1970-09-22','1982-03-08','requested','2002-08-28 11:41:36','1970-03-11 09:43:34'),
('21','21','21','21','1','1996-06-24','2017-06-13','confirmed','1975-07-24 17:18:47','2015-12-24 11:06:29'),
('22','22','22','22','4','2004-09-20','1975-04-01','canceled','1970-11-03 02:26:31','1989-10-26 16:21:17'),
('23','23','23','23','5','1999-11-29','1971-11-26','canceled','1974-02-09 22:24:38','1973-07-28 16:06:44'),
('24','24','24','24','1','1990-11-08','1982-09-19','confirmed','1999-12-01 20:01:25','2000-07-30 01:21:12'),
('25','25','25','25','1','2009-04-02','1995-02-28','requested','2007-12-11 10:38:44','2005-12-04 06:06:51'),
('26','26','26','26','4','1992-09-05','2013-03-01','confirmed','2019-08-17 07:44:17','1991-03-25 04:28:23'),
('27','27','27','27','1','1986-12-05','1991-02-27','canceled','1994-07-22 04:08:00','1976-06-14 19:53:23'),
('28','28','28','28','2','2013-08-01','2015-09-01','canceled','2001-03-23 19:56:24','2000-09-07 23:47:27'),
('29','29','29','29','1','1998-08-30','1975-07-29','canceled','1991-07-07 15:02:49','1990-09-02 00:12:06'),
('30','30','30','30','2','1984-07-25','1971-11-28','confirmed','2007-02-20 10:28:33','1976-01-31 16:11:42'),
('31','31','31','31','5','1999-04-14','1988-08-13','canceled','2017-07-23 07:40:08','2014-02-15 12:58:14'),
('32','32','32','32','3','2010-08-20','2017-04-13','requested','1990-12-01 14:53:38','2006-08-28 23:30:47'),
('33','33','33','33','2','1970-05-15','2008-11-05','canceled','2000-12-26 00:51:28','1972-11-19 22:41:43'),
('34','34','34','34','4','1993-03-24','2008-07-22','canceled','1983-10-08 18:47:26','2007-12-13 21:51:27'),
('35','35','35','35','1','1996-07-01','2001-09-02','canceled','1973-09-19 08:12:54','1970-12-20 19:08:08'),
('36','36','36','36','3','1978-06-30','2004-04-15','requested','1979-10-11 17:48:53','1993-08-17 04:14:05'),
('37','37','37','37','4','2006-04-14','2019-10-18','requested','2010-02-17 14:37:00','2002-03-20 08:41:44'),
('38','38','38','38','3','1976-04-11','2002-10-21','confirmed','1994-02-18 23:11:45','1979-09-10 18:12:33'),
('39','39','39','39','3','2010-08-03','1976-03-27','canceled','1975-01-10 05:21:38','1988-09-16 12:13:33'),
('40','40','40','40','3','1997-02-22','2006-04-24','canceled','1976-04-16 07:55:27','2020-03-02 15:15:34'),
('41','41','41','41','4','1990-09-09','1977-10-23','confirmed','1988-10-15 12:34:12','1992-11-15 03:42:52'),
('42','42','42','42','4','1983-11-01','1985-03-01','confirmed','1995-08-27 16:01:38','1983-02-09 17:03:27'),
('43','43','43','43','2','2019-12-03','1992-09-24','canceled','1980-11-16 07:45:45','2014-07-17 13:37:52'),
('44','44','44','44','4','1989-09-10','1993-01-20','canceled','1985-11-17 20:49:45','2020-05-20 12:28:54'),
('45','45','45','45','2','2009-09-17','1985-09-13','confirmed','1999-01-25 22:50:39','2006-06-02 06:49:37'),
('46','46','46','46','5','2016-12-16','2003-12-07','canceled','2006-11-15 16:29:26','2000-09-24 20:25:56'),
('47','47','47','47','4','1977-09-13','1975-08-24','confirmed','1972-02-17 07:19:35','1998-12-04 00:18:46'),
('48','48','48','48','2','1988-12-31','1973-02-24','confirmed','1972-07-11 05:41:16','1982-06-04 05:04:39'),
('49','49','49','49','3','2015-06-21','2004-04-23','requested','1987-09-17 15:54:44','2000-04-17 22:18:15'),
('50','50','50','50','4','1997-04-15','2020-07-28','requested','2001-12-13 14:41:56','2004-03-29 14:35:53'),
('51','51','51','1','2','1992-05-02','1983-04-30','canceled','1990-01-01 03:39:28','1994-02-08 15:17:01'),
('52','52','52','2','3','1996-06-04','1976-10-12','confirmed','1975-01-06 04:11:00','2003-01-11 18:40:37'),
('53','53','53','3','4','1990-10-03','1987-12-21','requested','2006-04-24 15:34:42','1985-03-16 02:59:15'),
('54','54','54','4','5','1990-03-15','2003-08-13','canceled','2013-01-06 09:53:20','2007-07-30 17:27:43'),
('55','55','55','5','2','1974-03-18','1996-06-29','requested','2004-02-21 00:31:45','1988-07-27 14:13:39'),
('56','56','56','6','3','1975-01-12','1983-01-20','confirmed','2015-05-07 13:55:07','2003-08-28 21:26:48'),
('57','57','57','7','3','1977-01-28','2014-01-24','requested','1986-02-17 17:54:10','2001-08-06 19:11:34'),
('58','58','58','8','4','2006-03-11','2002-01-12','canceled','1984-01-28 15:40:03','1992-06-28 13:52:29'),
('59','59','59','9','3','2002-09-30','2020-07-31','confirmed','1981-04-27 19:47:27','1975-08-31 20:15:00'),
('60','60','60','10','3','2000-08-26','1993-04-11','confirmed','1986-03-08 07:36:09','2003-01-03 21:12:40'),
('61','61','61','11','2','2012-06-17','1972-04-24','requested','1973-07-06 00:13:28','1991-06-16 00:54:10'),
('62','62','62','12','5','2007-03-28','1971-12-03','requested','1975-09-22 17:15:55','1987-04-15 18:58:54'),
('63','63','63','13','3','2008-08-29','2001-05-12','confirmed','1987-02-09 11:18:43','1994-01-01 17:28:51'),
('64','64','64','14','1','2003-08-26','1978-02-13','requested','2005-02-16 21:33:18','1982-12-08 12:02:18'),
('65','65','65','15','4','2008-01-20','2019-10-29','requested','1999-12-02 08:12:58','1996-08-09 14:12:02'),
('66','66','66','16','2','1978-01-27','2001-05-24','confirmed','2014-08-17 23:15:20','2006-11-04 11:07:54'),
('67','67','67','17','3','2008-10-04','1988-04-09','canceled','1989-01-06 06:34:40','1995-06-16 15:39:17'),
('68','68','68','18','5','2017-11-06','1990-06-23','requested','2007-08-09 03:44:03','2008-09-08 19:54:02'),
('69','69','69','19','2','1992-11-27','2015-06-29','requested','1971-06-16 07:50:09','2017-08-25 11:51:25'),
('70','70','70','20','1','1984-11-10','1976-06-01','canceled','2010-11-28 22:09:54','2008-12-21 23:48:37'),
('71','71','71','21','5','1998-10-02','2000-01-19','canceled','2014-10-30 20:23:53','2019-08-10 22:08:21'),
('72','72','72','22','2','1988-07-19','2012-04-09','confirmed','1981-11-18 09:24:16','1983-03-07 01:23:19'),
('73','73','73','23','3','1977-05-11','1986-03-17','canceled','1983-08-16 03:07:23','1992-06-28 02:16:43'),
('74','74','74','24','4','2020-04-28','2014-06-26','requested','1998-09-17 10:50:42','2016-12-04 05:05:40'),
('75','75','75','25','2','2013-01-17','2004-02-27','requested','2019-06-02 00:35:54','2019-09-04 00:35:53'),
('76','76','76','26','3','1974-11-11','2020-06-02','canceled','2015-06-02 20:36:41','2002-04-30 17:16:09'),
('77','77','77','27','3','2005-11-25','1977-05-01','confirmed','2004-06-22 14:08:25','2004-01-31 06:16:46'),
('78','78','78','28','2','2000-08-01','2013-09-17','canceled','1985-04-25 10:54:09','2020-04-19 17:38:35'),
('79','79','79','29','2','1989-05-11','1970-02-08','requested','1986-05-11 21:05:07','2016-02-21 19:34:40'),
('80','80','80','30','2','1985-07-20','1976-08-16','canceled','1985-07-03 17:50:37','1971-03-05 10:23:11'),
('81','81','81','31','3','2018-10-05','1997-02-05','confirmed','2000-11-23 10:15:36','2001-01-30 15:35:03'),
('82','82','82','32','4','1976-10-26','2013-02-04','canceled','2019-06-18 16:47:28','2017-08-14 20:15:14'),
('83','83','83','33','4','1972-08-21','2016-12-02','confirmed','1977-10-23 13:03:38','1987-06-12 10:34:21'),
('84','84','84','34','4','2019-12-10','1984-01-18','canceled','2015-07-22 04:45:14','2007-10-13 01:37:26'),
('85','85','85','35','5','2008-07-04','1989-01-21','canceled','2006-01-31 19:58:28','1991-06-14 13:26:32'),
('86','86','86','36','1','1991-12-30','1978-06-20','requested','2009-08-30 17:50:52','1980-02-03 23:01:55'),
('87','87','87','37','3','1993-06-05','1997-06-27','requested','2000-08-17 22:25:26','1971-08-18 09:59:35'),
('88','88','88','38','3','2013-10-22','1988-05-25','canceled','1995-09-19 08:14:10','2004-06-12 00:49:49'),
('89','89','89','39','4','2006-02-24','1994-01-10','requested','2006-03-27 15:00:23','2002-09-26 10:32:15'),
('90','90','90','40','2','2006-11-08','2007-12-24','canceled','2008-03-27 04:09:29','1977-04-22 13:34:48'),
('91','91','91','41','1','2012-12-18','1995-01-21','canceled','1975-10-17 22:31:14','2020-05-19 23:05:35'),
('92','92','92','42','5','1992-04-14','1980-05-06','requested','2018-12-31 09:48:48','2018-05-05 12:31:50'),
('93','93','93','43','5','1976-09-30','1970-02-04','canceled','2000-01-05 08:31:01','1977-01-05 18:21:32'),
('94','94','94','44','5','1978-05-27','1990-08-15','requested','1972-01-09 01:53:37','2003-03-03 17:16:42'),
('95','95','95','45','5','1974-04-17','1990-11-20','canceled','1974-01-21 14:04:59','2013-07-13 08:32:59'),
('96','96','96','46','4','2014-04-01','2001-11-14','canceled','1991-06-13 15:54:58','2019-10-27 04:28:19'),
('97','97','97','47','3','2019-09-25','1970-10-04','confirmed','1986-02-18 11:18:47','1995-09-16 10:06:49'),
('98','98','98','48','2','2017-06-01','2000-04-22','canceled','1986-09-14 13:45:49','1981-06-17 00:58:19'),
('99','99','99','49','1','1992-02-12','2016-05-19','confirmed','2010-11-29 00:42:34','2008-12-18 15:59:37'),
('100','100','100','50','5','1972-06-04','2018-01-25','canceled','1978-09-10 23:55:19','2013-03-25 03:22:58'),
('101','101','101','1','1','1991-05-15','2009-01-14','canceled','2014-03-31 00:56:18','2015-11-15 00:15:57'),
('102','102','102','2','2','2013-12-19','1976-10-22','requested','1971-05-17 21:15:33','1995-08-20 03:30:15'),
('103','103','103','3','1','2001-07-28','1984-12-05','requested','2017-08-09 01:37:27','2002-06-22 18:20:29'),
('104','104','104','4','4','2015-08-20','2010-05-25','requested','2020-02-13 19:20:40','1972-06-08 11:55:10'),
('105','105','105','5','2','1980-04-28','2005-02-06','confirmed','2013-07-12 23:21:13','2017-11-21 15:26:00'),
('106','106','106','6','1','1985-08-28','1991-08-19','requested','2017-06-20 09:07:37','1977-07-15 15:06:16'),
('107','107','107','7','4','1982-03-02','2016-08-12','requested','1981-11-18 02:20:05','2015-04-13 06:58:38'),
('108','108','108','8','3','1976-03-30','1997-12-19','canceled','1989-03-09 03:32:49','2018-09-20 18:36:02'),
('109','109','109','9','5','2018-09-08','2017-06-02','confirmed','2004-07-20 12:05:49','2011-04-09 09:39:12'),
('110','110','110','10','1','1996-08-02','2001-04-04','canceled','1995-07-07 02:30:21','2014-08-25 14:21:12'),
('111','111','111','11','1','1976-05-23','1986-08-08','requested','1997-01-05 18:30:21','2017-07-14 06:02:56'),
('112','112','112','12','3','2005-04-01','1999-08-31','requested','1999-06-03 06:51:56','2009-05-02 20:15:22'),
('113','113','113','13','1','1984-08-09','2007-10-11','requested','1988-12-24 09:34:55','1982-04-20 03:22:57'),
('114','114','114','14','1','1999-08-22','1977-12-26','requested','1984-06-18 03:52:18','1995-12-11 08:03:04'),
('115','115','115','15','2','1990-05-03','1990-03-02','requested','1981-12-14 16:22:09','1985-09-01 10:31:08'),
('116','116','116','16','1','2007-11-26','2017-03-30','canceled','2006-10-23 00:47:49','2016-03-07 16:10:48'),
('117','117','117','17','5','2001-11-11','1993-10-24','confirmed','1978-03-03 15:52:44','2016-10-23 18:42:39'),
('118','118','118','18','5','1973-07-01','2015-10-15','confirmed','2018-01-24 14:33:56','2010-08-03 02:58:27'),
('119','119','119','19','5','2001-01-29','1996-04-02','requested','1977-10-23 09:14:24','2003-01-16 23:36:40'),
('120','120','120','20','3','1996-07-07','1988-10-19','canceled','2014-10-26 02:24:29','2012-07-31 19:02:09'),
('121','121','121','21','2','1995-06-04','2006-02-25','requested','2018-05-08 17:26:04','2010-12-19 06:03:56'),
('122','122','122','22','2','1980-07-14','1980-10-08','requested','1971-06-08 05:57:55','1991-08-06 09:13:31'),
('123','123','123','23','4','1987-08-15','1986-10-22','canceled','1992-05-28 13:51:36','2017-09-08 09:13:38'),
('124','124','124','24','2','1978-06-17','2016-08-14','confirmed','1993-10-15 13:30:59','2009-12-23 10:24:42'),
('125','125','125','25','5','2009-08-04','1992-09-13','requested','2015-02-05 09:07:06','2014-05-19 22:35:30'),
('126','126','126','26','3','1996-01-14','1977-10-05','confirmed','1990-04-08 14:38:15','1989-05-24 03:27:21'),
('127','127','127','27','3','1982-06-03','2003-10-22','confirmed','1990-09-27 06:54:02','1996-04-29 02:54:54'),
('128','128','128','28','2','1977-04-07','1991-07-19','requested','1980-12-14 02:15:20','1997-08-30 22:15:33'),
('129','129','129','29','4','2000-02-17','1973-05-23','requested','1992-12-17 02:15:29','1989-12-29 23:42:18'),
('130','130','130','30','4','1999-06-30','1975-03-30','confirmed','2007-12-25 19:31:43','1986-05-03 14:19:46'),
('131','131','131','31','1','2014-07-12','1999-08-21','requested','2006-03-31 22:37:06','1977-05-24 12:49:38'),
('132','132','132','32','3','1977-06-17','1993-05-09','confirmed','1988-06-26 12:34:07','2018-06-04 15:33:03'),
('133','133','133','33','2','2019-04-01','1991-04-18','confirmed','1990-01-17 04:11:07','2012-10-27 11:19:24'),
('134','134','134','34','5','1973-04-06','1979-09-17','canceled','1978-08-08 03:05:32','2004-07-04 11:59:27'),
('135','135','135','35','5','1975-10-22','1983-03-19','canceled','1984-11-30 00:05:45','1993-09-25 12:51:02'),
('136','136','136','36','4','2002-10-26','2008-03-23','confirmed','2017-07-18 04:50:04','1987-01-14 17:47:54'),
('137','137','137','37','5','1998-07-11','1988-01-28','requested','1973-04-22 05:31:34','2004-07-27 22:53:09'),
('138','138','138','38','1','1985-06-18','2019-07-23','canceled','1996-05-10 10:07:38','1970-10-11 14:15:50'),
('139','139','139','39','3','2018-05-30','2001-05-28','confirmed','2006-09-13 06:04:24','1989-10-02 13:13:25'),
('140','140','140','40','3','2012-06-14','1975-02-25','confirmed','1974-07-16 09:49:40','2011-03-25 09:32:22'),
('141','141','141','41','5','2015-05-06','1983-12-22','canceled','1970-12-04 03:50:22','1982-08-09 09:11:37'),
('142','142','142','42','2','1993-11-21','1998-07-11','confirmed','2009-10-10 02:39:13','2020-03-09 21:16:57'),
('143','143','143','43','3','1975-11-23','2012-10-03','confirmed','2019-07-27 08:22:45','1972-06-12 14:05:38'),
('144','144','144','44','2','2003-08-18','2014-09-04','confirmed','1996-07-16 14:49:04','1984-04-14 18:53:54'),
('145','145','145','45','2','1988-09-02','1971-08-02','requested','1985-08-12 09:02:01','2017-03-05 19:26:50'),
('146','146','146','46','4','1991-06-29','1971-12-10','confirmed','2015-10-18 19:24:46','1973-04-24 07:31:36'),
('147','147','147','47','5','1988-09-16','2001-05-09','requested','1996-07-13 16:22:02','1999-01-21 19:12:47'),
('148','148','148','48','1','2008-09-23','1976-03-30','requested','1980-03-02 06:13:10','1981-12-11 06:39:33'),
('149','149','149','49','2','1990-05-30','2003-01-23','canceled','1986-04-11 12:04:21','2003-08-06 21:26:09'),
('150','150','150','50','5','1971-12-28','1980-08-29','canceled','1979-05-23 02:43:41','2014-04-09 16:31:40'),
('151','151','151','1','3','1995-01-13','1979-08-17','confirmed','2003-03-03 11:08:27','1999-09-11 02:11:37'),
('152','152','152','2','2','2019-02-17','1985-06-06','confirmed','2015-05-08 05:28:02','1982-04-25 00:25:58'),
('153','153','153','3','1','1971-02-09','2018-07-18','canceled','2003-06-21 23:28:18','1975-12-05 04:44:04'),
('154','154','154','4','3','2000-04-11','2019-07-05','canceled','2003-02-25 07:54:27','1994-11-21 09:34:04'),
('155','155','155','5','1','2008-10-25','1987-08-05','requested','1979-12-11 10:12:15','2009-11-14 11:32:09'),
('156','156','156','6','3','1979-08-22','2011-03-07','requested','1974-02-01 23:06:08','1974-03-20 10:15:00'),
('157','157','157','7','1','2006-10-26','2014-08-06','requested','1988-11-03 01:30:42','2007-08-22 00:46:10'),
('158','158','158','8','5','2001-12-07','1979-06-07','confirmed','2008-06-27 00:01:08','1993-04-30 18:11:47'),
('159','159','159','9','5','1988-07-28','1975-06-26','requested','1988-11-30 15:04:32','1978-01-10 11:39:00'),
('160','160','160','10','5','1989-09-02','1998-08-17','requested','1982-09-29 05:05:50','2008-10-04 00:27:35'),
('161','161','161','11','1','1980-01-17','1984-07-20','requested','2009-01-05 06:08:39','1980-09-28 03:43:21'),
('162','162','162','12','2','2001-03-18','2011-11-09','requested','2017-01-28 18:27:45','2010-11-21 06:44:16'),
('163','163','163','13','2','1988-02-13','1970-02-13','canceled','2012-09-02 06:24:52','1983-08-21 20:48:27'),
('164','164','164','14','4','1990-11-01','2005-12-06','requested','1994-09-11 17:41:13','1972-05-18 14:47:36'),
('165','165','165','15','1','1970-08-17','2008-06-03','canceled','2019-11-30 18:45:46','1974-10-24 20:59:11'),
('166','166','166','16','2','1994-09-18','1992-10-25','requested','2016-09-08 21:49:48','1994-02-25 21:14:10'),
('167','167','167','17','2','1977-10-14','1988-08-31','canceled','2020-03-21 15:04:50','2012-04-18 18:12:19'),
('168','168','168','18','5','2004-10-06','1996-10-18','requested','2005-12-23 10:07:38','1970-05-22 12:28:11'),
('169','169','169','19','5','1998-02-04','1970-03-02','confirmed','2007-06-25 13:07:25','2014-02-11 19:53:10'),
('170','170','170','20','2','1975-01-24','1986-12-12','canceled','2008-10-29 06:20:02','1975-09-06 00:29:10'),
('171','171','171','21','5','2010-07-03','2018-05-13','canceled','1990-05-01 11:14:02','2005-06-15 13:58:05'),
('172','172','172','22','5','2005-05-20','1974-03-31','confirmed','1991-05-28 15:58:26','1980-10-08 15:53:47'),
('173','173','173','23','2','1974-03-08','1973-07-06','canceled','1973-02-18 04:42:34','1974-05-12 19:05:30'),
('174','174','174','24','5','1971-06-28','1998-10-19','canceled','1976-06-28 19:08:44','1999-09-06 07:10:23'),
('175','175','175','25','5','2002-10-24','2012-04-26','requested','2000-03-30 04:31:07','1997-12-22 12:49:44'),
('176','176','176','26','1','2007-02-22','2016-04-05','requested','2008-03-12 00:18:33','1970-03-25 00:31:46'),
('177','177','177','27','4','1986-06-27','1990-10-11','confirmed','2013-02-01 12:10:22','2004-12-10 20:58:39'),
('178','178','178','28','1','1984-12-26','2019-02-21','requested','1985-12-27 22:11:02','1984-08-14 01:31:29'),
('179','179','179','29','5','1979-10-30','2009-12-04','requested','1987-02-12 15:40:03','1998-06-01 09:28:47'),
('180','180','180','30','5','1974-09-27','2014-09-12','requested','2018-05-21 02:36:49','2014-01-19 04:23:03'),
('181','181','181','31','3','1991-11-29','1999-03-25','confirmed','1970-04-02 04:06:33','2016-02-05 21:41:07'),
('182','182','182','32','1','2010-08-13','1984-06-29','requested','1994-05-27 02:25:01','1985-04-04 11:19:18'),
('183','183','183','33','5','1997-08-25','1992-12-26','canceled','2006-09-21 04:30:26','2013-12-12 09:59:17'),
('184','184','184','34','5','1994-09-07','2003-10-11','confirmed','2002-10-31 08:42:23','1972-05-28 07:11:09'),
('185','185','185','35','3','2004-10-03','2015-05-01','confirmed','2004-04-24 01:25:42','1984-04-28 23:49:47'),
('186','186','186','36','2','2009-05-22','2018-05-24','canceled','1988-02-21 12:59:37','1997-02-09 00:46:36'),
('187','187','187','37','4','1998-02-05','2014-04-05','confirmed','1994-07-30 09:25:04','2013-02-26 00:26:57'),
('188','188','188','38','4','1981-10-25','1970-09-15','canceled','2003-08-31 14:22:51','1986-04-10 08:06:52'),
('189','189','189','39','3','1970-09-18','1971-10-28','confirmed','1993-05-09 13:02:15','1976-08-19 22:54:14'),
('190','190','190','40','4','2004-04-02','2001-05-30','canceled','2006-03-29 02:11:51','1987-05-08 21:49:24'),
('191','191','191','41','5','1996-12-12','2016-02-14','requested','1999-09-23 20:34:40','1991-01-19 13:22:34'),
('192','192','192','42','3','2002-10-16','1982-10-01','confirmed','2017-04-07 00:31:06','2011-03-17 14:21:28'),
('193','193','193','43','2','1970-11-13','1996-03-24','confirmed','2014-10-12 09:44:13','2014-09-21 16:36:43'),
('194','194','194','44','2','1998-02-21','2008-02-19','requested','1996-06-04 13:26:57','2012-01-02 12:06:43'),
('195','195','195','45','2','1987-08-14','1998-12-03','canceled','1999-05-22 07:58:14','1998-05-19 08:02:53'),
('196','196','196','46','2','1983-10-02','1973-02-17','requested','1970-04-28 01:35:07','1995-08-27 01:36:22'),
('197','197','197','47','5','1985-07-13','1997-05-25','confirmed','1979-03-28 15:23:25','2014-08-25 14:38:21'),
('198','198','198','48','3','1984-03-11','1997-09-03','requested','1973-02-08 07:34:54','2006-09-27 22:07:31'),
('199','199','199','49','4','1998-12-23','1983-08-30','confirmed','2014-01-21 12:27:02','1973-12-08 02:10:54'),
('200','200','200','50','5','1978-03-01','2008-02-02','confirmed','2017-04-28 18:02:17','1974-12-10 07:10:43'),
('201','201','201','1','2','1971-09-06','2006-03-16','confirmed','1975-02-06 13:58:08','1998-08-06 10:07:11'),
('202','202','202','2','1','1993-02-11','1987-09-16','requested','1988-06-09 05:58:20','2009-03-14 13:12:42'),
('203','203','203','3','1','2010-11-23','2005-07-31','canceled','1988-05-17 10:21:16','2003-05-27 22:28:35'),
('204','204','204','4','1','1973-01-25','1982-06-15','canceled','1995-05-19 01:38:48','2013-04-23 14:30:49'),
('205','205','205','5','5','2004-08-16','2014-05-30','canceled','1994-06-20 04:46:28','2001-12-27 15:24:26'),
('206','206','206','6','3','2012-09-25','2011-10-02','canceled','1990-06-20 14:48:23','1977-03-01 10:57:46'),
('207','207','207','7','5','1977-08-12','1983-02-05','requested','1996-10-28 13:49:52','2010-03-23 06:45:30'),
('208','208','208','8','2','2013-03-06','1974-08-03','confirmed','1999-06-26 03:16:45','1995-04-07 18:07:39'),
('209','209','209','9','1','1996-08-14','1973-02-05','canceled','1979-03-31 21:50:08','2010-11-12 03:13:20'),
('210','210','210','10','3','2012-05-28','2012-10-27','canceled','2012-01-22 02:45:40','1979-12-10 09:56:57'),
('211','211','211','11','3','1971-11-11','1993-06-18','requested','2019-02-17 03:41:48','2020-07-03 12:00:38'),
('212','212','212','12','3','1974-05-09','1971-11-03','canceled','1987-11-23 00:58:45','1988-07-30 11:02:04'),
('213','213','213','13','4','2006-04-01','1994-05-05','confirmed','2017-02-10 08:47:50','1995-08-14 18:26:26'),
('214','214','214','14','1','2017-08-17','1978-06-06','canceled','1996-05-07 19:18:32','1983-08-15 17:48:31'),
('215','215','215','15','5','1971-01-04','1987-02-07','confirmed','1975-03-25 17:52:30','2015-09-02 08:25:37'),
('216','216','216','16','2','1992-12-09','2003-01-16','canceled','2009-11-03 13:02:49','1975-04-11 22:17:26'),
('217','217','217','17','2','1970-06-18','1983-11-05','canceled','1999-09-18 16:06:55','1999-10-18 06:26:18'),
('218','218','218','18','5','1991-01-03','2000-01-20','requested','1974-04-12 17:49:24','1999-08-12 17:30:47'),
('219','219','219','19','2','1976-04-28','2000-08-19','canceled','1970-08-06 19:41:20','1997-04-11 01:56:36'),
('220','220','220','20','4','2014-04-16','2009-06-16','requested','2011-09-25 07:44:38','2000-03-08 00:55:40'),
('221','221','221','21','5','2015-01-20','1983-04-22','requested','2015-02-13 01:08:57','2001-05-17 04:00:20'),
('222','222','222','22','1','2013-12-25','1988-02-16','confirmed','2015-07-07 21:30:07','1980-05-30 08:23:05'),
('223','223','223','23','2','2004-09-20','1979-03-14','canceled','2008-10-14 23:03:18','2006-01-16 12:07:21'),
('224','224','224','24','5','1974-06-23','2011-01-14','confirmed','2005-03-02 05:13:15','2003-06-22 11:30:18'),
('225','225','225','25','4','1979-12-12','1971-05-26','confirmed','2015-08-30 05:51:05','2010-08-13 04:42:17'),
('226','226','226','26','4','1995-04-13','2008-11-22','confirmed','1994-11-16 04:10:52','1989-07-07 11:59:46'),
('227','227','227','27','1','1979-03-13','1974-05-12','confirmed','1981-08-27 21:28:38','1992-12-17 20:50:53'),
('228','228','228','28','2','1995-01-11','1976-11-14','canceled','1990-11-09 12:43:17','2020-01-01 10:50:43'),
('229','229','229','29','3','1977-06-11','2014-04-18','confirmed','2018-06-19 16:00:55','1979-12-24 08:18:19'),
('230','230','230','30','1','1987-05-24','2014-02-19','canceled','1980-07-05 21:18:03','1978-05-04 02:21:44'),
('231','231','231','31','2','1978-06-13','1998-06-05','confirmed','1999-07-30 04:57:23','1971-08-08 01:48:30'),
('232','232','232','32','4','2002-07-16','1991-07-31','confirmed','1984-04-10 18:19:26','2010-06-14 06:54:36'),
('233','233','233','33','3','2009-04-17','1996-01-24','canceled','1983-09-20 03:39:27','1992-12-13 15:01:57'),
('234','234','234','34','3','1987-07-01','1991-05-21','canceled','1990-05-22 16:13:34','2017-01-04 03:05:28'),
('235','235','235','35','2','2007-11-22','2001-04-17','confirmed','1973-12-04 04:40:40','1980-02-28 18:38:56'),
('236','236','236','36','2','1976-11-18','1979-03-10','canceled','1988-11-11 13:13:41','2013-07-21 14:29:24'),
('237','237','237','37','2','1992-07-22','1989-08-20','confirmed','2007-09-07 12:10:41','1970-07-06 14:45:56'),
('238','238','238','38','5','2010-09-20','2013-01-14','requested','1976-01-06 09:40:41','2008-05-10 16:32:13'),
('239','239','239','39','1','2006-01-07','2004-11-05','requested','1973-05-04 13:04:32','2017-03-08 21:55:20'),
('240','240','240','40','3','2005-12-20','2017-11-02','requested','1975-06-17 10:40:44','1973-03-11 16:25:57'),
('241','241','241','41','2','2009-02-07','1970-02-26','canceled','1977-10-26 14:37:52','2001-08-01 08:20:23'),
('242','242','242','42','5','2015-05-15','2008-03-28','requested','2017-07-08 01:30:47','1972-01-13 02:59:40'),
('243','243','243','43','4','2017-08-19','2003-06-18','confirmed','2004-01-11 03:33:40','1987-12-29 02:32:22'),
('244','244','244','44','2','1995-11-14','1989-06-21','requested','1999-06-08 09:35:41','1972-01-07 04:59:43'),
('245','245','245','45','1','2010-01-03','2017-07-08','requested','2000-07-27 11:23:26','1990-06-25 09:57:21'),
('246','246','246','46','3','1982-05-30','2002-03-17','canceled','2009-05-07 16:24:02','1991-05-22 19:28:14'),
('247','247','247','47','2','1992-05-21','1991-03-17','requested','2014-08-30 05:58:58','2012-03-16 20:08:31'),
('248','248','248','48','1','2000-02-24','1972-05-07','requested','1988-11-04 18:34:57','2014-02-28 21:31:44'),
('249','249','249','49','1','1997-09-11','1983-02-18','canceled','2017-06-07 00:39:54','2013-05-09 20:26:05'),
('250','250','250','50','2','1985-10-16','2008-05-03','canceled','1977-11-25 10:25:24','1999-10-14 07:47:55'),
('251','251','251','1','5','1998-09-04','1999-05-11','requested','1984-09-02 05:00:12','1996-09-14 20:25:19'),
('252','252','252','2','1','1995-07-31','2005-01-30','requested','1979-09-09 19:54:31','1990-06-03 03:37:50'),
('253','253','253','3','4','2014-12-10','1979-05-03','confirmed','1983-07-07 23:23:15','2006-04-22 01:07:12'),
('254','254','254','4','2','2008-04-23','2015-03-05','canceled','2016-06-24 11:26:44','2012-09-19 06:32:32'),
('255','255','255','5','4','1974-09-23','2009-06-27','canceled','1984-07-14 22:37:48','1988-11-19 17:37:56'),
('256','256','256','6','1','2010-01-29','2007-10-28','canceled','2012-11-18 20:16:36','1990-05-20 23:30:11'),
('257','257','257','7','5','2018-07-03','2001-07-18','confirmed','1995-01-01 02:18:25','1985-03-14 18:35:19'),
('258','258','258','8','1','1972-09-02','1995-07-24','canceled','1971-12-20 13:04:24','2011-01-30 04:23:50'),
('259','259','259','9','2','1983-01-06','2006-10-03','confirmed','2008-02-01 06:45:06','1972-11-08 10:24:54'),
('260','260','260','10','1','1990-01-12','1975-10-01','confirmed','1971-10-22 03:10:53','1974-10-29 06:25:55'),
('261','261','261','11','1','2018-07-14','1988-11-06','canceled','1987-04-22 07:25:57','2004-12-16 05:53:42'),
('262','262','262','12','2','2006-10-23','1979-08-15','requested','1993-02-01 19:04:36','1990-04-04 07:09:31'),
('263','263','263','13','1','1973-05-14','2017-03-30','requested','1981-05-14 06:44:16','1992-12-31 14:43:40'),
('264','264','264','14','1','1973-02-19','1984-04-10','confirmed','2007-03-14 05:46:53','2008-04-11 00:14:14'),
('265','265','265','15','4','1997-12-28','2001-02-08','requested','1991-12-11 07:31:13','1992-05-02 15:30:59'),
('266','266','266','16','5','2010-05-23','1974-05-08','requested','2012-05-02 11:01:52','1971-01-28 09:49:57'),
('267','267','267','17','3','1997-01-17','1981-10-29','canceled','1995-04-06 01:29:59','2014-11-27 19:06:22'),
('268','268','268','18','4','1983-09-12','1973-09-20','canceled','1995-01-09 12:46:12','1976-04-27 17:24:25'),
('269','269','269','19','2','2004-03-10','2000-03-15','requested','1985-02-19 20:08:38','2004-01-03 22:17:58'),
('270','270','270','20','2','2018-02-27','1988-01-01','requested','1974-07-11 10:30:12','1992-12-22 08:20:31'),
('271','271','271','21','2','1992-03-31','2013-10-16','requested','1991-05-13 09:12:37','1999-08-14 10:58:29'),
('272','272','272','22','1','2016-06-28','1976-03-04','confirmed','1972-09-16 18:34:01','2001-09-10 16:18:29'),
('273','273','273','23','4','1970-07-19','1984-02-16','requested','2018-09-25 03:42:50','1975-09-30 22:42:14'),
('274','274','274','24','2','1987-12-22','2003-11-27','canceled','1990-08-20 21:44:26','1979-11-08 07:29:26'),
('275','275','275','25','3','2015-10-28','2006-10-22','confirmed','2007-10-15 11:49:28','1979-09-01 20:18:50'),
('276','276','276','26','2','2008-06-08','1970-04-22','canceled','2006-10-02 13:45:28','2004-02-14 01:45:11'),
('277','277','277','27','5','2010-11-17','1971-05-02','canceled','2011-06-11 00:26:08','1978-10-14 08:18:44'),
('278','278','278','28','2','1993-01-25','1970-09-23','requested','2017-07-13 15:08:09','1975-04-29 19:54:42'),
('279','279','279','29','2','2005-07-06','2016-04-03','requested','1992-02-14 00:22:34','2011-09-13 10:14:49'),
('280','280','280','30','2','2003-11-23','2005-02-07','requested','1976-12-24 10:43:21','1973-02-12 05:05:07'),
('281','281','281','31','2','2009-01-23','1974-05-19','confirmed','1994-07-03 07:53:34','2016-03-19 03:00:23'),
('282','282','282','32','1','1983-02-07','2002-06-05','canceled','1986-06-13 12:14:55','2011-09-30 12:21:12'),
('283','283','283','33','5','1976-02-19','1979-10-07','requested','2018-05-12 17:18:02','2013-09-19 11:27:32'),
('284','284','284','34','5','2002-12-15','2020-06-26','requested','1998-06-01 05:58:41','1986-11-04 18:03:12'),
('285','285','285','35','1','1970-07-07','1971-10-26','requested','1981-02-05 06:57:16','1992-04-22 20:46:21'),
('286','286','286','36','3','1996-01-08','1995-08-23','confirmed','2008-11-28 09:20:31','1986-08-13 04:58:10'),
('287','287','287','37','3','2000-05-03','1974-09-18','confirmed','1996-02-01 17:09:38','2012-01-14 02:07:01'),
('288','288','288','38','3','2007-05-27','2012-10-16','confirmed','2000-04-29 00:09:45','1988-12-12 20:34:49'),
('289','289','289','39','5','1991-09-13','1980-05-02','confirmed','2006-04-15 21:37:18','2014-07-01 13:31:48'),
('290','290','290','40','4','2003-05-17','1989-06-28','canceled','2013-08-07 08:08:30','1985-01-06 01:27:48'),
('291','291','291','41','5','1995-04-13','1990-05-01','requested','2007-07-07 11:45:41','1991-02-26 02:40:40'),
('292','292','292','42','3','2005-12-10','1976-12-06','canceled','2001-05-07 14:34:07','1980-06-25 06:54:51'),
('293','293','293','43','2','2006-01-27','1996-08-12','requested','2012-05-16 14:17:43','2007-09-17 23:09:34'),
('294','294','294','44','4','2006-03-06','1978-09-04','confirmed','1970-07-15 20:21:45','1996-05-25 09:23:54'),
('295','295','295','45','4','2019-10-22','1975-02-27','requested','1994-07-08 06:08:52','1974-04-29 04:11:04'),
('296','296','296','46','3','1980-05-27','2008-07-25','confirmed','1984-10-05 08:45:29','2006-11-24 00:37:03'),
('297','297','297','47','4','2016-12-12','2011-10-09','canceled','1976-07-12 10:14:03','1988-09-16 14:50:55'),
('298','298','298','48','5','1978-05-23','1988-01-13','confirmed','1989-03-09 12:03:00','2001-06-24 22:23:59'),
('299','299','299','49','1','1974-08-17','1975-03-05','confirmed','1987-05-12 22:10:38','1976-05-04 00:46:51'),
('300','300','300','50','2','2004-08-27','1993-01-06','canceled','1991-01-24 23:26:01','2018-02-18 19:47:06'); 


DROP TABLE IF EXISTS `cities`;
CREATE TABLE `cities` (
  `id` int(10) unsigned NOT NULL AUTO_INCREMENT,
  `country_id` smallint(5) unsigned NOT NULL,
  `name` varchar(50) COLLATE utf8_unicode_ci DEFAULT NULL,
  UNIQUE KEY `id` (`id`),
  KEY `country_id` (`country_id`),
  CONSTRAINT `cities_ibfk_1` FOREIGN KEY (`country_id`) REFERENCES `countries` (`id`)
) ENGINE=InnoDB AUTO_INCREMENT=201 DEFAULT CHARSET=utf8 COLLATE=utf8_unicode_ci;

INSERT INTO `cities` VALUES ('1','1','Feestburgh'),
('2','2','Mariannehaven'),
('3','3','Stehrview'),
('4','4','Port Calebborough'),
('5','5','New August'),
('6','6','Lake Romaine'),
('7','7','Naderville'),
('8','8','North Jackiefort'),
('9','9','New Pablo'),
('10','10','North Misael'),
('11','11','East Lauretta'),
('12','12','Sengerstad'),
('13','13','Jerdeside'),
('14','14','East Shakira'),
('15','15','Ezraville'),
('16','16','North Rey'),
('17','17','Boehmport'),
('18','18','Sidton'),
('19','19','Naomiport'),
('20','20','South Courtneyfort'),
('21','21','Fadelmouth'),
('22','22','Port Rubiemouth'),
('23','23','Saulside'),
('24','24','Kathleenfurt'),
('25','25','Lake Geraldport'),
('26','26','Angeloshire'),
('27','27','East Rodrigo'),
('28','28','Lueilwitzton'),
('29','29','Harrismouth'),
('30','30','Lake Mina'),
('31','31','Jarodmouth'),
('32','32','Shieldston'),
('33','33','West Norbertbury'),
('34','34','Lulaburgh'),
('35','35','South Minahaven'),
('36','36','Kiaraville'),
('37','37','New Rahultown'),
('38','38','South Hettie'),
('39','39','South Vern'),
('40','40','Lake Elisabethside'),
('41','41','East Haroldtown'),
('42','42','Gutmanntown'),
('43','43','North Bailey'),
('44','44','New Meagan'),
('45','45','West Treverport'),
('46','46','Jacobsbury'),
('47','47','Maudview'),
('48','48','Bradlystad'),
('49','49','New Lilly'),
('50','50','West Alexside'),
('51','1','Port Jonathan'),
('52','2','Predovicview'),
('53','3','Ahmedchester'),
('54','4','Doyleburgh'),
('55','5','Rosannaborough'),
('56','6','Lake Oliverstad'),
('57','7','Port Maynardville'),
('58','8','Watersport'),
('59','9','Schillerborough'),
('60','10','Starkfort'),
('61','11','Zboncakhaven'),
('62','12','Corinemouth'),
('63','13','Kihnview'),
('64','14','Andersonside'),
('65','15','South Danial'),
('66','16','Hunterfurt'),
('67','17','Cathrineshire'),
('68','18','South Earnestine'),
('69','19','Dietrichchester'),
('70','20','Rutherfordshire'),
('71','21','Trevershire'),
('72','22','East Gillianton'),
('73','23','Runolfssonchester'),
('74','24','Port Carrieview'),
('75','25','Vonberg'),
('76','26','Jadynfort'),
('77','27','West Obiemouth'),
('78','28','Walkerbury'),
('79','29','Millsmouth'),
('80','30','South Kristoffer'),
('81','31','East Juddshire'),
('82','32','Hackettchester'),
('83','33','Faheymouth'),
('84','34','Lake Arch'),
('85','35','Schuylerborough'),
('86','36','Candiceshire'),
('87','37','Hartmannmouth'),
('88','38','Satterfieldland'),
('89','39','North Calibury'),
('90','40','West Eileenmouth'),
('91','41','Port Mireille'),
('92','42','Lake Domingo'),
('93','43','New Toneyport'),
('94','44','Jedfort'),
('95','45','South Royceborough'),
('96','46','Port Ernestinemouth'),
('97','47','Schimmelport'),
('98','48','Raphaelburgh'),
('99','49','Port Darrick'),
('100','50','East Beth'),
('101','1','Whitestad'),
('102','2','East Tina'),
('103','3','Funkborough'),
('104','4','Danielmouth'),
('105','5','Gutmannview'),
('106','6','West Natalieborough'),
('107','7','South Anabelmouth'),
('108','8','Vitoside'),
('109','9','Lucileview'),
('110','10','New Nickolasborough'),
('111','11','Erwinmouth'),
('112','12','Terryville'),
('113','13','East Mozelleville'),
('114','14','Klingmouth'),
('115','15','New Wiltonmouth'),
('116','16','South Ethabury'),
('117','17','Ansleyberg'),
('118','18','Schillerfurt'),
('119','19','New Trisha'),
('120','20','Port Rickieland'),
('121','21','North Siennaville'),
('122','22','Lake Asia'),
('123','23','New Earlshire'),
('124','24','Raeburgh'),
('125','25','North Taya'),
('126','26','Abbottport'),
('127','27','Michaleberg'),
('128','28','Hackettland'),
('129','29','South Zoeyport'),
('130','30','Port Isobel'),
('131','31','Tarafurt'),
('132','32','Port Martinefort'),
('133','33','South Perry'),
('134','34','Ratkeville'),
('135','35','North Ena'),
('136','36','West Lunahaven'),
('137','37','Arelyland'),
('138','38','North Emilie'),
('139','39','Port Major'),
('140','40','Jonasville'),
('141','41','Gleichnerhaven'),
('142','42','Skyeland'),
('143','43','East Name'),
('144','44','Mannshire'),
('145','45','Hellermouth'),
('146','46','Marlenport'),
('147','47','Binsberg'),
('148','48','South Breanatown'),
('149','49','Port Heidiborough'),
('150','50','Lake Gloriamouth'),
('151','1','New Korbinstad'),
('152','2','Port Ruben'),
('153','3','North Sister'),
('154','4','New Juliana'),
('155','5','Parkerfurt'),
('156','6','West Karine'),
('157','7','North Vidaland'),
('158','8','Felicitymouth'),
('159','9','East Ignatius'),
('160','10','West Demarco'),
('161','11','New Annette'),
('162','12','Ricardoland'),
('163','13','Lake Magdalen'),
('164','14','Lake Isai'),
('165','15','New Laverneview'),
('166','16','Jacksonmouth'),
('167','17','Steuberfort'),
('168','18','Lake Samanta'),
('169','19','North Houstonmouth'),
('170','20','Khalilville'),
('171','21','West Holdenmouth'),
('172','22','Lake Gregorymouth'),
('173','23','Lake Coryland'),
('174','24','Port Emile'),
('175','25','West Richmond'),
('176','26','Schinnermouth'),
('177','27','Considineview'),
('178','28','New Albertville'),
('179','29','Stantonport'),
('180','30','Ryanport'),
('181','31','Lake Michaelahaven'),
('182','32','Rebekastad'),
('183','33','Port Rollinmouth'),
('184','34','Cormiertown'),
('185','35','Arlieberg'),
('186','36','North Kaylieburgh'),
('187','37','East Patrick'),
('188','38','Port Zechariah'),
('189','39','Nicolaschester'),
('190','40','Wildermanbury'),
('191','41','Wilmerside'),
('192','42','East Alisa'),
('193','43','Casperside'),
('194','44','East Jeremieport'),
('195','45','New Shany'),
('196','46','Robertsland'),
('197','47','Brownfort'),
('198','48','New Amaya'),
('199','49','Hoegerview'),
('200','50','Laruechester'); 


DROP TABLE IF EXISTS `countries`;
CREATE TABLE `countries` (
  `id` smallint(5) unsigned NOT NULL AUTO_INCREMENT,
  `name` varchar(50) COLLATE utf8_unicode_ci DEFAULT NULL,
  `region` varchar(50) COLLATE utf8_unicode_ci DEFAULT NULL,
  UNIQUE KEY `id` (`id`)
) ENGINE=InnoDB AUTO_INCREMENT=51 DEFAULT CHARSET=utf8 COLLATE=utf8_unicode_ci;

INSERT INTO `countries` VALUES ('1','Malawi',' Americas'),
('2','Benin',' Americas'),
('3','Guinea-Bissau',' Europe'),
('4','Nicaragua',' Europe'),
('5','Congo','Africa'),
('6','Ireland',' Europe'),
('7','Iraq',' Oceania'),
('8','Grenada',' Oceania'),
('9','Qatar',' Oceania'),
('10','Macao',' Americas'),
('11','Cook Islands',' Oceania'),
('12','Morocco',' Europe'),
('13','El Salvador',' Europe'),
('14','Zimbabwe',' Oceania'),
('15','Azerbaijan',' Oceania'),
('16','Papua New Guinea',' Asia'),
('17','San Marino',' Americas'),
('18','Turkmenistan',' Europe'),
('19','Botswana',' Americas'),
('20','Argentina','Africa'),
('21','Tonga',' Americas'),
('22','Niger',' Americas'),
('23','Montserrat',' Asia'),
('24','Yemen',' Europe'),
('25','Somalia',' Europe'),
('26','Solomon Islands',' Europe'),
('27','Greece','Africa'),
('28','Mayotte',' Oceania'),
('29','Djibouti','Africa'),
('30','Kuwait','Africa'),
('31','Bahrain',' Americas'),
('32','Paraguay',' Asia'),
('33','New Caledonia','Africa'),
('34','Argentina',' Oceania'),
('35','Cape Verde',' Oceania'),
('36','Poland',' Oceania'),
('37','Jordan',' Oceania'),
('38','Madagascar','Africa'),
('39','Marshall Islands','Africa'),
('40','Cyprus',' Europe'),
('41','Sweden',' Europe'),
('42','Haiti',' Europe'),
('43','El Salvador',' Americas'),
('44','Iraq','Africa'),
('45','Macao',' Europe'),
('46','Burkina Faso',' Americas'),
('47','Croatia',' Europe'),
('48','Macao','Africa'),
('49','Botswana',' Europe'),
('50','Cape Verde',' Oceania'); 


DROP TABLE IF EXISTS `messages`;
CREATE TABLE `messages` (
  `from_user_id` bigint(20) unsigned NOT NULL,
  `to_user_id` bigint(20) unsigned NOT NULL,
  `body` text COLLATE utf8_unicode_ci DEFAULT NULL,
  `status` enum('sent','read') COLLATE utf8_unicode_ci DEFAULT NULL,
  `sent_at` datetime DEFAULT current_timestamp(),
  `read_at` datetime DEFAULT NULL ON UPDATE current_timestamp(),
  KEY `from_user_id` (`from_user_id`),
  KEY `to_user_id` (`to_user_id`),
  CONSTRAINT `messages_ibfk_1` FOREIGN KEY (`from_user_id`) REFERENCES `users` (`id`),
  CONSTRAINT `messages_ibfk_2` FOREIGN KEY (`to_user_id`) REFERENCES `users` (`id`)
) ENGINE=InnoDB DEFAULT CHARSET=utf8 COLLATE=utf8_unicode_ci;

INSERT INTO `messages` VALUES ('1','1','Sit et tempore odio ex. Et consequatur quisquam qui consectetur doloribus voluptatem similique quia. Laboriosam aperiam et ab cupiditate.','read','1996-08-22 22:44:31','1992-12-14 20:35:57'),
('2','2','Exercitationem voluptatem dolores molestiae amet optio qui temporibus. Praesentium illum quam quas. Sapiente dolor vel atque omnis sed quod sit voluptas.','sent','1983-09-17 13:03:49','1986-03-06 01:32:43'),
('3','3','Earum velit quaerat itaque occaecati et modi praesentium vero. Quam necessitatibus qui molestiae. Iste magni voluptates qui velit atque et asperiores totam. Est optio sed nihil commodi accusantium.','read','2014-02-23 12:23:47','1980-11-07 16:25:58'),
('4','4','Culpa autem vel labore nisi minima sit. Velit cumque id nihil non vel est. Natus repudiandae voluptatum consequatur voluptas sit dolor non. Exercitationem assumenda tempora nulla iusto unde exercitationem quam velit.','read','1975-04-24 01:41:52','1991-07-05 05:28:57'),
('5','5','Est eius hic maxime. Architecto sunt omnis ipsum voluptatum nisi molestiae. Quos voluptatem omnis voluptatem ut aut saepe qui totam. Dicta ducimus sed accusamus nisi dolorem.','sent','1997-11-12 07:50:38','1998-04-08 01:18:24'),
('6','6','Modi placeat consectetur eos soluta. Sed earum molestias voluptates possimus ea. Ut provident et est non molestiae.','sent','1979-07-03 05:46:27','1989-02-01 21:35:27'),
('7','7','Omnis aut expedita magni. Est aspernatur tenetur ipsum nam quo. Accusamus architecto recusandae dolor ipsum. Id ut dolorem velit quis.','read','2015-10-25 00:28:01','1970-01-13 05:22:31'),
('8','8','Sed ut nulla sit aliquid aspernatur porro magnam. Et sint dolor similique harum. Voluptatem ipsum quidem nihil et et et.','read','2001-09-04 07:03:13','1998-10-07 21:19:44'),
('9','9','Eum quam repellendus molestias delectus porro. Et rerum dicta eos et quam reiciendis ea. Aliquid in reiciendis quibusdam possimus nam delectus et. Accusantium suscipit id et quo.','read','2009-02-24 02:19:38','1975-04-11 19:55:43'),
('10','10','Qui nesciunt dolorum aut officiis vero in. Velit voluptas ut laudantium dolorem ex quia. Est fuga deserunt ipsum consequatur facilis amet amet ad. Non quas velit et culpa sed.','read','1977-12-03 03:57:53','1991-01-14 20:21:13'),
('11','11','Nostrum reprehenderit maiores pariatur doloribus. Sunt nesciunt libero consequatur sapiente illo ut provident. Ut provident dolore quo nemo consequatur maiores.','read','1973-11-01 10:55:06','1989-07-09 12:36:38'),
('12','12','Cupiditate quae amet dolores non harum. Debitis perferendis error itaque distinctio quae iste enim. Eveniet enim illum nisi ut aut omnis fugiat.','sent','1982-10-24 04:35:23','1981-06-13 21:34:07'),
('13','13','Sint cum est tempore corporis nemo eos. Vitae reprehenderit nesciunt et quis. Fugiat cupiditate nulla eligendi culpa velit minus voluptate. Voluptatem quo odit recusandae quo harum nobis.','read','1976-04-11 10:45:18','1983-07-23 08:40:33'),
('14','14','Cumque corporis itaque quis et. Sapiente atque odit nisi dolores alias sed sed. Ipsa ex at incidunt occaecati.','read','1995-03-05 22:11:29','2008-09-22 23:28:39'),
('15','15','Dolor incidunt ad soluta libero harum nisi. Reprehenderit et sed aut aut facilis recusandae consequatur officiis. Ut dolorum tenetur quam voluptas voluptatem minus eos. Voluptates aut velit eligendi.','sent','2009-06-07 05:18:36','1987-01-06 05:41:24'),
('16','16','Dolorum vel quo est ipsa rerum laboriosam. In iste quasi delectus ut. Voluptatum enim ut minus quia. Dolor nobis quo dolorem fugiat.','sent','2002-04-16 12:08:45','2013-07-23 20:28:19'),
('17','17','Maxime hic error dignissimos cum quod. Libero ut ut at corrupti. Accusamus harum esse dignissimos atque maiores quia similique est.','sent','1997-08-01 18:04:47','1996-05-29 17:47:24'),
('18','18','Quidem commodi recusandae officia dolores hic. Minus deleniti est nostrum magni omnis pariatur. Reiciendis mollitia quis enim fuga et. Veritatis mollitia voluptatem dolores aut ipsam et.','read','1993-05-23 17:19:14','2013-02-21 12:42:57'),
('19','19','Quidem labore quia ut in libero. Rerum enim ipsam doloribus ea facilis. Reprehenderit sit eveniet beatae consequatur magni.','sent','1978-04-03 20:06:20','1987-10-06 15:58:38'),
('20','20','Illo ex reprehenderit expedita consequatur officia et. Velit ipsam magni quo rerum tempora qui. Autem natus tenetur quis vero.','read','1984-09-30 04:41:29','1978-02-23 20:03:09'),
('21','21','Est tempora ut rerum voluptatum saepe. Qui laudantium earum eos dolores. Excepturi error doloribus blanditiis quas delectus. Consequatur ipsam voluptatem sit itaque architecto.','sent','2019-10-17 15:47:12','1984-03-21 05:37:33'),
('22','22','Dicta ut quaerat nobis officia. Ut qui totam hic ipsa ut necessitatibus officiis. Voluptas iusto provident numquam non enim temporibus. Dolor voluptatum exercitationem accusantium temporibus odio repellendus aut. Assumenda totam consectetur et animi explicabo voluptatem.','sent','2006-11-19 09:00:42','1972-02-04 00:16:38'),
('23','23','Quae cumque magnam et et reiciendis consequatur animi quos. Omnis quas labore ad optio. Fuga ipsam libero et ea fugiat quae. Error dicta natus mollitia et et. Excepturi est odit repellat quia occaecati quos.','read','1997-11-09 02:37:13','2014-05-22 07:51:20'),
('24','24','Ducimus ut sint molestias aut ex optio. Vel eligendi et odio. Delectus quisquam debitis aperiam blanditiis ea aspernatur.','sent','1982-07-16 13:18:39','1975-01-22 15:46:13'),
('25','25','Esse officiis quisquam molestiae et dicta et et distinctio. Dolore pariatur molestiae veniam quos. Minima ea fugit aut sapiente eum.','read','2018-05-31 21:33:05','2008-10-28 04:27:22'),
('26','26','Necessitatibus consectetur sit tenetur iure. Consequatur ea aut architecto reprehenderit eum nulla laboriosam. Et eos exercitationem velit quidem quae. Vel officiis id ex harum molestiae sunt exercitationem.','read','1986-01-19 14:18:22','1987-08-26 21:03:47'),
('27','27','Corporis sit et aliquid sed adipisci ullam iusto nulla. Optio ea consequatur eum quia quidem minus nesciunt. Vero enim labore possimus pariatur. Consequuntur quibusdam quaerat veniam earum atque ipsum.','read','1975-11-19 00:07:48','2017-08-02 10:28:54'),
('28','28','Non iusto sapiente labore provident placeat sed. Sunt in eum quos commodi. Ullam et sequi ea a.','sent','1985-03-21 05:43:48','2009-07-17 13:42:11'),
('29','29','Consectetur ducimus maiores est quaerat commodi vel exercitationem. Ut corrupti enim autem nostrum. Commodi consequuntur perspiciatis sed illum quisquam illo voluptas maxime.','read','2010-03-20 06:46:14','1986-06-26 05:54:12'),
('30','30','Rem ea minus id autem fugit. Non nihil amet autem perferendis nisi consequuntur enim. Recusandae atque magni dignissimos sequi iure voluptatem. Doloremque sequi vitae iste quasi explicabo qui enim. Error nam quo aut.','read','2004-03-08 22:00:55','1978-11-22 12:29:38'),
('31','31','Nihil corrupti sint saepe. Labore quae rerum blanditiis quod. Ducimus fugit et iure deserunt perspiciatis quia est. Aut aliquam voluptatem consequatur quis quia.','sent','2004-10-11 18:28:16','1973-03-02 02:35:59'),
('32','32','Similique cupiditate natus tempora et occaecati labore doloremque. Voluptas aliquam quod cum. Omnis quis delectus repellat.','read','1986-01-31 20:58:23','2004-03-19 07:27:24'),
('33','33','Voluptatem dolores perferendis quia et facilis aut. Odio dolores eligendi doloremque molestiae cumque. Unde quis veritatis cum omnis ad id aut.','sent','2017-04-01 06:45:36','2012-04-07 00:55:22'),
('34','34','Ad ex libero voluptatibus rerum facilis sed eos. Voluptates voluptas deleniti eaque quam. Voluptatibus voluptatem expedita dolor ratione aut illo. Ut sint dicta omnis eaque voluptatibus.','read','2008-10-02 12:02:26','1999-09-11 06:34:14'),
('35','35','Voluptatem ut est autem consequuntur est sed. Aut dolorem odit nostrum sed sit omnis. Atque dignissimos ad dolorum saepe fuga est. Aliquam dolorem et qui nam.','sent','2003-12-27 19:47:53','1992-08-29 22:54:37'),
('36','36','Deserunt consectetur voluptate excepturi ad. Qui debitis quibusdam velit quibusdam perferendis. Cum quasi natus non omnis cupiditate quo. Consequuntur saepe adipisci dolor ad.','sent','2017-11-27 03:32:54','1992-01-23 04:47:08'),
('37','37','Nisi in suscipit voluptate aut excepturi sed dolorem. Aliquam rerum nisi neque. Unde mollitia at fuga molestiae provident harum libero voluptas.','sent','1973-07-03 08:48:28','2004-01-11 23:54:37'),
('38','38','Aliquid et dolorum ab nihil sint ipsam. Sit et dolorum ab possimus vel est accusamus et. Rerum et tenetur qui harum qui modi fugit et.','read','1999-08-29 23:12:42','1990-06-21 10:57:53'),
('39','39','Dolorem dolores ut totam voluptates fugiat. Laudantium magni tenetur sit deleniti. Velit ipsum et delectus dolores voluptatem quisquam cupiditate. Est nemo sint nemo provident sit tenetur adipisci. Ea nisi quasi qui aliquam libero est.','sent','2010-11-06 12:49:23','1971-10-30 05:03:38'),
('40','40','Doloremque voluptas ex optio dolores ut odit harum. Ratione nemo qui voluptas dolorem non. Impedit non culpa esse praesentium maiores iste. Ut expedita sunt consectetur aut autem.','read','1982-06-01 23:41:45','2002-07-02 23:49:31'),
('41','41','Esse autem et labore alias architecto. Laboriosam dolor est unde accusamus provident. Et temporibus deleniti excepturi ducimus ut rerum laboriosam. Error sit nihil sint in laboriosam id aut. Autem ex aut temporibus voluptatum velit minima.','sent','1974-09-25 04:33:31','2009-12-07 01:09:36'),
('42','42','Quis accusamus nobis dolores alias. Repudiandae eaque quibusdam similique facere ducimus ad. Voluptas est aut eveniet. Sed necessitatibus alias vero aspernatur numquam vitae ab reiciendis. Dignissimos id libero dolorem.','sent','1970-02-07 09:02:26','1980-05-26 08:38:37'),
('43','43','Quae aut harum nam velit optio. Ex nihil corporis distinctio at. Eos similique et ut id. Et eum est nihil quisquam qui consequatur iure porro.','sent','1998-11-14 04:53:07','2001-08-15 05:00:49'),
('44','44','Et non sint enim enim. Repellendus totam tenetur dolorem aliquam non totam debitis. Id quaerat quia sed aliquid eos vitae neque.','sent','2012-10-19 17:17:06','1972-06-26 21:41:51'),
('45','45','Eos molestiae sed eum recusandae laboriosam et incidunt. Labore ipsa quia ratione eum in. A dolores debitis accusamus vel. Aliquid quo amet corporis quidem in cum facilis.','read','1976-11-22 17:03:34','2002-02-11 02:22:14'),
('46','46','Nulla fugit quisquam sed praesentium amet. Officia blanditiis commodi sed consequatur quo. Consequatur modi aut aut quas explicabo neque sit sit.','read','1977-06-06 23:50:13','1986-05-13 03:00:17'),
('47','47','Est sunt dignissimos dicta aut. Veniam corporis veniam est amet aspernatur. Debitis ut accusantium eum velit quod placeat id impedit. Id natus autem culpa et est aperiam.','read','1994-01-14 13:08:01','1994-12-30 23:28:57'),
('48','48','Distinctio ut quis nam. Labore et in temporibus animi. Illo quas iste odio commodi inventore repudiandae.','sent','1998-10-11 23:06:35','2019-04-15 06:59:16'),
('49','49','Minima omnis et pariatur. Quia porro eos ea et veritatis. Delectus odit et ut quidem accusantium sunt ut.','read','2017-10-18 21:39:43','2020-01-19 08:40:49'),
('50','50','Error cum inventore sequi iusto quae eius provident. Veritatis rerum voluptas rerum laudantium eveniet fugit sed. Porro et eum explicabo cumque id quae saepe aliquam.','read','1977-04-16 06:35:34','1993-10-10 14:45:34'),
('51','51','Officia alias saepe quibusdam veritatis nobis deleniti fuga. Officia beatae iure consequuntur fuga ad saepe ratione ut.','read','1984-11-01 06:47:11','1982-09-12 08:27:45'),
('52','52','Commodi tempore qui sint nulla voluptas et. Voluptatem corrupti dolore non odio. Autem est commodi non ut.','read','1988-01-29 05:24:43','2014-01-06 21:48:58'),
('53','53','Incidunt dolorum natus quia molestiae totam ad sunt. Molestias aperiam magni beatae in autem ut. Modi consequuntur alias nam aspernatur voluptatem nihil.','read','1972-02-04 05:01:52','1973-02-26 01:00:34'),
('54','54','Est praesentium qui neque eligendi doloribus. Eum accusantium et in quae.','sent','1993-04-08 18:23:12','1978-10-27 04:18:41'),
('55','55','Totam dignissimos et quis dignissimos sint itaque. Voluptatem possimus sit occaecati autem deserunt accusamus. Eligendi molestiae et quibusdam praesentium laboriosam officiis. Incidunt atque doloremque dolorem sint.','read','2013-03-14 18:24:48','1996-05-29 13:16:24'),
('56','56','Voluptatibus quia tempora tenetur tempore quaerat debitis. Quos placeat quo dolores perspiciatis ut repellat. Et autem adipisci est sunt voluptatibus quidem.','sent','1972-10-23 18:56:28','1998-11-11 15:53:26'),
('57','57','Et qui quod quod doloremque molestias a eaque qui. Quidem dolores amet consequatur enim. Soluta eum ullam omnis iure temporibus aut. Dolores sapiente iste quisquam saepe in atque sequi.','read','1980-01-03 07:37:46','2008-06-25 20:09:31'),
('58','58','Porro sit blanditiis est qui eos nihil nostrum. Libero accusamus distinctio odio et illo aut autem. Inventore voluptas repellat est eos.','sent','1995-09-23 23:56:44','1998-12-18 07:47:56'),
('59','59','Quis quia voluptatum veniam aperiam quo sunt culpa. Reprehenderit sequi nulla quo aut consequatur. Aperiam aut quod totam odio ut.','read','2014-12-05 03:28:00','2004-06-10 22:55:50'),
('60','60','Eum quia ratione dolorem nisi omnis. Magni omnis quae unde est.','read','1989-04-17 11:27:28','2011-06-12 23:18:19'),
('61','61','Et nobis omnis aut et aut. Rerum ut corporis id fuga. Illum tenetur voluptates labore quo commodi sed voluptas. Blanditiis et molestiae laborum voluptas necessitatibus.','sent','2016-10-25 23:51:28','2000-01-10 00:26:16'),
('62','62','Blanditiis molestiae ullam minus amet. Totam aliquam totam dolores dolorum harum accusamus. Nisi facere libero aut nam et vel.','sent','2002-12-11 10:05:14','2016-01-08 02:36:39'),
('63','63','Nihil illo dignissimos aliquid vel voluptatibus excepturi. Exercitationem vel delectus quam assumenda. Laboriosam cumque fugit veniam sit quo et qui. Quis provident et tenetur aperiam aut et. Et voluptate laboriosam minus praesentium velit.','sent','2001-10-10 08:28:04','1995-12-13 00:20:26'),
('64','64','Earum in pariatur necessitatibus placeat sit. Rerum ducimus quia expedita ut. Laboriosam vel impedit sit tempore. Unde delectus atque illum.','sent','1998-07-23 00:33:10','1976-10-25 21:53:58'),
('65','65','Et molestias sit ex vel impedit ipsum cupiditate. Alias dicta voluptatum dolorem repellendus corporis. Molestiae vero sapiente eligendi ut accusamus nihil molestiae.','read','1997-10-24 01:07:59','1994-07-16 20:56:25'),
('66','66','Magnam voluptates quia deserunt aut commodi quae. Qui quidem doloremque dolores possimus sit suscipit eum. Maiores sunt molestiae harum dolorem provident ut minima.','read','2005-02-13 06:24:47','1979-09-04 10:13:13'),
('67','67','Saepe molestiae est nostrum in exercitationem. Est odio sit fugit ex aut vero. Delectus voluptatem sit nisi consectetur magnam tempore ducimus ea. Voluptas cum mollitia voluptas suscipit nisi quis. Vitae a occaecati omnis dolor omnis.','read','1995-02-10 08:20:34','1984-08-30 10:28:39'),
('68','68','Voluptatem id aut hic et. Aut sed in ad consequuntur mollitia iste impedit. Ut voluptatem molestiae neque nihil quas beatae. Minima consequatur sit nihil et molestias.','sent','2010-08-23 01:18:55','2018-09-20 11:49:13'),
('69','69','Quae ut sit nemo facere ea aut aliquam. Sit corrupti error id. Tempora aut omnis consequatur quae omnis.','sent','2002-08-07 14:28:02','2009-02-17 23:00:22'),
('70','70','Ea rerum animi consectetur voluptas excepturi. Perferendis qui mollitia officia cupiditate. Necessitatibus velit dignissimos dicta accusamus blanditiis.','sent','1985-12-02 12:36:54','1986-06-13 16:08:08'),
('71','71','Rerum ea quibusdam dolorum omnis. Et aliquid est consectetur consequatur sunt. Ab in eaque nostrum aliquid maxime voluptatum deleniti. Recusandae tenetur odit ut ipsam non.','sent','2004-11-02 17:24:57','1977-07-01 11:33:05'),
('72','72','Explicabo est sequi laborum in. Ut delectus ad ipsam doloremque natus. Odio consequatur excepturi explicabo nam voluptas.','read','1997-01-13 12:52:44','2003-09-09 12:58:36'),
('73','73','Neque a earum voluptatibus. Asperiores omnis sunt non voluptatibus quis corrupti vel. Nihil fugit ullam quo eius repudiandae aut.','sent','1991-09-29 15:45:03','2007-06-09 10:05:54'),
('74','74','Sunt sed expedita tenetur et distinctio fuga nobis. Quos facere accusantium natus quos. Officia rerum laudantium natus velit. In et commodi blanditiis ex nesciunt aliquam molestiae animi.','sent','2004-03-03 03:35:11','1998-01-28 23:16:50'),
('75','75','Et nostrum nostrum omnis non et natus animi. Officia ut fugiat id saepe porro et voluptatem. Ut voluptas vero et necessitatibus deleniti sit ipsum. Impedit voluptas a omnis adipisci non.','read','1991-12-18 12:05:13','2006-02-24 01:39:07'),
('76','76','Qui voluptas rerum quis quo ipsa. Illo qui iure cumque quam inventore quia velit. Consectetur voluptatem dolor quia necessitatibus voluptatum et. Iusto accusamus omnis aut occaecati. Aut quibusdam asperiores quos eos error nostrum dolores.','sent','2017-12-25 03:57:15','1974-11-22 18:59:37'),
('77','77','Rerum repudiandae accusamus sit cumque optio natus. Est voluptatem voluptas tempora at molestias.','read','1978-06-21 20:40:28','1985-12-29 23:52:11'),
('78','78','Autem et aut sit quidem quia. Fugit quae qui vel. Vel aperiam ducimus cum qui nam consequatur voluptas.','sent','1992-05-13 20:42:44','1989-07-09 01:46:13'),
('79','79','Laborum et veritatis iure ut ullam occaecati. In quis neque repudiandae delectus et dolorum dolorem. Voluptatum voluptatibus labore iure excepturi sint corporis excepturi. Blanditiis est et veniam repudiandae neque libero ea.','read','1971-06-24 13:40:56','2007-11-26 11:43:38'),
('80','80','Saepe voluptatum possimus perspiciatis error. Quis voluptatem vel et corporis inventore autem. Excepturi sapiente ratione labore qui quae. Veritatis ullam id ex repudiandae nam sed.','read','1978-04-18 03:57:57','1972-05-01 03:55:29'),
('81','81','Sunt quia rerum aut iure. Et est amet est praesentium. Unde mollitia aliquid et officia qui. Aut quia eum ullam qui rerum qui soluta.','sent','2017-04-24 02:06:15','1979-08-07 16:52:11'),
('82','82','Eum et a aut corporis consequuntur alias numquam. Consectetur earum ex quod ut labore consectetur reprehenderit. Dolorem id voluptate modi itaque in. Amet qui voluptate totam.','read','1972-08-13 15:31:34','2015-04-28 05:26:11'),
('83','83','Tempore modi repudiandae iusto debitis est. Dolorum adipisci voluptatem amet aperiam laudantium eum dolorem velit. Qui voluptate mollitia rerum. Aperiam deleniti sint laborum iusto velit ratione.','read','1977-09-14 12:46:12','1981-10-06 10:47:11'),
('84','84','Explicabo dolores repudiandae hic praesentium nihil quis ut. Suscipit eveniet accusantium cupiditate animi. Quia animi consequatur tempore qui explicabo labore fuga. Nostrum nam reprehenderit veniam ex.','sent','1988-04-16 19:01:31','1980-11-03 03:29:39'),
('85','85','Ipsa error at molestiae autem sint. Ut libero asperiores aut sed unde. Molestias voluptas in delectus velit ut sunt ea in. Nostrum quia repudiandae repudiandae voluptas facilis repellendus libero. Blanditiis omnis id aliquid.','read','2002-03-27 06:16:12','1979-12-30 19:33:10'),
('86','86','Voluptas deserunt quos consequatur doloremque. Deleniti nihil quia et ipsam. Odit suscipit excepturi qui maiores omnis saepe. Minus nobis qui eligendi inventore quo.','sent','1973-10-18 15:01:48','1999-10-12 07:49:46'),
('87','87','Eius et autem sed quo placeat. Eos sit eligendi quasi dolorem nobis libero quas. Quia repudiandae sapiente ipsam.','read','2012-06-23 22:39:54','2008-04-01 04:12:14'),
('88','88','Labore sit cupiditate eos in quo accusantium. Est est voluptas consectetur iusto vero. Expedita recusandae nesciunt adipisci quis ipsum enim.','read','2006-06-08 22:54:02','1976-07-19 04:31:29'),
('89','89','Quo explicabo commodi illo ipsum ut quaerat. Assumenda et iste esse qui sequi autem. Et et deleniti accusamus et delectus quam qui. Veritatis repellat minima aliquam.','read','2005-05-10 23:31:12','1988-01-13 02:08:58'),
('90','90','Delectus dolore molestiae dolores ut. Repudiandae sapiente amet beatae aut sit. Odio placeat corrupti molestiae pariatur illo qui est. Nesciunt eum in sunt a deleniti pariatur architecto neque.','sent','2015-09-30 16:20:15','2008-12-15 23:43:08'),
('91','91','Laborum maxime cum error atque doloribus fugiat. Officiis qui inventore magni quam assumenda. Repellat velit eum corrupti rem molestiae saepe dolorem et.','read','2005-07-24 13:16:12','2001-10-04 22:05:05'),
('92','92','Aperiam dolore repellat voluptas iste voluptate maiores. Et similique molestiae iusto non quisquam minima sint. Sint aut fugiat omnis blanditiis praesentium dignissimos et. Praesentium quaerat non dolorem blanditiis ut vitae. Provident ipsum ut ex et quibusdam molestiae culpa.','read','1989-08-14 21:27:26','1993-01-01 10:25:48'),
('93','93','Qui impedit sed distinctio adipisci et quod. Quasi recusandae ex ullam. Ea dolor et consequatur.','read','1981-10-17 03:44:44','2011-10-18 07:36:18'),
('94','94','Quos tenetur natus rerum id qui. Deleniti cupiditate quia rerum.','read','1980-08-15 23:59:37','1973-03-22 10:14:41'),
('95','95','Illum fuga aut odit magni harum quasi est et. Facere qui ad doloremque suscipit aspernatur repellendus. Voluptas non eos consequatur rerum ad ut.','read','1979-04-07 00:33:34','2000-04-08 20:40:02'),
('96','96','Atque odit occaecati veritatis delectus qui. Vero fugiat nulla nisi necessitatibus dolore. Reiciendis unde et saepe sit aut rem. Consequatur sit et aut possimus rerum et alias. Praesentium necessitatibus veritatis et impedit eius quos eveniet quo.','read','1987-06-15 03:27:09','2009-08-22 08:48:02'),
('97','97','Eum ratione voluptate nobis porro. Eaque rerum voluptatum minima facere expedita quod numquam. Harum voluptas sunt quam sapiente. Nobis qui tempore reiciendis consequatur sequi ut.','sent','1982-03-26 10:38:48','1981-08-07 02:38:23'),
('98','98','Atque voluptate sint veritatis quo aspernatur. Et natus amet nostrum sunt. Quis cumque suscipit architecto rerum sed. Asperiores quam praesentium provident. Sed rem et similique aut aliquam vitae deleniti dolores.','read','2003-08-06 09:28:41','1997-03-18 16:14:08'),
('99','99','Consequatur ut aut est labore et odit. Illo eos et nostrum voluptatem nostrum aspernatur amet ducimus. Illo nemo et vel consequatur tempore quam quis non. Animi quia odit iste est quam tempore.','sent','1977-08-09 11:48:07','1998-03-24 23:02:01'),
('100','100','Et consequatur dicta mollitia recusandae nobis. Perspiciatis deserunt ut qui minima omnis. Qui suscipit id ea doloremque. Nobis dicta et impedit nihil.','read','1985-05-05 06:54:14','2001-11-06 06:41:11'),
('101','101','Voluptatibus voluptatem voluptas sit est. Eius voluptate blanditiis blanditiis accusantium excepturi itaque asperiores. Quam autem aut qui in. Et voluptas laudantium qui consequatur perspiciatis facere.','read','1978-07-26 02:59:56','2000-04-14 07:35:54'),
('102','102','Reiciendis amet tenetur vero. Amet nesciunt odit quam cupiditate ratione doloremque. Eius quis quod odio.','sent','1989-02-23 06:28:31','1973-04-14 06:30:45'),
('103','103','Ut reiciendis commodi tempore vitae eveniet quas. Reprehenderit occaecati laboriosam autem sed. Quos consequatur ratione eaque.','sent','1996-10-06 09:22:02','1991-12-12 17:37:30'),
('104','104','Delectus qui adipisci qui quod quas omnis. Ea illum sint a recusandae illum voluptas aliquid. Id veniam excepturi nostrum voluptatum mollitia quaerat.','read','2000-05-26 20:05:00','1993-07-25 21:42:59'),
('105','105','Commodi voluptatem quas nihil deleniti. Rerum corporis ullam suscipit aut sed. Hic laudantium eius ut aliquam.','read','1981-11-23 01:01:40','1983-03-03 04:02:39'),
('106','106','Molestiae rerum id quo enim corrupti. Mollitia ea voluptas dolores animi pariatur nihil. Aut sapiente esse suscipit maiores in sapiente exercitationem.','read','1986-07-12 12:58:50','1998-11-07 13:07:25'),
('107','107','Ut est placeat enim et. Sequi et nihil accusamus sint et placeat illum. Accusamus et quia error suscipit enim iste.','read','1971-03-29 18:36:59','2006-12-15 12:17:25'),
('108','108','Vero et placeat et. Aut reiciendis possimus voluptatem iste. Doloribus ut sapiente aut saepe eos ut expedita.','read','1986-12-16 10:39:06','2011-04-21 18:46:43'),
('109','109','Voluptatem id occaecati voluptatem voluptas velit. Nemo nam neque eos dolores quam. Velit et tempore repellat facere velit labore.','read','1994-12-01 13:11:39','1970-02-07 03:37:49'),
('110','110','Dicta quis vel nam dolorum. Unde iusto cupiditate consectetur qui autem. Sed quia aut aspernatur sint harum.','sent','1996-06-28 02:50:32','2016-04-01 17:31:14'),
('111','111','Quam dolorem unde laboriosam corrupti non provident. Modi tempore distinctio aut ut. Officiis ipsum nobis et soluta voluptatum incidunt.','read','2015-11-15 21:21:38','1973-12-29 16:25:59'),
('112','112','Minus dicta voluptas qui odit. Voluptatibus illo eius sint consequuntur. Qui in magnam dolorem illum molestiae.','sent','2013-09-07 05:59:46','1974-01-31 16:10:59'),
('113','113','Voluptatibus quia maiores illo. Voluptatum repellendus quia vitae praesentium quia sequi. Aut deleniti molestiae ducimus tempora. Repudiandae eos nobis aperiam.','sent','1983-08-20 19:35:42','2004-07-22 00:56:12'),
('114','114','Delectus libero et est reiciendis. Ullam repudiandae dignissimos excepturi. Cumque corporis aspernatur similique sed itaque sequi. Placeat placeat eligendi dicta repudiandae repudiandae qui sed illum.','read','2012-10-18 13:18:07','1985-11-13 05:49:09'),
('115','115','Corrupti autem quia corrupti beatae tempora ut nihil. Nostrum similique fugiat enim animi. Aut commodi dolorem autem. Aperiam sit atque eaque aspernatur omnis non. Similique accusamus aut odio accusantium vel.','sent','1997-07-27 00:30:07','2018-09-29 06:34:31'),
('116','116','Placeat atque aperiam non rerum qui inventore. Vitae id explicabo et est impedit debitis eligendi. Maiores dolores et quod corporis. Quasi eligendi fugiat totam sit fugit id ab.','sent','1995-10-06 16:33:56','2015-10-28 01:39:55'),
('117','117','Tempora officiis sed nostrum veritatis laudantium illo excepturi. Ut animi itaque et aut et architecto. Neque vel illo ea quia beatae in dolore. Animi vel occaecati ipsa.','sent','1974-08-04 03:32:39','2017-11-05 15:41:35'),
('118','118','Odit et tempora dolorum est. Nostrum voluptas blanditiis id dolores. Voluptatibus velit aut ipsum quidem pariatur voluptas sapiente. Consectetur officia quos beatae tempore occaecati odit.','sent','1974-09-25 13:54:02','1988-06-21 05:15:02'),
('119','119','Dolor et debitis voluptatem expedita autem. Cupiditate sit accusantium voluptatem eum sed facilis deleniti ex. Odio dolores repellendus adipisci impedit cum. Ad est incidunt ipsum eum eveniet asperiores.','sent','1985-09-08 23:37:07','2017-07-05 11:13:06'),
('120','120','Rem ipsam voluptas occaecati blanditiis possimus. Reiciendis et inventore quas. Sit tempore maxime repellendus hic blanditiis.','read','1994-10-02 20:20:51','1987-07-20 08:50:13'),
('121','121','Et quis debitis voluptatem perspiciatis. Voluptatem nisi voluptas officiis cumque id molestiae qui. Temporibus id numquam dolorem animi culpa amet aperiam nam. Non repellendus dolore in repudiandae est.','sent','1970-09-27 19:55:03','1986-04-04 23:03:19'),
('122','122','Ut aut at suscipit alias. Placeat ut ut maiores ut ut ut vel. Dolores quod voluptas enim facere laboriosam fuga sit ipsum.','sent','1985-12-17 16:30:06','1973-09-16 08:50:31'),
('123','123','Non mollitia et dignissimos. Et temporibus qui et debitis praesentium consequatur nihil optio. Quos eveniet ea veniam. Consequatur voluptate cumque nesciunt asperiores exercitationem enim incidunt.','sent','2018-07-17 10:41:15','1981-04-03 01:28:08'),
('124','124','Veritatis est eius omnis fuga. Et et distinctio nostrum et nobis nulla. Voluptatem tenetur omnis architecto enim a quia.','read','2013-11-22 07:09:59','1980-05-07 23:19:28'),
('125','125','Sunt est nostrum tempore delectus maiores. Rem officiis nam repellat consequatur animi. Ad nam magni quo optio eveniet corporis fugit officia. At ipsum neque quos totam temporibus voluptatem qui. Unde corporis earum unde laboriosam hic.','read','2002-12-28 10:36:14','2014-07-19 16:32:34'),
('126','126','Dicta quia adipisci rerum molestias. Minima error rerum suscipit praesentium.','read','2020-05-26 11:06:57','2006-02-26 14:15:34'),
('127','127','Nesciunt error officia expedita. Quibusdam rerum eius et consequatur qui. Provident nihil velit quam numquam aperiam at.','read','1983-10-23 10:57:46','2019-02-07 10:50:01'),
('128','128','Explicabo veritatis nulla illo beatae officia vitae. Eos ex sit eum omnis doloribus fugiat. Repellendus rerum ab iure neque illum consequuntur et. Est sed qui velit sunt vel maxime necessitatibus. Saepe quo omnis quidem.','sent','2020-05-26 17:11:27','2002-11-06 08:31:12'),
('129','129','Quo fuga qui consequatur quae aliquid non. Recusandae nobis distinctio maxime fugit iusto quos est. Sint optio sed et beatae accusamus maxime natus.','read','2015-03-20 04:25:24','2010-11-02 15:28:32'),
('130','130','Aut animi alias et esse assumenda aut. Officia et aliquid itaque ducimus. Veniam voluptate non error illum beatae.','sent','2001-02-07 20:38:14','1993-12-01 20:11:31'),
('131','131','Qui sunt at delectus adipisci. Adipisci quam molestias tempora hic voluptatem optio mollitia. Veritatis et quae doloremque qui non. Quis est labore ad alias.','read','2004-08-07 15:17:25','2004-10-25 16:56:21'),
('132','132','Assumenda et est dolore cumque at distinctio vero. Recusandae perspiciatis quibusdam quae aut accusamus.','read','2017-04-29 15:44:17','2010-05-24 11:22:56'),
('133','133','Laudantium molestias necessitatibus cupiditate consequatur doloribus. Dolorum tempora et reiciendis et. Non labore vero rerum ut nobis dolores enim. Consectetur ipsam hic quis laudantium saepe iusto.','read','1993-04-24 23:01:37','2009-06-02 04:50:13'),
('134','134','Et repudiandae atque et rerum ut. Eaque nesciunt at quia ea doloribus. Ex voluptatem et iure officia provident. Delectus possimus voluptatum nam voluptas ipsam id.','sent','2015-08-10 23:05:36','2003-01-07 13:20:34'),
('135','135','Asperiores ut aut est quis vel est provident. Nobis voluptatem explicabo est deserunt et et. Ipsam pariatur perspiciatis distinctio deserunt dolorum. Vel veritatis molestias modi quibusdam perferendis itaque. Ea natus veritatis aut facilis.','read','2017-05-01 03:57:48','1996-07-29 15:03:04'),
('136','136','Ratione aspernatur labore quis tenetur delectus. Ullam inventore corporis molestias eos quia dolor beatae.','read','2017-02-21 05:26:50','2003-10-30 14:40:07'),
('137','137','In laudantium voluptatum quia. Dolorum qui optio veritatis repudiandae. Ducimus dignissimos quod dolorem.','sent','2008-12-18 13:15:17','1996-03-28 06:51:55'),
('138','138','Porro expedita occaecati et et. Minima corporis sed inventore ad sit ut. Hic aut voluptatum non quos error occaecati rerum. Corporis animi nostrum porro quas dolores.','sent','1978-09-29 14:34:36','1999-08-29 20:04:49'),
('139','139','Esse iure quos iste consequatur rerum nam quasi consequatur. Deleniti ea vero in distinctio provident at eum provident. Cumque aut et enim eos rerum molestiae provident quaerat. Sed corrupti quaerat velit ipsa.','read','1974-01-27 21:51:15','1986-12-29 09:02:46'),
('140','140','Dignissimos sunt et fugiat neque laboriosam. Voluptas sed et soluta eius. Sit neque error incidunt debitis ea. Quo consectetur dolore laboriosam aut optio error adipisci deleniti.','read','2013-02-22 23:59:26','2017-07-15 03:09:31'),
('141','141','Nemo quaerat facilis vel assumenda. Quo nemo recusandae incidunt ad enim. Quam mollitia voluptates sed dolorem asperiores quos nemo. A est vel repellat architecto illum doloremque veniam.','read','1972-03-10 08:16:10','1988-03-08 19:04:10'),
('142','142','Perspiciatis accusamus recusandae impedit necessitatibus rerum. Dolor quia fuga velit. Neque deleniti quia accusamus. Occaecati earum ea repudiandae reprehenderit ut deleniti.','read','1991-07-24 13:38:08','1993-09-22 16:47:45'),
('143','143','Odit quos et quisquam sit blanditiis ut vitae. Autem architecto totam veniam distinctio est incidunt aspernatur mollitia. Deserunt non animi eos natus deleniti ipsam.','sent','2006-07-31 09:32:34','1974-01-14 23:52:05'),
('144','144','Eligendi atque omnis consequatur eum et dicta. Aliquam esse eligendi quo consequatur vitae magni. Aliquid earum libero architecto quis quis dolorem dignissimos. Aliquid facilis fuga voluptatem.','sent','2017-05-27 11:49:49','1976-02-16 18:19:17'),
('145','145','Qui officiis suscipit autem voluptas soluta qui. Voluptas ut aut maiores dolore occaecati tempore aut. Possimus suscipit temporibus reprehenderit blanditiis.','sent','1979-08-04 14:24:56','1996-06-12 15:58:19'),
('146','146','Id minus laborum veniam quia blanditiis voluptate. Et et est dolore mollitia doloribus. Nam minima debitis dolores deserunt. Officia nam et tempore recusandae numquam.','sent','1999-11-18 10:31:46','2009-12-11 11:42:09'),
('147','147','Numquam sed in et qui eum eos eius. Ab saepe et nisi praesentium dolores velit. Voluptatem voluptatibus et et in ratione quas.','read','1970-07-21 00:29:24','1998-03-19 14:26:32'),
('148','148','Vel aliquam quasi veniam doloribus nostrum sunt ut. Rerum et qui illum rem est ut. Quaerat consequatur vero tenetur itaque magnam velit consequatur. Nisi suscipit quo aut et excepturi qui. Quo totam ut voluptates vitae.','sent','2006-01-27 13:43:37','1985-05-22 10:35:03'),
('149','149','Aliquam qui recusandae quia. Nulla beatae neque eos consequatur exercitationem blanditiis est. Rerum dolor voluptas molestiae dolor praesentium doloribus sint. Non debitis quis at iusto laboriosam qui.','read','2010-12-04 15:38:05','1981-11-16 11:03:11'),
('150','150','Nihil quae maxime id sapiente eum minus. Nostrum commodi eveniet architecto sed voluptate. Sunt sed ut consequatur expedita ratione quos eveniet. Voluptatem laboriosam quam facilis sint.','read','1986-04-26 13:45:28','1985-02-12 15:19:36'),
('151','151','At vero suscipit eum officia aspernatur odit eum. Amet illo laboriosam libero animi nesciunt. Enim quae aut deleniti architecto non aperiam ut.','sent','1994-08-27 17:58:19','1977-12-19 16:00:51'),
('152','152','Porro reprehenderit in rerum eius non provident non. Vel possimus sequi et debitis. Consequuntur et odio est temporibus.','sent','1983-10-17 00:58:05','1977-05-19 18:56:40'),
('153','153','Nisi rerum unde ipsa magni. Iure voluptate nobis hic velit molestiae ut.','read','1991-03-05 22:07:43','2017-04-01 18:40:54'),
('154','154','Voluptatem ad facilis atque. Perspiciatis voluptates deserunt ullam consequatur ipsum. Deleniti et aspernatur rem natus.','read','1991-02-25 19:42:05','1989-06-26 10:24:14'),
('155','155','Velit error quam consequatur perferendis labore cumque non. Cum aliquam ut enim voluptas animi. Et enim sint maiores. Fugit maxime qui rerum fugiat vel eos quo.','sent','1984-08-25 17:55:53','1981-04-06 01:47:48'),
('156','156','Eveniet impedit facilis maiores repudiandae esse ipsam. Sunt consequuntur aperiam quos quisquam. Doloremque qui dolores et expedita.','read','2018-12-05 23:15:14','1988-08-22 12:36:15'),
('157','157','Enim aut earum quo rem repudiandae est rerum. Non aliquam doloremque est cumque error dignissimos iusto. Repellendus reiciendis repellat maxime repudiandae aliquid consectetur.','sent','2016-04-07 14:24:04','1979-06-19 23:33:17'),
('158','158','At omnis molestiae doloribus harum nostrum voluptas et quia. Veritatis explicabo dolorum corrupti sit hic commodi quisquam. Vel aperiam cupiditate quia et.','read','2010-04-21 21:28:33','1992-10-10 06:41:32'),
('159','159','Quibusdam aliquam mollitia adipisci maiores occaecati laboriosam. Quasi autem distinctio in. Facilis est vitae molestias deleniti atque.','read','1972-04-13 13:42:30','1997-04-16 09:49:42'),
('160','160','Deserunt voluptatem enim architecto id unde. Sapiente voluptatem voluptas qui sed. Maxime assumenda asperiores incidunt qui qui eaque. Minus nihil sunt neque nihil.','sent','2000-05-27 16:55:00','2019-10-23 09:37:07'),
('161','161','Iure cum qui ad voluptatem dolor. Sed alias qui rerum aut rerum. Consequatur iste iste molestiae non. Sunt itaque harum libero voluptas cumque.','read','1977-05-04 05:50:44','1971-04-29 05:15:23'),
('162','162','Non iusto aut animi reprehenderit doloremque asperiores amet. Vel nobis possimus quia porro. Magni quis nesciunt perspiciatis unde ut consequatur aut. Laboriosam atque aperiam ut praesentium vel.','read','1978-02-05 04:39:23','1985-04-11 13:44:00'),
('163','163','Et exercitationem aut eum consectetur asperiores et. Molestiae velit laboriosam ipsum sed voluptatem ut. Libero repellat dolorum asperiores aspernatur similique doloremque.','sent','2000-11-12 03:16:43','1974-05-25 17:35:58'),
('164','164','Incidunt pariatur sed voluptatum nostrum voluptatem. Quidem nesciunt nostrum aut deserunt quia harum. Impedit iusto repellendus odio aut ex vitae.','read','2001-01-23 08:14:33','1987-10-01 13:59:04'),
('165','165','Occaecati dolor necessitatibus nam ut. Adipisci ut porro natus quaerat. Soluta at debitis ab aliquid officia.','sent','1995-04-18 17:16:20','1973-08-05 16:53:13'),
('166','166','Aspernatur possimus quis dolor. Et praesentium et itaque enim consectetur nam. Veritatis perferendis aspernatur sit possimus earum quaerat odio aperiam. Quo nam et quaerat voluptas voluptatum placeat.','read','2006-11-10 20:14:49','2010-11-26 08:06:10'),
('167','167','Et expedita temporibus reprehenderit modi quo quidem. Commodi quaerat consequatur sequi corrupti veniam pariatur consequatur. Aspernatur doloribus est dolorem et. Ipsa molestias adipisci excepturi iste id praesentium porro.','read','1972-04-12 13:06:20','2016-11-03 03:10:27'),
('168','168','Suscipit recusandae dolor minus. Et et facilis odit adipisci repudiandae.','sent','2018-10-04 22:42:06','2013-05-08 08:18:46'),
('169','169','Dicta repudiandae hic suscipit quo accusantium. Qui magnam et id sed dolor et non. Repellendus velit minus explicabo ut non quia aliquam totam. Eius magni velit illo nemo.','read','1994-04-24 08:16:14','2003-08-31 06:34:39'),
('170','170','Inventore quo rem error qui dolore nemo. Ullam est corporis accusamus dolorum mollitia. Quisquam est provident quidem aut voluptatibus pariatur dolores. Nisi commodi neque possimus et tenetur dignissimos quis ipsam.','read','1976-12-16 07:27:09','2005-12-11 19:12:51'),
('171','171','Corporis quibusdam aliquid atque. Placeat ut hic sed possimus dolorem. Architecto omnis maiores voluptatibus est perspiciatis. Ratione nam assumenda ab molestiae labore voluptatibus. Sunt rerum facere et deserunt quam.','sent','1978-01-19 03:27:37','1996-11-12 11:09:46'),
('172','172','Qui est ullam accusantium temporibus velit occaecati. Odio sit maxime distinctio perspiciatis. In error minus ab et vitae. Atque animi sed porro commodi repellat.','sent','1985-01-16 12:47:08','1992-03-05 15:05:34'),
('173','173','Aut repellendus adipisci magni harum alias nihil culpa. Eum mollitia porro sed et vero id. Dignissimos aliquam iste qui.','read','2016-02-01 20:50:21','1998-07-30 07:12:59'),
('174','174','Pariatur incidunt reprehenderit amet nemo non quisquam corporis. Ut porro ea quasi omnis quasi repellat qui ea. Recusandae velit voluptatem maiores aspernatur accusantium.','sent','2007-10-16 18:51:46','2014-11-12 09:59:25'),
('175','175','Molestias odit ut ea consequatur dignissimos similique ea. Error et natus illum libero explicabo quia. Nihil maxime molestias et.','sent','1996-07-11 15:21:01','2003-03-15 19:51:48'),
('176','176','Qui ex ducimus sed praesentium sit labore. Ut cupiditate odio nesciunt eveniet tempore non similique ut. Aliquid commodi quia molestiae laboriosam. Dolore omnis vero at cumque nisi tempore.','read','1996-04-09 08:06:34','1982-05-20 14:58:53'),
('177','177','Et magni nam enim quaerat aspernatur. Sunt mollitia doloribus ut ut nesciunt error. Quae nihil a adipisci ducimus reprehenderit.','read','1991-12-04 21:32:55','2018-11-13 07:33:09'),
('178','178','In aut autem eum adipisci mollitia autem et. Cupiditate maiores itaque consequuntur ut. Velit pariatur dicta consequatur.','sent','1977-05-10 06:17:25','1993-01-07 03:37:00'),
('179','179','Eveniet ut corrupti non. Ducimus velit ut neque. Fuga illum corrupti nisi. Eos omnis ut nesciunt voluptatem et occaecati quis.','read','1982-02-15 08:07:39','1983-02-24 02:55:11'),
('180','180','Omnis rerum nobis tempora molestiae. Et reprehenderit cupiditate facere ipsum ad iure. Dignissimos quia voluptatibus velit sapiente ea. Fuga ea est aut cumque id placeat.','read','1986-07-21 20:21:51','2019-07-27 06:41:47'),
('181','181','Similique eligendi molestiae eos quis aperiam laboriosam. Numquam qui unde in esse animi. Dolor nulla est illo illum. Eos neque ex cupiditate unde aliquam.','read','1977-10-19 11:20:30','1975-02-15 08:25:49'),
('182','182','Qui rem asperiores voluptas dolores enim delectus. Labore nihil maxime et est dolor. Reprehenderit et deserunt similique nostrum fugiat tempore aperiam accusantium. Et ipsum nisi molestiae voluptatibus unde.','read','1986-01-27 05:09:19','2003-03-01 11:04:11'),
('183','183','Dolor commodi necessitatibus ducimus consequuntur quia perspiciatis. Aut aspernatur veniam a pariatur quo. Rem repellat similique aut autem adipisci adipisci. Sed excepturi explicabo eos ea quo.','sent','2014-05-09 21:34:43','1977-08-19 03:24:30'),
('184','184','Soluta qui voluptas necessitatibus delectus eum magni ab. Odio id consequatur aut ex nam aperiam excepturi. Consequatur alias numquam veniam est dolor sunt iste hic. Quis sequi eos omnis expedita eos fuga maxime libero.','read','1973-09-09 21:42:02','2006-11-10 11:40:52'),
('185','185','Vitae non qui ut et vel. Eius cupiditate ut exercitationem eligendi perspiciatis.','read','1987-04-13 02:25:50','1997-05-22 22:08:43'),
('186','186','Et laudantium quia rerum mollitia voluptatem dolorem officiis. Praesentium qui sed ut. Officiis sunt animi est aliquid cum minus quia.','read','1984-02-14 08:08:22','1995-07-29 14:13:06'),
('187','187','Iure saepe eum dolorum non fuga. Sed dicta quis voluptatem ut aut dicta in. Rem fuga sunt quas ab.','sent','2013-07-28 14:31:42','1999-03-08 13:13:09'),
('188','188','Deleniti voluptate sed quas iste. Molestiae culpa itaque beatae vero sapiente. Dolorum explicabo dignissimos deleniti harum praesentium vero deserunt quam.','read','2005-11-20 21:59:12','1971-10-13 00:38:58'),
('189','189','Ad et amet possimus ut pariatur iste. Debitis velit id harum molestias et iste hic. Id doloremque et et qui dicta fugiat et.','sent','1990-10-09 01:38:03','2017-08-23 16:53:12'),
('190','190','Non expedita eos nobis sed. Doloribus voluptas quasi dolor quisquam. Ut accusamus adipisci vel rerum consequatur et alias. Labore delectus consectetur qui quo ut.','sent','1984-08-17 10:16:38','1974-12-12 00:52:06'),
('191','191','Voluptates sint aut maiores similique enim modi eligendi. Nihil unde animi eligendi sequi deserunt ad suscipit. Nostrum nostrum blanditiis tempore ducimus. Minima facilis et enim quaerat illo omnis qui.','read','1992-08-02 09:50:21','2017-07-07 04:19:49'),
('192','192','Illo aut commodi ut at eum tempore voluptas. Sint maiores voluptatem voluptatem sint vero nihil praesentium. Sequi laboriosam fuga nulla tempore debitis voluptas.','read','1994-11-29 20:55:52','1990-10-27 06:42:45'),
('193','193','Eius autem reiciendis est voluptatum cum. Id sed assumenda accusantium maxime. Eaque assumenda molestias magni inventore dolorem ducimus deserunt.','read','2009-03-29 10:37:21','1974-04-01 11:16:28'),
('194','194','Non qui nobis officia quo molestiae. Omnis facere aut esse eveniet totam dolor. Quasi dicta ut illo quod quos velit. Ut qui aut cupiditate maiores et cupiditate.','sent','1986-02-06 13:19:29','1984-06-08 17:37:54'),
('195','195','Odit et similique blanditiis quis molestiae dolor. Velit magnam quas fuga qui ducimus deserunt ipsa accusantium. Aut ad provident nobis.','read','1984-07-24 06:08:03','1996-03-06 19:45:49'),
('196','196','Deserunt illum ratione eos autem error in nemo. Maxime harum veritatis nisi enim hic ut blanditiis maxime. Possimus nobis aspernatur autem natus accusamus expedita neque.','read','2009-09-16 10:05:15','2008-01-28 04:23:57'),
('197','197','Nobis commodi animi temporibus pariatur harum. Quis magnam tempore aut voluptatem. Vel quam aliquid voluptatum consequatur consequatur voluptatem asperiores.','read','2013-12-20 19:59:02','2007-04-14 00:06:40'),
('198','198','Quis atque qui libero. Nostrum laudantium minus et. Omnis eius pariatur totam tenetur nemo eos autem.','read','2012-12-12 03:56:37','1986-09-11 08:19:13'),
('199','199','Sequi totam aut eos nesciunt. Porro aspernatur fugit assumenda dolorem eos non. Quaerat sit sit possimus aut sequi accusamus. Ut libero praesentium architecto.','read','2007-09-12 04:52:42','1979-04-02 03:11:01'),
('200','200','Numquam architecto soluta est qui maxime libero. Voluptatem ratione quasi facilis in. Et explicabo alias earum eos nostrum.','sent','1999-04-30 12:34:14','1982-07-17 08:43:09'),
('201','201','Molestias facilis magni porro est corrupti. Dolorem aut veritatis eum est quia quis. Nemo eligendi sapiente similique corporis. Doloribus officia voluptatem est in quis inventore incidunt.','read','1981-03-02 11:12:36','1991-07-07 07:48:38'),
('202','202','Esse sapiente aut omnis id consequuntur. Iure ut minus itaque quibusdam nihil aut odit sed. Aspernatur rerum ut sit esse voluptate autem et.','read','2010-11-17 15:03:49','2007-10-21 12:29:01'),
('203','203','Aliquid ut deleniti sit et molestias. Quia praesentium officiis suscipit et a dolores necessitatibus quia. Aut est quis nisi ut animi.','sent','1999-02-24 10:44:32','1972-07-11 02:21:01'),
('204','204','Iusto a officia saepe rerum et fuga enim magnam. Ut inventore quae dolore. Porro sed ullam architecto at totam ea blanditiis.','sent','1986-05-13 04:45:24','2008-07-26 01:48:16'),
('205','205','Temporibus aut doloribus unde aliquid vero qui ea id. Labore dicta aut aut voluptatibus.','sent','2012-06-28 02:30:27','1992-07-02 22:02:27'),
('206','206','Placeat autem alias qui fugiat aperiam in fugiat. Atque atque commodi quia accusantium. Dolor dolorum omnis sit nesciunt ut eius ratione. Quisquam maiores et atque in quidem quis id.','sent','1983-01-12 15:16:47','1996-04-03 19:25:31'),
('207','207','Eos eveniet necessitatibus iure nihil aliquam. Possimus qui nihil aut voluptas sed cum veritatis iste. Deleniti amet voluptas perferendis voluptate nihil.','sent','1984-05-01 03:30:34','2002-05-15 08:40:46'),
('208','208','Sapiente eligendi assumenda libero praesentium repudiandae nostrum officia. Magni ex voluptate aspernatur fuga et eos. Aspernatur consequuntur sed ullam. Veritatis illum enim dignissimos sint voluptas.','read','2001-08-28 22:03:14','2013-01-20 07:33:24'),
('209','209','Minus occaecati qui rerum expedita molestias assumenda ea. Rem et dolores tempora aut. Ex fugiat nihil consequatur et cum corrupti.','read','1997-07-27 06:35:22','2012-03-08 07:31:45'),
('210','210','Ex ut vitae cumque nemo ducimus facere. Voluptatem distinctio numquam laboriosam laborum. Veniam quam dolor quis enim velit. Inventore illum eum porro eum velit.','read','2020-05-08 03:11:29','1994-09-19 20:10:56'),
('211','211','At ad totam tempora ut quia. Quod voluptate dolorum vel facilis. Repudiandae quia explicabo velit asperiores dignissimos ex incidunt eveniet. Qui beatae quia aliquid ipsam.','read','1987-09-11 02:19:18','1999-01-23 10:05:53'),
('212','212','Quibusdam sequi sed voluptatem illo temporibus aut voluptatem qui. Amet dolor adipisci dolores officia quisquam tenetur velit. Excepturi consequuntur quibusdam explicabo aut beatae in voluptatem. Sed veniam sequi quo eum.','sent','1997-10-05 13:48:14','1971-09-22 03:52:12'),
('213','213','Repudiandae voluptatem corrupti labore explicabo et. Est expedita fugiat consequatur sit ad. Incidunt molestias soluta doloribus quos ut alias voluptatem.','read','1976-06-25 04:48:31','1988-03-12 20:13:18'),
('214','214','Dicta eaque veniam consequatur. Aut labore dolorem odit nam sint perferendis tenetur praesentium. Iste dolorem aperiam ea voluptatibus natus ut.','read','1979-06-24 06:10:14','1995-11-29 13:19:42'),
('215','215','Consequatur laborum voluptatem labore laborum. Sunt fugiat in molestias voluptatem et reiciendis. Id similique aut sed et saepe ducimus. Dolores aut et illo et possimus voluptatem.','sent','1982-03-10 01:04:18','1985-09-13 11:30:37'),
('216','216','Debitis nulla commodi eligendi aut excepturi. Rerum dolor vitae pariatur id consequatur sit. Voluptates quia dicta voluptas quis.','sent','1977-12-16 07:05:41','1999-12-27 15:08:45'),
('217','217','Rerum ipsa aut quam est. Aspernatur non beatae totam corrupti molestiae beatae. Et error nobis consequatur ipsa.','read','2004-06-28 11:18:04','2013-12-15 07:48:57'),
('218','218','Soluta architecto eveniet eveniet aperiam adipisci. Harum accusantium qui et vel et.','read','2015-02-26 16:13:04','1972-12-09 12:44:03'),
('219','219','Voluptatem hic dolores quas rerum qui error. Reiciendis omnis quas praesentium perspiciatis nobis. Eos quod exercitationem ut qui est repellendus. Nihil et qui possimus inventore quisquam quia.','read','2012-01-17 09:32:46','2009-08-05 12:39:32'),
('220','220','Qui qui et officiis. Aut et sed qui dolores et quibusdam deleniti atque.','sent','1989-09-27 09:20:08','2014-01-15 07:48:10'),
('221','221','Distinctio accusantium accusantium quia neque laborum rerum. Aut facere iusto qui vel qui nemo assumenda. Rerum voluptatem nihil aliquam repudiandae voluptatem quam illum. Officia quo voluptatem nulla omnis et quis quod. Nesciunt soluta quibusdam facere in facere distinctio ipsam laborum.','read','2015-01-29 07:20:50','2000-12-04 17:42:22'),
('222','222','Nam facere officia non placeat quisquam. Sed non atque fugit omnis recusandae ab quaerat. Mollitia reprehenderit recusandae incidunt ducimus nesciunt mollitia facere.','sent','1970-02-05 23:18:01','2006-11-01 05:33:32'),
('223','223','Sint molestiae consequatur eum enim soluta. Pariatur quasi sit sit quas non sit. Eum voluptatem adipisci doloribus recusandae.','read','1988-03-14 00:23:16','2009-05-06 09:41:10'),
('224','224','Accusantium dolore eos excepturi ut vero saepe et. Et velit deleniti ipsa porro labore. Eligendi fugit consequatur unde qui incidunt odio vel vitae.','sent','2018-08-24 05:38:00','1982-07-20 17:08:10'),
('225','225','Ad aut et qui qui ipsam ipsum accusantium quos. Corrupti vel nobis repellat. Eos eaque repellat possimus dolores amet laboriosam architecto. Et architecto libero qui minus minus. Est quasi autem nihil quo aut dicta sunt.','read','1992-09-26 19:11:37','2014-12-17 18:54:26'),
('226','226','Ut nisi sint fugit suscipit dignissimos rem tempore. Voluptas corrupti necessitatibus fugiat aut ratione inventore. Voluptate corporis est sit at ipsam itaque. Rem quam aut esse qui earum dolor ut ipsam.','read','1985-11-14 06:21:08','1974-04-11 06:45:17'),
('227','227','Ullam quia explicabo aut id est enim eum numquam. Harum ex illo ea reiciendis corrupti ut ut. Voluptatibus et non facere quibusdam quo saepe.','sent','1986-07-20 11:48:42','1992-11-05 02:46:01'),
('228','228','Quasi saepe a eos deleniti aut explicabo exercitationem. Dolorem sunt similique accusantium. Reiciendis aut facilis aut error cumque non. Tempora necessitatibus saepe illum omnis nam eligendi. Dolore tenetur et similique architecto veniam.','sent','1974-06-21 21:06:14','1974-01-03 07:21:26'),
('229','229','Magni pariatur id et cumque nostrum consectetur. Autem rerum est voluptatibus enim ex. Harum earum voluptatibus eos nobis quia temporibus molestiae.','sent','1984-05-22 19:40:45','1980-11-30 15:23:05'),
('230','230','Quo molestias debitis temporibus vel. Sit molestiae minima voluptatem facilis tempore laudantium voluptas. Ullam et doloremque corrupti fugiat odit.','read','2013-10-29 05:57:26','1974-09-04 02:49:29'),
('231','231','Ut vel sed sit ipsum voluptatem recusandae libero. Aut quidem blanditiis ipsam perspiciatis ut. Sint dolor laudantium distinctio facere. Architecto consequatur vero nulla quo.','sent','1990-01-06 22:52:10','1976-12-06 03:54:32'),
('232','232','Ipsam aspernatur mollitia qui magnam et. Ut alias et excepturi doloribus corrupti sed unde voluptas. Eum debitis illum cumque distinctio aut corporis eos.','read','1986-10-30 06:04:08','1980-11-14 14:55:33'),
('233','233','Commodi veritatis nesciunt dolor dolorum. Eaque provident rerum amet. Aut veniam qui et velit qui omnis dolor.','sent','1981-09-20 12:25:44','1976-10-07 03:42:56'),
('234','234','Fugit quia consequatur sunt facere et est soluta cum. Pariatur et consequatur ut enim. Quia nihil eos vitae qui explicabo reiciendis.','sent','2011-04-23 03:30:48','2013-12-24 18:01:11'),
('235','235','Molestiae enim harum error maxime. Vitae dolores rerum atque exercitationem quam. Molestiae aut veritatis consequatur illo voluptatum.','sent','1991-03-06 06:17:44','1986-08-24 20:44:34'),
('236','236','Porro voluptatem saepe et accusamus et. Consequatur harum beatae qui. Unde et corporis voluptas aut.','read','1988-01-16 08:43:29','2017-04-07 09:02:00'),
('237','237','Aut sit voluptatibus quidem. Quam porro modi iste molestiae. Incidunt et modi quia consequatur.','read','2009-10-21 09:24:37','1995-07-10 11:07:44'),
('238','238','Praesentium eos ut quae et voluptatem eligendi. Officiis vel nisi et ut inventore ex libero sit.','read','1971-10-21 23:07:49','1998-08-23 11:53:21'),
('239','239','Voluptatem enim laudantium provident sed vel itaque. Et tenetur et et. Accusantium nemo omnis occaecati nobis vel illum iusto.','sent','1974-04-28 09:19:04','1973-12-11 05:01:53'),
('240','240','Qui reprehenderit iure ipsum est tenetur. Numquam odit modi non aliquam animi sed. Et doloribus voluptatem voluptas occaecati pariatur qui enim. Incidunt architecto laudantium qui voluptas est incidunt repellat.','read','2000-03-30 02:44:01','2002-12-17 00:02:17'),
('241','241','Et sed est quae necessitatibus est similique magnam aut. Tenetur fugit quia sed. Cum est at illum aperiam error molestias.','sent','1998-08-28 05:53:09','1990-07-01 22:40:50'),
('242','242','Fugit optio iure nesciunt quis dolores est. Et et qui velit architecto explicabo iusto earum non. Enim quod quos nihil vitae illum sint. Quam ipsam aut et laborum sit. Soluta est illum repudiandae dolorem ut ut dolores sed.','sent','1985-09-22 19:49:22','2000-09-30 10:22:57'),
('243','243','Veritatis consequatur eos optio. Fugiat et aut aspernatur ut accusantium. Omnis quo velit ut et. Non ipsa praesentium blanditiis aliquam dolorem error.','sent','1972-11-09 02:21:38','1978-04-10 22:45:50'),
('244','244','Unde praesentium earum voluptatibus vel. Veritatis animi recusandae voluptatem veritatis in culpa accusamus. Aut repudiandae adipisci esse alias unde. Illum mollitia sunt et.','read','1985-08-26 08:07:02','1976-02-21 04:50:27'),
('245','245','Ea unde eius laboriosam sit nisi. Illum voluptatibus praesentium pariatur voluptates. Cumque repellat natus voluptas. Praesentium optio quia enim quo numquam.','read','2015-11-09 19:55:22','2003-10-04 02:50:05'),
('246','246','Aut explicabo quos magnam accusamus doloribus ut accusantium. Deleniti itaque dicta ut voluptates autem deleniti officia. Quaerat nostrum rerum quod nobis deserunt asperiores quis adipisci. Odio autem qui et soluta dolorem. Optio et nihil et omnis.','sent','1985-01-08 07:46:37','1985-06-25 20:52:09'),
('247','247','Iste voluptas non magni ea deleniti eveniet sit. Incidunt assumenda veritatis illum temporibus. Cupiditate laboriosam alias error soluta eum.','sent','1977-01-25 09:11:12','2010-12-24 12:26:58'),
('248','248','Quisquam repudiandae sapiente quisquam. Eveniet at magnam aliquam modi beatae voluptatum. Consectetur reiciendis voluptatibus ut inventore consequatur voluptas.','sent','2008-12-12 09:09:44','1988-05-19 02:24:30'),
('249','249','Dolorum porro non laudantium sed aut sint perferendis et. Eos possimus atque iste rerum eligendi tenetur aut. Tempore asperiores inventore unde numquam.','read','1970-12-04 11:06:25','1987-01-31 02:43:56'),
('250','250','Voluptas quibusdam ab eos omnis. Recusandae quo et corporis voluptas vitae in. Ea consequatur magni praesentium sequi nulla voluptatem voluptatem. Quibusdam voluptatem omnis deserunt quae.','sent','2010-11-10 22:11:03','1994-09-20 12:30:48'),
('251','251','Nulla est sequi eius est. Ratione excepturi voluptas minima. Cum aut qui cupiditate dolore minus tempore non.','read','2009-10-12 12:17:34','2017-04-19 06:56:14'),
('252','252','Similique voluptatem voluptatum libero voluptatem alias sunt excepturi. Id ad repellat quam ut repellendus culpa et. Quisquam ullam ut aut omnis esse veritatis dolorem. Saepe sit ullam necessitatibus rem rem delectus voluptatibus.','read','1989-01-22 17:49:17','2000-06-22 08:54:27'),
('253','253','Consequatur nam reiciendis recusandae voluptatum. Sunt molestiae consequatur ut maxime ut et ullam.','read','1979-07-27 20:57:05','2016-07-05 08:24:36'),
('254','254','Deserunt ea optio et sed. Explicabo illo sit et velit deleniti alias vero. Praesentium quod suscipit ea et sed itaque voluptatem.','sent','1983-03-24 01:46:35','1979-03-14 18:36:27'),
('255','255','Dignissimos ipsam dicta placeat. Numquam quod unde tempora. Neque delectus animi voluptates quaerat illum dolore. Repellendus voluptas magni velit rerum saepe.','read','1983-04-28 06:35:01','1991-02-28 06:51:23'),
('256','256','Quasi ullam a cum repellendus velit quo. Enim et suscipit iste est est aut illo. Sapiente voluptate aperiam vel quae quod hic optio. Non sed molestias aut et.','read','1971-11-09 21:50:28','1998-03-25 11:59:43'),
('257','257','Eveniet ab sit nulla suscipit excepturi velit blanditiis voluptates. Incidunt vitae vel aliquam adipisci laboriosam asperiores eveniet ad. Asperiores cum sed minus aut blanditiis ipsam est ipsum. In enim sed quam quis aliquid.','sent','1990-07-08 17:17:14','1996-10-13 22:21:53'),
('258','258','Et quia id voluptates ipsa dicta maxime temporibus. Laudantium optio praesentium enim. Quae magnam repudiandae optio quo adipisci qui qui. Qui dolores dolore deserunt.','sent','2019-06-21 11:06:38','1982-02-18 06:39:01'),
('259','259','Facilis molestias nihil id ratione necessitatibus asperiores. Sunt deleniti in repellat saepe. Minus quis enim aut nihil. Cumque nobis voluptate dolorem quisquam. Commodi eaque commodi saepe et dolorem.','sent','1998-07-28 15:58:15','2010-12-31 23:16:53'),
('260','260','Deleniti temporibus hic illum omnis consequatur sequi. Sit ut quaerat porro in est. Rerum non et qui quasi dolores in animi.','sent','2009-08-31 07:33:10','1989-04-12 17:23:08'),
('261','261','Id nulla rerum tempora ut aut autem sint quidem. Sapiente odit quia qui. Sit laborum eos voluptatibus qui aut sit dicta sit.','sent','1983-12-14 10:24:50','1993-07-29 23:53:28'),
('262','262','Minus repellendus sit sunt est quos harum commodi neque. Tempora in perferendis labore voluptas eaque quos tempore. Earum harum natus quam ea quaerat deserunt voluptatem. Vero iste laboriosam consequatur eos quisquam natus. Aut sunt culpa minima quidem iure.','read','1988-10-16 06:29:28','1978-09-11 22:58:42'),
('263','263','Autem assumenda molestiae consequatur adipisci aperiam aut culpa. Tenetur quod non quae ut ullam nihil quia. Nihil et ut eos sed ab. Pariatur et et earum ut ratione voluptas.','read','2014-02-09 07:17:52','1974-12-16 03:13:44'),
('264','264','Quidem in et voluptate distinctio eos. Pariatur debitis reprehenderit culpa facilis iure porro. Omnis aut perferendis voluptas facere deserunt et. Rerum aut consequatur iure.','read','2011-05-28 01:26:47','1979-01-22 15:54:14'),
('265','265','Perspiciatis ut esse officia vel. Facere voluptatum velit quidem vel earum praesentium nihil. Similique aut quos est expedita sit beatae fugit quidem.','read','2018-03-07 16:18:51','1976-05-14 02:13:55'),
('266','266','Ducimus molestias ex est. Adipisci nostrum ea accusantium officia deleniti inventore. Distinctio fuga dolorem sit saepe laboriosam.','read','2011-04-05 02:20:17','1991-10-07 03:24:23'),
('267','267','Minima non velit porro laboriosam nemo non molestiae. Impedit voluptas cupiditate inventore excepturi. Minima culpa sed deleniti facilis sunt qui et.','read','2016-06-18 08:03:37','1975-08-29 10:39:12'),
('268','268','Natus doloribus error quia. Ut omnis non vel necessitatibus unde natus. Temporibus voluptatem eligendi consequatur accusamus harum rerum.','sent','1984-01-21 12:55:23','2010-06-08 14:04:06'),
('269','269','At accusantium voluptatem cum molestiae dolorem molestiae. Voluptate eos iure iure sunt explicabo expedita possimus. Laboriosam vero voluptatem consectetur officiis est nesciunt. Aut dolorum aperiam libero quis optio consequatur velit.','read','1970-11-19 20:27:05','1978-07-15 08:01:49'),
('270','270','A quia totam dolor voluptatem molestiae deserunt. Sit assumenda dicta voluptates ut quis. Nemo magni expedita quasi quas modi quod et. Fuga non omnis nostrum quia aut. Dicta repellat optio exercitationem facilis quos.','sent','1975-06-18 09:57:06','2017-10-04 21:12:21'),
('271','271','Maxime exercitationem recusandae cumque et ipsam. Ut quia et cupiditate ratione possimus. Ut dolorem in aut doloribus aspernatur. Illum sit sint sint est.','sent','1983-10-02 18:54:08','1988-08-22 21:21:25'),
('272','272','Fugit ullam numquam magni. Sequi quo est beatae est. Quibusdam quasi quia voluptate vero vel deleniti.','sent','1980-11-10 19:46:38','2013-11-09 18:23:08'),
('273','273','Quae iure placeat voluptatem consequuntur non. Beatae omnis vero aspernatur aliquam non totam ad. Minima voluptates corporis expedita inventore aut qui doloribus. Perferendis natus commodi aut numquam modi vel et necessitatibus.','sent','2003-06-05 05:19:55','1973-10-25 20:54:21'),
('274','274','Ut molestiae molestiae quos voluptates. Occaecati minus nisi hic sit dolor consequuntur suscipit. Molestias neque quaerat in sed.','read','2020-08-08 22:59:32','1982-12-12 12:37:07'),
('275','275','Numquam mollitia aut esse. Ab voluptatum illo reiciendis eligendi vitae. Odit omnis sed non saepe quae.','sent','2004-08-07 12:15:59','1975-07-14 11:09:46'),
('276','276','Eaque cum nemo laboriosam commodi id atque. Voluptas repudiandae atque sed commodi quo voluptatem possimus suscipit. Tenetur suscipit et modi officia.','read','1986-10-19 01:20:58','2010-10-08 04:07:49'),
('277','277','Qui in nesciunt aliquam qui sunt velit vel itaque. Molestiae similique expedita autem optio velit vitae.','read','1985-12-19 01:40:33','2016-07-09 21:01:35'),
('278','278','Consequatur eum quae omnis consequatur accusantium harum non. Quaerat asperiores illo quia sequi. Dignissimos molestias qui consequuntur quidem. Sint vel blanditiis sunt similique sequi incidunt nihil.','read','1997-09-16 11:48:39','1976-10-13 04:10:59'),
('279','279','Mollitia voluptates recusandae est voluptatem dolores incidunt et temporibus. Aut debitis esse deleniti quos reiciendis odit perferendis error. Commodi necessitatibus ad nisi.','read','1991-04-22 06:18:24','1999-05-01 22:07:04'),
('280','280','Dolorum a iusto molestiae et est recusandae beatae. Odit excepturi excepturi est dolorem aperiam soluta est. Repudiandae nostrum reprehenderit illo illum iste quo accusamus.','read','1974-09-11 14:29:07','1975-07-26 20:56:56'),
('281','281','Minus maxime consectetur fugit praesentium animi dicta tempore. Blanditiis necessitatibus eligendi aut quis et possimus quasi in. Corrupti facilis atque id vero maxime.','sent','2013-07-09 04:08:18','2010-06-19 20:14:32'),
('282','282','Qui a quibusdam quae eius vel. Velit et sed eius. Eveniet necessitatibus nam harum dolore minima.','sent','2019-11-27 17:53:02','1982-12-20 18:19:26'),
('283','283','Laborum laboriosam ducimus fugit ut. Qui ab et nisi fuga mollitia odit. Quae iusto nisi vitae aut. Impedit maxime nihil et nihil et.','read','2016-06-04 02:02:47','1985-07-22 02:36:50'),
('284','284','Animi quidem iste et et numquam beatae. Dicta sed beatae exercitationem ut reiciendis. Veritatis sint ut sed magni. Debitis totam quod consequuntur inventore.','sent','1987-05-14 20:59:24','2017-11-04 03:21:41'),
('285','285','Perspiciatis tempora minima distinctio non nulla omnis doloribus. Distinctio ut ullam itaque qui. Sed eum non quod. Quas suscipit non dolores voluptatem ipsa iste voluptatem. Assumenda autem corrupti officiis reprehenderit dolorum fuga doloribus.','read','2008-03-17 16:09:33','1975-11-13 20:02:45'),
('286','286','Inventore ea magni optio sunt magni qui. Et ut voluptatem iure. Non iusto dolorum magni minima vero.','read','2007-01-22 05:43:53','1975-03-06 19:39:47'),
('287','287','Qui fuga veniam provident eum placeat assumenda. At autem repellendus eos id.','sent','2016-08-16 04:03:03','2008-06-05 10:47:04'),
('288','288','Consequuntur repudiandae sint sit ut quia. Sed nisi repellat rem omnis. At rerum et voluptatem quae.','sent','2007-03-02 18:32:20','1985-06-02 21:29:03'),
('289','289','Necessitatibus illo architecto minus dolor laudantium reprehenderit sunt. Fugit odit et voluptas. Est blanditiis voluptatum odio est veritatis magnam.','read','1978-03-04 23:56:03','2018-07-05 22:47:04'),
('290','290','Numquam aut officia et veniam officia. Quas accusamus blanditiis in rerum. Ipsum ut quod error necessitatibus et quia. Aut qui recusandae voluptatem.','sent','1986-01-18 14:47:58','1975-07-09 22:33:08'),
('291','291','Qui omnis suscipit consequuntur. Delectus repellendus ut veniam quia ad. Nisi accusantium qui tenetur iste debitis.','sent','1990-02-07 17:34:16','1970-12-14 18:28:03'),
('292','292','Aut corrupti consequatur consequatur perferendis consequuntur labore minima. Fugit vero numquam repudiandae recusandae reprehenderit.','sent','2009-03-01 12:12:15','2001-12-22 08:53:24'),
('293','293','Est et sint aut ullam perspiciatis eveniet. Rerum ipsum dolorum odio omnis nihil quam. Porro doloremque similique voluptas. Magni et itaque nostrum rem maiores repudiandae.','read','1991-07-07 07:56:08','2001-10-27 18:32:38'),
('294','294','Ullam qui qui provident quae. Cum fugit et ducimus nostrum distinctio fugiat quisquam. Velit est adipisci ut dignissimos omnis qui quidem.','read','1994-07-31 09:44:26','2002-11-14 06:37:32'),
('295','295','Vel similique quos repudiandae qui eos est. Vero aut voluptatum quis sit numquam nobis. Nostrum natus ad rem natus. Qui perspiciatis ut enim adipisci.','sent','1993-02-06 01:42:08','2019-04-13 14:26:05'),
('296','296','Quibusdam delectus provident illum autem sint nostrum a. Fugit autem tenetur occaecati quidem vero dolor. Ducimus deserunt harum sit sunt sapiente ipsum. Fuga est qui omnis enim quae reprehenderit natus nam.','read','2001-10-22 03:32:32','2005-03-07 23:13:09'),
('297','297','Asperiores molestias non tenetur provident sed. Ullam nisi nemo nihil delectus est nisi. Eligendi doloremque error explicabo. Tempora cumque qui est aliquid corrupti ab quos.','read','2009-07-06 18:42:41','2008-10-27 16:35:21'),
('298','298','Odit non aut non. Ut aut nam aperiam repudiandae. Incidunt et quam nemo ratione nostrum esse ipsam. Dolorem sequi voluptas quod itaque harum odio.','sent','2012-01-13 21:10:04','2019-01-05 06:39:02'),
('299','299','Deleniti molestiae consequuntur et quam et ut. Sapiente totam in natus vel perferendis qui quia. Consequatur sit odit dignissimos quia. Atque ex aspernatur est nihil quaerat voluptatem suscipit excepturi.','sent','2009-07-26 05:19:19','1981-07-08 18:43:23'),
('300','300','Eius atque laborum ullam rerum iste sit. In ipsa adipisci ipsa reiciendis qui quis. Est molestiae odio nisi maiores dolorem et.','read','1988-06-10 20:18:07','1988-01-13 19:18:51'),
('301','301','Illum dolores et non sed delectus. Quia suscipit corrupti cumque. Qui aperiam architecto ut occaecati cum mollitia.','read','1972-10-03 10:28:10','1977-07-05 01:15:16'),
('302','302','Voluptates officiis officiis neque sed. Omnis iste sequi id voluptatem sunt et vitae. Error aut quae non. Eveniet voluptatem vel quia aliquid.','sent','1972-07-16 19:48:39','2005-05-17 00:08:53'),
('303','303','Corrupti eligendi modi modi aut eligendi. Mollitia qui illo quis at eveniet. Minima non qui praesentium est. Doloribus totam reprehenderit optio beatae.','read','1974-08-12 10:10:35','2018-12-09 14:46:17'),
('304','304','Quas magnam quia et. Maxime inventore voluptas vitae voluptas unde sit ut magni. Saepe velit dolores sed voluptatem nostrum est voluptatibus. Voluptatibus dolorem perspiciatis quis explicabo quis est laudantium optio.','read','1983-12-04 10:22:06','1974-06-19 00:37:16'),
('305','305','Et corporis enim error vel. Fugiat possimus quis unde reiciendis fugit nemo qui amet. Nam aut facere porro temporibus.','sent','1983-09-15 08:34:30','1978-11-06 13:52:57'),
('306','306','Occaecati aut incidunt officia fugiat. Inventore labore aut placeat autem voluptates. Non odit corporis praesentium cupiditate. Corrupti sunt neque ratione esse enim. Aut id tempore totam.','sent','2013-05-21 12:50:18','2014-08-20 16:29:44'),
('307','307','Non nisi occaecati facere. Sit debitis debitis explicabo est architecto. Sit non aspernatur laboriosam ea numquam et officiis illo. Sed et illo et ea non voluptatem.','sent','1976-08-08 20:11:37','2006-04-04 02:48:33'),
('308','308','Ipsam sunt ducimus et sint rem. Deleniti et eum hic et. Quas ad consequatur pariatur iusto.','sent','1991-03-26 14:27:24','2011-02-21 00:58:13'),
('309','309','Enim et quia qui enim. Quidem qui maiores reprehenderit quod ut placeat. Aperiam soluta ullam dolorem sed expedita et. Saepe quo et temporibus corporis. Aperiam doloremque esse voluptas a et voluptates itaque nesciunt.','read','2016-07-17 19:06:22','1975-03-05 03:53:10'),
('310','310','Odit saepe perferendis delectus provident error laboriosam. Voluptatem cumque in quas cumque aut sit dicta. Consequatur id quia minus ad rerum quas. Sed velit voluptatibus et iusto rem non voluptatum. Culpa optio dolor consequatur voluptas nam consequatur ipsa.','read','1984-08-14 19:15:00','2004-08-03 15:47:35'),
('311','311','Consequatur commodi quam totam sit et occaecati optio officiis. Esse consequuntur consequuntur iusto non quis minima veritatis fuga. Voluptatem quo nihil neque qui et enim.','sent','1986-02-18 11:24:36','1985-05-02 23:30:56'),
('312','312','Delectus et qui tempore sapiente laboriosam dignissimos magni. Optio repellendus et placeat pariatur reprehenderit nihil. Distinctio ex molestiae quaerat similique temporibus.','read','1995-12-04 07:01:20','1993-11-18 08:34:04'),
('313','313','Et eos deserunt error ut sed maxime sint. Nostrum aut voluptatem ullam nihil. Hic sit natus ab nisi dolores eius.','read','1973-11-24 05:55:39','1979-10-13 00:48:26'),
('314','314','Alias excepturi sint nam consectetur pariatur minus culpa. Aut quis repellendus architecto neque non omnis natus. Ipsam placeat perspiciatis ut ab. Maxime corporis possimus ducimus voluptate.','sent','1975-12-03 23:18:10','1994-12-11 16:14:28'),
('315','315','Harum eos eum ex et atque nemo in. Quo aut a voluptatibus sed deserunt autem. Sapiente veniam nemo expedita hic dolore. Ad vitae illum autem voluptatum ducimus quidem assumenda. Laudantium facilis ut rerum hic consequatur molestias omnis.','sent','1979-09-21 06:42:24','1986-05-20 14:18:32'),
('316','316','Voluptatem qui et culpa commodi quo qui qui. Numquam rerum repudiandae qui impedit suscipit quis. Nemo eveniet et nostrum nam et quo. Voluptatem nostrum ut omnis amet.','sent','1977-11-19 23:05:29','1972-12-28 13:03:52'),
('317','317','Qui saepe commodi similique dolores odio accusamus omnis a. Possimus maiores et numquam. Nesciunt tempore velit qui. Aperiam magni ipsum id quia. Porro non architecto debitis optio saepe nulla.','sent','1992-06-27 22:42:42','1997-10-16 05:40:38'),
('318','318','Ex omnis placeat architecto exercitationem mollitia ullam consequuntur beatae. Reprehenderit dolor ipsa qui aut eum. Sunt voluptas necessitatibus ut perspiciatis voluptas dicta.','sent','2009-03-18 23:54:31','1982-04-24 11:49:17'),
('319','319','Molestiae nemo quod est. Sit et deserunt nihil et voluptatem rerum. Ipsam repellendus soluta magni veniam vel impedit. A voluptatum assumenda quia velit velit voluptas ipsa.','sent','2018-09-24 20:12:30','2007-08-14 15:03:39'),
('320','320','Molestiae nobis id animi molestiae. Velit voluptatem ipsam ad ab. Est nihil maiores sed id at molestiae officia. Mollitia animi quae voluptatem possimus explicabo.','sent','1997-03-22 19:48:13','1988-09-19 18:46:32'),
('321','321','Impedit officiis est quia illum. Recusandae minus eius ducimus consequuntur non qui. Repellat qui voluptates enim repudiandae possimus nulla est sit. Necessitatibus est iure autem commodi qui.','read','2010-06-05 08:01:52','1973-02-10 09:48:57'),
('322','322','Quo quis dolore ea dolor a. Sed impedit est debitis repellendus necessitatibus quam dolorum. Beatae nihil dicta dolor et enim occaecati reiciendis.','sent','2018-06-01 14:57:23','1972-10-30 15:03:56'),
('323','323','Natus est aut laborum quos sed doloremque perferendis. Praesentium rem ut voluptas. Deserunt praesentium aut voluptas rem quidem quasi aperiam. Nemo id nam assumenda aut eos ut.','read','2004-03-01 23:09:12','2011-02-19 17:57:04'),
('324','324','Dolor corrupti aperiam fugit non id. Ut quos voluptas earum consequuntur vel nihil. Mollitia omnis fugit quo optio qui.','sent','1989-11-27 09:53:47','1993-06-28 05:31:31'),
('325','325','Tempore pariatur qui dolorem. Alias repudiandae ratione neque et tenetur pariatur et. Mollitia mollitia reiciendis velit. Aut nam sed in nihil et.','read','2012-09-29 19:09:44','1981-03-21 18:30:13'),
('326','326','Ipsum ut non ut et voluptas vel fugit. Pariatur pariatur rerum ut optio impedit voluptate earum.','sent','2020-08-05 14:59:48','2013-05-15 08:22:56'),
('327','327','Eos temporibus voluptatum rerum odio est nemo. Sit consectetur alias ad sequi voluptatem non. Ut quia quo dicta facere quidem. Quis vel aspernatur aliquid laudantium quo deleniti.','read','2014-12-04 07:16:02','2004-05-09 02:10:39'),
('328','328','Quasi laudantium aut eaque assumenda. Facere nulla nulla illum magni. Incidunt ullam ratione ea et vel. Sed optio praesentium sit qui sit.','read','2000-01-17 08:33:42','2018-08-11 06:11:22'),
('329','329','Ipsam et est alias neque qui aut. Incidunt vero dolores autem et. Quasi voluptatem excepturi cupiditate omnis. Qui illum accusantium doloribus impedit dicta tenetur.','read','1988-06-11 22:57:48','1983-09-14 06:58:22'),
('330','330','Consequatur adipisci optio est aut minus quia molestias. Atque minima iure sint expedita ipsam assumenda et. Corrupti quos est molestias.','sent','1986-09-30 07:40:11','1979-05-18 21:50:30'),
('331','331','Tenetur et laboriosam omnis ratione labore qui minima. Et aut iusto nostrum ut et fugiat quia. Perspiciatis quis suscipit sint aut fugit cupiditate.','sent','1971-01-17 14:46:06','1996-09-06 15:23:36'),
('332','332','Quia maxime maxime temporibus itaque asperiores mollitia tempora. Natus enim magnam occaecati. Ex quis velit ducimus aliquam dolores nihil. Laborum alias in et et alias enim facilis totam.','sent','1992-10-22 11:39:55','2000-03-06 15:16:16'),
('333','333','Omnis minus est consequatur maxime est eaque quaerat dolorum. Eius consequatur suscipit quis similique nihil aspernatur aut. Eius et harum explicabo consequatur ducimus expedita nesciunt vel.','read','2006-05-14 13:25:15','1973-12-30 22:49:02'),
('334','334','Ullam facilis officiis nam quisquam voluptatum cumque. Laborum rem adipisci dolor consequuntur qui accusamus explicabo. Nostrum quia odio nemo inventore. Omnis architecto assumenda quis et consequatur voluptas dolore ut. Consequatur quis iste rerum nesciunt hic quo autem qui.','sent','2003-11-09 11:36:02','1995-07-12 21:31:35'),
('335','335','Omnis saepe veniam velit velit. Optio sit voluptatem voluptatem placeat sint earum. Qui dicta aut tempore nihil nam quam ea.','sent','1991-03-20 16:26:39','2011-04-09 18:41:51'),
('336','336','Et quos est distinctio perferendis quo. Quas impedit omnis repellat porro similique. Cum totam soluta iure ducimus.','sent','1997-02-21 03:05:17','1982-07-31 05:26:41'),
('337','337','Voluptate veritatis id fugit voluptatem eum et. Quidem consequatur et quia consequatur voluptas cum ut alias. Commodi id ex qui rem facilis odit sed. Maxime non suscipit fuga perspiciatis rerum.','sent','1984-07-05 11:24:33','2007-07-10 23:15:00'),
('338','338','Quibusdam unde a numquam commodi. Cum placeat pariatur autem aut voluptatem. Nisi labore similique omnis tenetur qui. Reprehenderit voluptatem magnam quod hic fugiat.','read','1980-09-15 22:12:14','1995-11-29 01:36:04'),
('339','339','Consequatur natus dolorem enim voluptatem quas voluptates eveniet. Sint rerum voluptas ullam iste voluptatem. Debitis praesentium voluptatum dolores fugiat. Laudantium rem est facilis voluptate.','read','2016-05-18 09:15:15','1980-06-23 08:05:42'),
('340','340','Perspiciatis sit et ullam omnis. Exercitationem ullam quibusdam nobis nam voluptatem et. Occaecati ut tempora nam molestias aperiam. Sed quod tempora ut aliquam.','sent','2005-10-18 01:11:01','1997-03-26 00:05:42'),
('341','341','Iure facere cumque fugit. Maxime omnis fugiat omnis odit dolores et et. Similique omnis est culpa deserunt repudiandae. Voluptatum et dolorum fugit aut et. Ipsum at cumque et architecto magni nihil delectus.','sent','1990-09-04 22:55:51','2004-01-02 22:46:01'),
('342','342','Fugit velit sed exercitationem atque consequatur sed quae. Voluptas sapiente rerum sit aut ut doloribus. Ipsum aspernatur molestias atque asperiores laborum.','read','2006-03-14 00:49:44','1979-05-15 23:24:07'),
('343','343','Nobis non similique sit architecto voluptatibus harum. Id autem beatae libero culpa. Quia illo repellendus molestiae iste velit quisquam. Reprehenderit voluptatum ut quaerat ut consequatur incidunt repellat commodi.','sent','2018-04-30 22:40:56','2003-12-31 08:47:43'),
('344','344','Optio atque facilis rerum nam. Reiciendis aut nobis velit facilis sit reiciendis. Nemo id amet sint provident excepturi et et.','read','2007-06-29 11:27:56','1971-12-13 18:25:38'),
('345','345','Alias aspernatur id officiis sapiente ut soluta. Et officiis facere unde labore non reprehenderit. Tempora possimus dolorem accusamus aut et rerum facere.','sent','2010-05-17 19:42:51','2009-12-03 02:17:30'),
('346','346','Id sit ipsa labore occaecati voluptas ea. Impedit provident suscipit impedit optio excepturi nemo. Nemo sed reiciendis velit.','sent','1982-03-15 02:16:44','2002-06-14 07:44:42'),
('347','347','Ullam unde a sequi similique. Corrupti tempore aut ullam tempora deleniti consequatur. Quae odio ea distinctio ut qui enim.','read','2011-12-20 14:14:41','2006-07-27 21:33:28'),
('348','348','Rerum maxime fugiat blanditiis et assumenda sequi et. Doloribus velit vel molestiae rerum earum non et. Consequatur earum est iusto quaerat. Officia dolorem beatae dolores dolores iste rerum.','read','1978-05-30 18:09:41','1985-01-04 18:56:58'),
('349','349','Quam suscipit possimus asperiores dolores voluptatem quibusdam rerum nobis. Dolores voluptas dolores minus voluptas unde explicabo. Tenetur nobis excepturi quia quasi molestiae.','sent','1996-02-13 11:53:27','1977-04-17 14:32:39'),
('350','350','Sit quos consectetur impedit. Dignissimos excepturi voluptatem nulla. Nisi explicabo dolore exercitationem.','sent','1979-03-23 00:00:40','1988-03-07 18:55:23'),
('351','351','Omnis aut et recusandae voluptatum voluptatibus omnis. Voluptatem eum totam magnam qui. Sequi quia nulla rerum nobis et iste.','sent','1988-11-01 00:25:38','2005-11-13 09:33:08'),
('352','352','Ex dicta aut enim eligendi est amet iure. At impedit porro et laboriosam consectetur. Qui similique rerum laboriosam illo.','sent','2016-05-08 18:15:19','1985-01-27 19:36:30'),
('353','353','Quasi voluptatem veniam quia aperiam vitae deserunt quia. Ab dolor voluptatum nulla voluptates itaque. Tempora nam necessitatibus tenetur porro quisquam.','sent','1974-06-06 16:25:21','1988-07-23 03:48:33'),
('354','354','Incidunt ea id facilis cupiditate perspiciatis et nemo. Et consequatur dolore ut quia harum ut aut hic. Aut consectetur aut natus hic quis tempore. Ipsa aut facilis in porro iusto.','read','1973-02-21 16:06:33','1998-04-26 18:44:26'),
('355','355','Neque esse pariatur ut magni fugit esse nihil. Eos quia commodi qui. Hic numquam nostrum voluptas a.','read','1972-05-07 09:29:22','2005-07-11 20:49:31'),
('356','356','Blanditiis eum fuga odit aut eos. Dicta autem quia eaque quisquam. Reprehenderit soluta beatae dicta natus delectus eum id. Accusamus quibusdam dolore voluptas quo qui.','read','1977-11-06 08:21:11','1977-11-23 22:04:58'),
('357','357','Deleniti eveniet harum maxime ducimus. Sunt doloribus quas quasi dolores consequatur et praesentium eaque. Molestiae pariatur maxime dicta sit accusamus qui maxime. Nesciunt est qui laboriosam optio exercitationem quaerat.','read','2007-08-08 08:00:21','2006-10-04 14:36:47'),
('358','358','Quidem neque et aut voluptates qui aperiam. Dolorem enim cupiditate est culpa aut expedita. Dicta et qui modi. Et repudiandae neque animi tempore doloribus sint explicabo. Enim qui minus mollitia aut aut fugit voluptatem.','sent','1998-02-15 21:47:18','1992-06-27 10:48:22'),
('359','359','Consequuntur repellat repellendus autem inventore cupiditate. Eligendi sit quia voluptas eos vitae repellat quia. Accusamus accusantium placeat nesciunt.','read','2000-01-21 20:03:59','2007-11-01 14:26:52'),
('360','360','Quas et voluptatem ut voluptatem nisi. Ea repellat voluptas eveniet. Amet et sint perferendis voluptas quis ipsam. Vitae quibusdam aperiam deleniti.','sent','1978-09-08 08:39:53','1982-02-10 05:19:03'),
('361','361','Placeat ea sequi asperiores. Sunt atque qui velit quisquam et doloremque. Ut pariatur hic qui facere.','sent','2006-02-05 16:03:04','1990-11-20 22:25:09'),
('362','362','Libero voluptatem laboriosam ut non tenetur labore modi magnam. Voluptatem sequi neque quis dolor enim. Hic velit excepturi aut modi. Ex officia ratione dolores eaque amet molestiae.','read','2009-08-13 03:03:54','1979-04-01 18:12:38'),
('363','363','Iure nostrum minus et sequi accusantium magnam. Non dolorum vero hic quia. Molestias enim aut nulla quia rerum. Et blanditiis atque quibusdam eveniet.','sent','2014-08-31 19:52:10','2000-11-04 02:55:04'),
('364','364','Nemo perspiciatis accusantium aut blanditiis nihil est. Sint numquam nulla fugit qui et rerum et. Dolorem qui officia qui nihil.','read','1998-01-18 18:30:47','1991-08-19 19:57:55'),
('365','365','Aspernatur suscipit maxime qui repellat earum unde minima nulla. Similique est facilis tempore eius unde. Et vel corrupti culpa voluptatem culpa repudiandae quidem.','sent','2005-12-14 15:04:32','1983-11-25 19:16:02'),
('366','366','Totam eos delectus asperiores in nobis nihil dolore. Dolorem perspiciatis magni sit sit veritatis temporibus magnam. Porro esse eligendi cupiditate autem incidunt est.','sent','1972-03-08 05:51:06','1998-04-26 00:24:15'),
('367','367','Quo aspernatur ipsum nostrum est ipsum. Deserunt delectus facilis reiciendis et occaecati. Sit excepturi quod quo beatae numquam cum.','sent','1975-08-22 00:56:07','2007-01-31 08:04:51'),
('368','368','Id qui vel id qui. Consequatur et facere sit officia doloribus eos aut. Quia porro et maxime possimus nihil. Occaecati sit expedita animi debitis quo quia ut.','sent','2019-10-20 20:35:01','1989-04-27 16:23:18'),
('369','369','Modi nihil ea consequuntur quia. Non occaecati cum voluptatum ut consequuntur. Tenetur quia magni et repellat. Pariatur dolorum possimus vel commodi.','sent','1983-07-10 19:53:31','2011-03-19 21:23:57'),
('370','370','Earum consequatur expedita omnis eaque dolorem totam ipsum. Earum cum ducimus vel laudantium commodi sit. Dignissimos iusto ipsa voluptatem quasi ipsam ut ipsum dicta.','read','1999-02-22 17:52:57','1991-09-02 17:43:51'),
('371','371','Quaerat aut quis autem maxime. Fuga sapiente voluptates aut suscipit. Molestiae quia pariatur nisi omnis quod qui dolor. Iure ratione laboriosam dolor occaecati et eius aut.','sent','1988-05-16 19:48:04','2017-12-15 01:52:21'),
('372','372','Laboriosam voluptatibus libero porro. Totam debitis necessitatibus sed non suscipit provident facere vel. Quod vero cum inventore ut nulla quo cum tempora.','read','2007-07-24 01:20:05','2001-09-09 05:23:50'),
('373','373','Ea iusto qui facilis quam. Qui recusandae expedita voluptatem et qui dolor et. Debitis aliquid debitis voluptas aperiam ut autem. Rerum maiores sed eum et tempora itaque iste.','read','1983-01-30 11:02:15','1991-10-29 08:40:03'),
('374','374','Ad fugiat voluptatem culpa tempore. Omnis neque dolorem rerum inventore. Quia vel commodi excepturi nisi velit. Ut consequuntur nemo earum rem sit alias.','sent','1988-11-27 20:42:36','1981-11-08 02:04:29'),
('375','375','Incidunt minus suscipit facilis distinctio consequuntur. Alias rerum aliquid porro dolores. Et ab doloremque nihil delectus illo dolorem dolor. Eos odit ut architecto soluta temporibus voluptas autem.','read','2005-08-27 23:08:34','1991-03-24 21:14:23'),
('376','376','Rerum beatae laborum rem debitis veniam. Facilis fugit odit quos. Facere saepe voluptatem ipsum inventore repellat officiis nobis. Velit quam dolor aut placeat accusantium.','read','1990-07-31 14:04:52','1974-04-06 06:18:10'),
('377','377','Dignissimos modi ipsam voluptatem saepe. Suscipit quo dolorum consequuntur sint sit repellendus. Et commodi consequatur esse. Laudantium expedita illum veritatis dignissimos doloribus sit.','sent','1973-01-14 14:57:52','2003-06-06 14:41:35'),
('378','378','Dignissimos esse nulla voluptas id. Sit error sit mollitia quia. Aut corrupti minus quisquam fugit iure quidem voluptatem corrupti. Temporibus molestiae id laboriosam vel voluptas repellat maxime.','read','2018-04-02 17:52:01','2014-02-19 05:38:55'),
('379','379','In eveniet corrupti velit perferendis consectetur. Laudantium soluta cum saepe. Occaecati ut eaque voluptatem non corrupti. Numquam quo dolores dicta dolorem assumenda optio repudiandae.','read','1971-06-22 00:31:25','1985-06-29 07:22:10'),
('380','380','Sit doloribus aut in amet reiciendis cupiditate. Eos quibusdam praesentium hic.','read','1981-01-15 03:58:07','1984-02-18 23:33:29'),
('381','381','Maiores eligendi occaecati consequuntur rerum. Est sed voluptas rerum corporis libero quia. At iure dignissimos sint perspiciatis.','read','1986-02-19 16:20:57','1979-03-27 01:12:25'),
('382','382','Rerum voluptatem maiores ducimus provident voluptatem tenetur. Provident enim totam temporibus recusandae et. Necessitatibus quam dicta modi deserunt. Accusamus sed voluptatem odit non. Blanditiis dicta neque est consectetur et.','read','1977-08-16 23:16:28','2006-04-26 14:09:39'),
('383','383','Eveniet quisquam rerum iste voluptatibus perferendis asperiores. Voluptate aut ea perspiciatis aliquid eum beatae. Earum reprehenderit qui et amet ipsa beatae accusantium. Quaerat reprehenderit hic rerum corrupti quos exercitationem amet.','read','2000-11-10 00:57:32','1975-07-19 12:13:51'),
('384','384','Enim inventore autem suscipit ullam est autem. Eius aut iusto omnis eum quibusdam.','sent','1980-09-08 17:43:25','1988-08-15 13:06:44'),
('385','385','Qui est et omnis voluptas laudantium sint. Quod odio sequi voluptatem cum assumenda dignissimos quia. Asperiores quos est inventore. In et et in.','read','2012-03-26 20:16:36','1999-05-27 04:28:52'),
('386','386','Voluptate eveniet aut mollitia aut quo eligendi. Asperiores consequuntur tempore molestiae deleniti qui eaque consectetur sit. Nemo deleniti amet est quia impedit.','sent','2000-10-21 10:38:05','1975-12-17 02:08:19'),
('387','387','Quo sed architecto ipsum eligendi qui non. Et itaque et possimus consequatur velit ut sed. Rerum odit quo consequatur deserunt beatae qui non.','read','1987-01-25 01:42:57','1974-02-03 01:16:02'),
('388','388','Magnam sequi ea recusandae eum ut voluptatem. Nostrum nihil quam iusto quia error et ullam. Dolorem rerum reiciendis qui quasi occaecati aperiam dolorem.','sent','2012-08-08 18:34:55','2013-02-18 12:01:32'),
('389','389','Numquam optio non cum voluptatum id dolorem. Et dolor reiciendis nemo quia molestiae nobis voluptatem. Aut quo corrupti deserunt eveniet. Inventore tenetur tenetur quam.','sent','2018-09-24 03:52:42','2014-01-15 20:47:21'),
('390','390','Neque necessitatibus sequi eligendi quod fugit modi. Sed id veritatis iusto magnam eum laudantium. Odit est odit eos qui odit sint in sunt. Quis voluptas voluptas dolorem voluptatem harum itaque. Rerum fugit voluptas aut voluptas iure impedit.','read','2014-11-03 09:24:56','1995-07-19 15:09:06'),
('391','391','Aperiam quidem voluptatem accusamus ut eveniet. Quia voluptate et ut voluptas porro alias. Corporis hic iusto consequatur aut tenetur pariatur minima aliquam. Nisi ut sint officia nesciunt vero et.','read','1976-07-13 22:31:13','1982-03-21 05:17:38'),
('392','392','Dolor voluptatibus dolores repellat rem ab. Et dolorem commodi et sapiente qui qui. Et temporibus non sint est dignissimos laboriosam a ea.','read','1990-01-10 12:57:17','2013-05-24 18:21:58'),
('393','393','Et soluta tenetur nesciunt quod. Officia eos harum ea. Quas velit tempora deserunt provident et dignissimos eaque. Labore dolore cumque provident reiciendis earum adipisci et.','sent','1987-10-05 02:34:43','2006-04-14 10:22:05'),
('394','394','Corporis quod eius nobis unde earum. Itaque amet tempora sequi quae aliquid amet minima. Facilis sunt perspiciatis aut voluptatem. Sequi tempora ullam impedit earum animi a asperiores.','read','2016-02-26 09:21:57','2011-11-09 03:48:07'),
('395','395','Qui qui molestias ratione impedit molestias. Libero vero eligendi molestiae et aut. Distinctio labore voluptatem labore rerum blanditiis. Autem rerum sint officia accusamus.','sent','2000-12-27 09:43:37','2006-10-28 01:07:42'),
('396','396','Porro est est nemo. Voluptatibus blanditiis quo necessitatibus a nisi non ducimus. Dolor reprehenderit eos aut voluptatem est.','read','1996-11-18 01:23:37','2011-09-04 04:52:18'),
('397','397','Sed provident fugit sed ut quas quia est ad. Est quisquam rerum ipsum quisquam. Adipisci voluptatem deserunt aliquam voluptatibus. Veritatis culpa quidem aspernatur id perferendis enim.','sent','1971-11-22 05:01:10','1971-12-25 16:12:04'),
('398','398','Cum vel aperiam deserunt illo delectus qui non. Debitis eveniet debitis aut.','read','1994-05-06 12:03:56','1976-11-03 00:45:02'),
('399','399','Ea maiores sapiente laudantium qui. Enim amet sit a maxime suscipit molestiae odio. Voluptatum provident quo ipsa voluptatum est nisi consequatur dolorem.','sent','1999-11-05 18:14:40','1999-09-16 19:06:08'),
('400','400','Quia totam adipisci nesciunt debitis tempora adipisci. Maiores alias vero ipsa asperiores. Quae debitis minus est et excepturi saepe dicta vitae. Voluptatem voluptates et aspernatur amet odit hic.','read','1992-10-10 06:01:52','2014-04-07 23:01:28'); 


DROP TABLE IF EXISTS `newsletter_preferences`;
CREATE TABLE `newsletter_preferences` (
  `id` bigint(20) unsigned NOT NULL AUTO_INCREMENT,
  `deal_discovery` bit(1) DEFAULT NULL,
  `rewards` bit(1) DEFAULT NULL,
  `refer_a_friend` bit(1) DEFAULT NULL,
  `search_assistant` bit(1) DEFAULT NULL,
  `personal_offers_through_the_post` bit(1) DEFAULT NULL,
  `attractions_and_tours` bit(1) DEFAULT NULL,
  `extra_services_for_your_stay` bit(1) DEFAULT NULL,
  `restaurant_guides_and_offers` bit(1) DEFAULT NULL,
  `shopping_and_events` bit(1) DEFAULT NULL,
  `travel_guides` bit(1) DEFAULT NULL,
  `transport_deals_and_offers` bit(1) DEFAULT NULL,
  `emails_genius_programme` bit(1) DEFAULT NULL,
  `emails_genius_membership` bit(1) DEFAULT NULL,
  UNIQUE KEY `id` (`id`)
) ENGINE=InnoDB AUTO_INCREMENT=151 DEFAULT CHARSET=utf8 COLLATE=utf8_unicode_ci;

INSERT INTO `newsletter_preferences` VALUES ('1','0','1','1','1','0','1','0','0','0','0','0','0','1'),
('2','0','1','0','0','1','1','1','1','0','0','1','1','0'),
('3','0','0','1','0','0','1','1','1','0','1','0','0','0'),
('4','1','0','0','0','0','0','0','1','1','0','1','0','0'),
('5','0','0','0','1','0','0','0','1','1','0','0','1','0'),
('6','1','1','0','1','0','0','1','0','1','0','0','1','0'),
('7','1','0','0','0','0','0','1','1','0','0','0','1','1'),
('8','0','0','1','0','0','1','1','0','0','1','1','1','1'),
('9','0','0','0','1','0','0','1','0','1','0','1','0','0'),
('10','0','1','0','0','1','1','1','0','1','1','1','0','1'),
('11','0','1','0','1','0','1','0','0','1','1','1','0','0'),
('12','1','1','1','0','1','1','0','0','0','1','1','0','0'),
('13','1','0','0','1','0','1','1','1','1','0','0','0','0'),
('14','0','0','1','1','1','0','1','1','0','1','1','0','0'),
('15','1','0','1','0','0','0','1','0','1','0','1','1','0'),
('16','1','0','1','1','1','1','1','1','0','1','1','1','0'),
('17','1','1','1','0','1','0','0','1','1','0','1','0','1'),
('18','1','0','1','1','0','0','0','1','1','1','1','0','0'),
('19','0','1','0','1','0','0','0','1','0','0','0','1','0'),
('20','0','0','1','0','0','1','0','0','0','1','1','1','0'),
('21','1','0','1','1','1','1','1','1','1','0','0','1','1'),
('22','0','1','0','1','0','0','0','1','0','1','0','0','1'),
('23','1','1','0','1','1','1','0','1','0','1','0','0','0'),
('24','0','0','0','0','0','1','0','1','1','1','1','1','0'),
('25','0','0','1','0','1','1','0','1','1','0','0','1','0'),
('26','0','0','1','0','0','1','1','1','0','0','1','0','0'),
('27','0','1','1','1','1','0','0','0','0','1','0','0','0'),
('28','0','0','0','0','1','1','0','0','0','1','0','0','0'),
('29','0','1','0','1','1','1','1','0','0','0','0','1','0'),
('30','0','0','1','0','0','1','0','0','0','1','1','1','1'),
('31','1','1','0','0','0','0','0','1','1','1','0','0','0'),
('32','1','0','1','1','1','0','0','1','0','1','1','1','0'),
('33','1','1','1','0','1','0','1','1','0','1','0','1','0'),
('34','0','1','0','0','1','0','0','0','0','1','1','1','1'),
('35','0','0','0','0','1','0','1','1','0','1','0','1','0'),
('36','1','1','0','0','0','1','0','0','1','0','1','1','1'),
('37','0','0','0','1','0','1','0','1','0','1','1','0','1'),
('38','1','0','1','1','1','0','0','0','1','0','1','0','0'),
('39','0','1','0','1','0','1','1','0','1','0','1','1','0'),
('40','0','1','0','1','1','0','1','0','0','1','0','0','1'),
('41','0','0','0','1','0','0','1','0','1','0','1','0','0'),
('42','1','0','1','0','1','0','1','0','1','0','1','1','0'),
('43','0','0','1','1','0','0','0','0','1','0','1','0','1'),
('44','1','0','0','1','0','1','0','1','0','1','0','1','1'),
('45','1','1','1','1','0','0','0','1','1','0','1','1','1'),
('46','0','1','0','0','1','0','1','0','1','0','0','1','0'),
('47','1','0','1','1','1','0','0','0','0','1','0','1','0'),
('48','0','0','0','1','1','1','0','1','1','0','0','0','1'),
('49','0','1','0','1','1','1','0','0','0','1','0','0','0'),
('50','0','1','0','1','1','0','1','0','1','1','0','0','1'),
('51','1','0','0','0','1','0','0','0','0','1','0','0','0'),
('52','0','0','1','0','0','0','1','1','0','1','1','0','0'),
('53','1','1','0','0','1','0','1','0','1','1','1','1','0'),
('54','1','1','0','1','0','1','0','0','1','1','0','1','0'),
('55','0','0','1','0','0','1','1','1','0','1','0','1','0'),
('56','0','1','0','1','1','0','0','0','1','1','0','1','0'),
('57','0','0','0','0','1','1','0','0','0','1','0','1','0'),
('58','0','1','0','1','1','0','0','1','0','1','1','1','0'),
('59','1','1','1','0','1','0','1','0','1','1','0','1','0'),
('60','0','1','0','0','1','0','0','0','1','1','0','1','1'),
('61','0','0','1','0','1','1','1','1','0','1','1','1','1'),
('62','1','1','0','0','0','0','0','0','0','0','1','1','0'),
('63','1','0','0','1','0','0','0','1','1','0','1','0','1'),
('64','0','0','1','0','0','0','0','0','1','0','0','1','0'),
('65','1','1','0','0','1','0','0','1','1','0','1','0','0'),
('66','0','0','1','0','0','0','0','0','1','0','1','1','0'),
('67','1','1','0','0','1','0','0','1','0','1','1','1','0'),
('68','0','1','0','1','1','0','0','0','0','0','0','0','1'),
('69','1','0','0','0','1','1','1','0','0','1','1','0','0'),
('70','1','0','1','0','0','0','1','0','1','1','1','0','1'),
('71','1','0','0','1','0','0','0','1','0','1','0','0','0'),
('72','0','0','0','1','0','0','0','0','0','0','1','1','1'),
('73','1','0','0','1','1','0','1','0','0','1','1','1','1'),
('74','0','0','1','1','0','0','0','0','0','0','1','0','1'),
('75','1','0','1','0','0','0','0','0','1','1','0','0','1'),
('76','0','1','0','1','1','0','1','1','0','1','1','1','0'),
('77','1','0','1','0','1','1','1','1','0','1','1','1','1'),
('78','1','0','0','0','0','0','1','0','1','1','0','0','0'),
('79','1','0','0','1','1','1','0','1','1','1','0','1','1'),
('80','1','0','0','0','0','1','1','1','1','1','1','0','0'),
('81','0','0','0','0','1','1','1','1','1','0','0','1','1'),
('82','1','0','0','0','1','0','1','0','1','1','1','1','0'),
('83','0','1','1','1','1','0','0','0','1','0','1','0','0'),
('84','0','1','1','1','1','1','1','0','1','1','1','1','0'),
('85','0','0','0','0','0','0','1','0','0','0','1','0','1'),
('86','0','0','0','0','0','1','0','0','0','1','1','0','1'),
('87','1','0','1','1','0','1','0','0','1','0','1','1','1'),
('88','0','0','1','1','1','1','0','0','0','0','1','0','1'),
('89','0','1','0','1','0','0','1','1','0','0','0','1','1'),
('90','1','0','1','1','0','0','1','1','1','0','0','0','1'),
('91','1','0','0','0','0','1','1','1','0','1','0','1','1'),
('92','0','0','1','0','0','1','1','0','0','1','0','1','0'),
('93','0','1','0','0','1','0','1','0','1','0','1','1','1'),
('94','1','1','0','1','1','1','0','1','1','0','0','1','1'),
('95','0','1','1','1','0','1','0','0','0','0','1','0','1'),
('96','0','1','1','1','0','1','1','0','0','0','0','0','0'),
('97','1','1','0','1','1','1','0','0','1','0','0','1','1'),
('98','1','0','0','0','1','0','1','0','0','1','0','0','0'),
('99','1','1','1','1','1','1','1','0','0','1','1','1','1'),
('100','0','1','1','1','0','1','1','1','1','1','1','1','1'),
('101','1','1','0','0','0','1','1','1','0','0','0','0','1'),
('102','1','1','1','0','1','1','0','0','1','0','1','1','1'),
('103','1','1','1','1','0','1','0','0','0','1','0','0','1'),
('104','1','0','0','1','1','0','1','0','1','0','1','0','0'),
('105','0','0','1','0','1','1','1','0','0','0','0','0','1'),
('106','0','0','0','0','0','1','1','0','1','0','0','0','0'),
('107','1','0','0','0','0','1','0','0','1','0','1','1','1'),
('108','1','0','1','1','1','1','0','1','1','0','0','1','1'),
('109','0','0','0','0','1','1','1','1','1','1','1','0','0'),
('110','1','0','1','0','0','1','1','0','1','1','1','0','0'),
('111','1','1','0','1','0','0','1','0','0','1','0','0','1'),
('112','0','0','1','0','1','0','0','1','1','0','1','1','1'),
('113','1','0','1','1','1','0','1','1','0','1','1','1','1'),
('114','0','1','1','0','1','0','1','1','1','0','0','1','1'),
('115','1','0','0','1','1','0','0','1','0','1','1','0','0'),
('116','0','0','1','1','1','1','0','1','0','1','0','0','1'),
('117','0','0','0','1','0','1','1','0','0','0','1','0','0'),
('118','1','0','1','1','0','0','1','0','0','0','0','1','1'),
('119','0','0','0','0','1','0','1','0','1','1','1','0','1'),
('120','0','1','0','0','1','0','1','1','1','1','0','0','0'),
('121','0','0','1','0','0','0','1','1','0','1','1','0','0'),
('122','1','0','1','1','0','1','0','1','0','0','1','0','1'),
('123','1','1','1','0','0','0','1','1','1','1','1','0','1'),
('124','1','0','1','1','1','1','1','1','0','1','1','1','1'),
('125','1','0','0','0','0','1','1','1','1','0','1','0','0'),
('126','0','0','0','0','0','1','0','0','1','0','1','1','0'),
('127','1','1','0','1','1','0','0','0','1','0','1','1','1'),
('128','1','0','1','0','0','1','1','1','1','0','1','1','0'),
('129','0','0','0','0','0','0','0','1','1','0','0','1','0'),
('130','0','1','1','0','0','0','0','1','1','0','0','0','1'),
('131','0','0','0','0','0','0','1','0','1','1','1','0','1'),
('132','1','1','1','0','0','1','0','1','1','0','0','1','0'),
('133','0','0','1','0','0','1','1','1','0','0','0','1','0'),
('134','0','0','1','0','0','1','0','1','1','0','1','0','1'),
('135','0','0','0','0','1','1','0','0','1','1','0','0','1'),
('136','1','1','1','1','1','1','1','0','0','0','1','1','0'),
('137','1','0','1','1','0','0','1','0','1','0','0','0','1'),
('138','0','0','0','0','0','1','1','1','0','1','0','1','1'),
('139','1','0','1','0','1','0','1','1','1','1','1','0','1'),
('140','0','0','1','0','0','1','1','1','0','1','0','0','1'),
('141','1','1','0','1','0','1','1','1','1','1','1','1','1'),
('142','0','1','1','1','0','1','1','1','0','0','0','1','1'),
('143','1','1','0','0','0','0','0','0','1','0','1','1','0'),
('144','0','0','1','1','0','1','1','0','0','0','0','1','1'),
('145','0','1','0','1','0','1','1','0','0','0','1','0','0'),
('146','1','1','0','0','1','0','1','1','1','0','1','1','1'),
('147','0','1','0','0','0','1','1','1','0','0','0','0','0'),
('148','1','0','0','1','0','0','0','0','1','0','1','0','0'),
('149','1','0','0','0','0','0','0','0','0','1','1','0','0'),
('150','1','0','1','1','0','0','0','0','0','0','0','1','1'); 


DROP TABLE IF EXISTS `payment_card_types`;
CREATE TABLE `payment_card_types` (
  `id` tinyint(3) unsigned NOT NULL AUTO_INCREMENT,
  `payment_card_type` varchar(20) COLLATE utf8_unicode_ci DEFAULT NULL,
  UNIQUE KEY `id` (`id`)
) ENGINE=InnoDB AUTO_INCREMENT=8 DEFAULT CHARSET=utf8 COLLATE=utf8_unicode_ci;

INSERT INTO `payment_card_types` VALUES ('1',' unionpay'),
('2',' visa'),
('3','mastercard'),
('4',' mir'),
('5',' diners_club'),
('6',' jcb'),
('7',' american_express'); 


DROP TABLE IF EXISTS `properties`;
CREATE TABLE `properties` (
  `id` bigint(20) unsigned NOT NULL AUTO_INCREMENT,
  `user_id` bigint(20) unsigned NOT NULL,
  `property_name` varchar(100) COLLATE utf8_unicode_ci DEFAULT NULL,
  `property_type_id` tinyint(3) unsigned NOT NULL,
  `country_id` smallint(5) unsigned NOT NULL,
  `city_id` int(10) unsigned NOT NULL,
  `address` varchar(255) COLLATE utf8_unicode_ci DEFAULT NULL,
  `rating` float DEFAULT NULL,
  `created_at` datetime DEFAULT current_timestamp(),
  `updated_at` datetime DEFAULT NULL ON UPDATE current_timestamp(),
  PRIMARY KEY (`id`),
  KEY `country_id` (`country_id`),
  KEY `city_id` (`city_id`),
  KEY `user_id` (`user_id`),
  KEY `property_type_id` (`property_type_id`),
  KEY `property_name_idx` (`property_name`),
  CONSTRAINT `properties_ibfk_1` FOREIGN KEY (`country_id`) REFERENCES `countries` (`id`),
  CONSTRAINT `properties_ibfk_2` FOREIGN KEY (`city_id`) REFERENCES `cities` (`id`),
  CONSTRAINT `properties_ibfk_3` FOREIGN KEY (`user_id`) REFERENCES `users` (`id`),
  CONSTRAINT `properties_ibfk_4` FOREIGN KEY (`property_type_id`) REFERENCES `property_types` (`id`)
) ENGINE=InnoDB AUTO_INCREMENT=301 DEFAULT CHARSET=utf8 COLLATE=utf8_unicode_ci;

INSERT INTO `properties` VALUES ('1','1','est','1','1','1','3488 Beatty Summit\nSouth Savannah, NH 75520','0.7','1990-11-10 10:25:06','1985-11-08 19:36:31'),
('2','2','qui','2','2','2','2280 Jakubowski Harbors Apt. 094\nJacobiland, NH 60415-8664','7.8','1994-07-20 11:33:48','2000-07-19 20:24:38'),
('3','3','provident','3','3','3','5611 Gorczany Union\nStromanport, PA 09606-2527','0.3','1984-07-27 12:14:39','1970-06-25 14:29:46'),
('4','4','voluptatibus','4','4','4','299 Cremin Turnpike Suite 632\nPort Bryon, WI 88086-6399','3.8','1979-12-23 19:32:26','2008-12-08 03:43:48'),
('5','5','asperiores','5','5','5','279 Anika Shores\nElissaville, CT 81313','7.8','2007-04-14 01:42:00','1996-11-27 01:28:48'),
('6','6','aut','6','6','6','8901 Marianne Trafficway\nOrnside, DE 41565-2683','5','1995-09-13 00:47:16','1999-03-10 20:28:36'),
('7','7','aut','7','7','7','62784 Corwin Loop Suite 400\nNew Kody, OK 22390','9.8','2019-08-02 00:41:23','1991-06-27 07:16:43'),
('8','8','consequuntur','1','8','8','2801 Farrell Forest\nSchaeferbury, DE 00576-1300','4.9','2017-02-18 05:56:44','1979-10-26 19:31:52'),
('9','9','dolor','2','9','9','27330 Weber Mission\nLake Logan, CO 95883-4088','6.1','2003-12-11 00:42:25','1998-07-09 19:21:35'),
('10','10','architecto','3','10','10','8549 Lynn Rest Apt. 407\nKossborough, CO 66897-0741','9.6','2004-06-29 01:01:05','1995-10-26 14:08:07'),
('11','11','officiis','4','11','11','635 Reichert Village Suite 658\nLake Curtfurt, VT 12373-9025','9.9','1997-02-01 04:21:49','2009-10-20 15:53:49'),
('12','12','animi','5','12','12','26270 O\'Kon Brook\nNorth Evamouth, WI 31370','1.9','2006-03-24 02:44:53','2002-09-26 22:37:53'),
('13','13','dolor','6','13','13','78072 Joesph Unions\nNew Beryl, VA 83643','1.5','2008-11-22 05:57:16','2011-03-05 05:29:02'),
('14','14','necessitatibus','7','14','14','746 Lindgren Extension Apt. 980\nKeeganport, TX 59262-2300','1.3','1973-02-17 12:20:31','1988-08-24 19:14:53'),
('15','15','porro','1','15','15','70725 Rosanna Point Suite 885\nPort Tracyland, NY 64082-2192','1.2','1977-07-30 03:07:28','1994-07-09 19:59:29'),
('16','16','tenetur','2','16','16','450 Dibbert Estates Suite 330\nElizabethberg, RI 60371','2.7','2015-08-24 03:19:10','1999-08-21 01:54:11'),
('17','17','nobis','3','17','17','87820 Eliza Bridge Apt. 703\nHansenstad, NC 85830','1.1','2002-07-15 20:03:48','1981-01-17 15:33:27'),
('18','18','nihil','4','18','18','42113 Reyes Union\nSchneiderborough, MA 54270','0','1972-01-03 04:55:07','1974-07-07 23:12:06'),
('19','19','molestiae','5','19','19','9535 Russ Underpass\nWest Everardotown, OR 94614-6248','2.5','1997-09-13 22:54:52','1992-11-21 17:54:19'),
('20','20','incidunt','6','20','20','994 Bergnaum Summit\nJuniusstad, PA 58574','6.3','1971-05-20 08:05:20','1983-08-16 10:56:10'),
('21','21','non','7','21','21','26775 Bode Brooks\nHauckborough, NY 00922-6726','9.3','2016-12-21 12:46:57','1992-10-17 08:53:45'),
('22','22','enim','1','22','22','74927 Lennie Estates Apt. 191\nSidshire, MI 58932-4626','8.1','1981-01-04 11:34:45','2000-04-20 11:22:18'),
('23','23','animi','2','23','23','1944 Adonis Terrace Apt. 282\nNorth Torreyville, WI 72213-1718','6.6','1983-08-20 20:23:37','2009-05-14 03:15:59'),
('24','24','perspiciatis','3','24','24','481 Caroline Spurs\nConnshire, NY 68431-1585','2.7','1993-08-13 14:26:28','1996-06-09 08:10:17'),
('25','25','corrupti','4','25','25','861 Annalise Loop Suite 483\nEast Eloisachester, ND 16909-8926','6.2','1980-03-14 15:41:25','2009-12-26 03:51:16'),
('26','26','unde','5','26','26','86822 Marianne Squares Suite 186\nSarinatown, WY 23946','1.3','1994-03-23 22:01:43','2012-04-13 10:06:08'),
('27','27','id','6','27','27','55777 Duncan Trail\nVelvaland, OH 21295','2.4','1987-01-29 03:20:35','2005-07-28 21:49:40'),
('28','28','soluta','7','28','28','862 Nienow Court\nCaseyberg, WA 93061-2738','6.5','1982-11-17 22:28:51','1978-11-20 04:04:06'),
('29','29','voluptas','1','29','29','8700 Ora Vista\nDawsonside, MI 28217-6285','7.8','2020-08-15 00:19:44','2016-01-07 09:06:30'),
('30','30','non','2','30','30','98785 Lesly Village\nSouth Ernestinafurt, NH 08735','6.2','2003-07-08 16:01:13','1979-11-19 08:13:13'),
('31','31','eum','3','31','31','200 Paucek Springs Apt. 977\nShaynetown, IL 55568-9278','3.1','2013-07-06 20:01:25','1987-07-15 00:42:24'),
('32','32','et','4','32','32','8651 Rasheed Field\nTaylorville, OK 40528','1.2','1979-09-29 22:30:54','2011-09-21 01:44:02'),
('33','33','dolores','5','33','33','92088 Domingo Rue\nLuettgenfurt, IA 34474-2115','6.2','1988-11-06 07:34:01','2013-11-19 01:06:23'),
('34','34','ullam','6','34','34','26611 Angie Crescent\nTeaganberg, IN 82124','8.7','2018-01-21 13:11:32','1988-03-10 07:59:12'),
('35','35','voluptatem','7','35','35','08016 Zulauf Via\nTyreefort, NH 78194','4.7','1999-03-25 00:17:57','1981-06-30 23:01:28'),
('36','36','ut','1','36','36','9759 Donnelly Trail\nFeilfurt, MI 12491','1.8','2011-10-12 04:33:00','1976-03-24 07:12:06'),
('37','37','ut','2','37','37','45048 Collier Cape\nHahnstad, SD 02431','7.5','1972-11-26 00:16:58','1998-10-11 06:30:14'),
('38','38','earum','3','38','38','967 Jaylen Plain\nPort Amaliahaven, WY 26853-0259','0','1990-01-03 16:30:02','2004-09-01 10:56:55'),
('39','39','accusamus','4','39','39','970 Beatty Ranch\nSengerton, CT 00014-6834','4.4','1977-10-24 02:46:46','2003-04-17 14:54:35'),
('40','40','itaque','5','40','40','781 Ruecker Oval\nWest Frederic, AL 81065','1.8','1984-10-13 18:12:37','2002-04-15 09:22:39'),
('41','41','a','6','41','41','3307 Judah Port Apt. 942\nOrphaview, NY 62243-3233','5.8','2015-12-22 04:52:04','1979-06-29 05:57:51'),
('42','42','molestias','7','42','42','386 Rippin Ways\nNew Domenick, DC 26057-2641','6.7','1982-05-27 01:21:37','1971-03-09 13:23:09'),
('43','43','nemo','1','43','43','37695 Madeline Mountain Apt. 721\nSouth Laviniashire, MT 41388-8932','6.8','1976-01-08 14:18:59','2015-07-06 17:48:56'),
('44','44','quis','2','44','44','2833 Bartholome Trail Suite 266\nKreigerburgh, MA 68768','4.7','1998-01-31 00:45:30','1999-10-18 19:57:43'),
('45','45','officia','3','45','45','9145 Gutkowski Rest Suite 625\nNorth Claudefort, CA 60341-3054','1.9','2009-07-28 12:36:47','1983-08-03 17:05:57'),
('46','46','est','4','46','46','0824 Carolina Lake Suite 411\nSchroedermouth, WA 19318-9698','6.3','2002-10-14 09:58:39','2001-12-03 02:50:41'),
('47','47','natus','5','47','47','5279 Lehner Views Suite 158\nNorth Hilton, MA 74411-8014','2.5','1996-10-09 00:58:12','1998-09-17 02:25:45'),
('48','48','amet','6','48','48','136 Magdalena Fields\nSouth Kendall, OK 08143-4559','5.6','1974-01-07 19:02:23','2006-11-27 01:29:14'),
('49','49','dolore','7','49','49','0563 Toy Overpass\nWest Nicofurt, MT 36376-2804','3.5','2010-07-27 17:27:33','2012-12-27 03:54:24'),
('50','50','sed','1','50','50','911 Rodriguez Landing\nMaiyashire, NE 02250','4.1','1974-02-17 15:48:40','2014-05-26 18:36:20'),
('51','51','repellat','2','1','51','9121 Einar Isle Apt. 348\nNew Terence, MT 16686-8500','0.1','1987-05-05 09:37:29','1991-11-01 10:59:13'),
('52','52','iusto','3','2','52','11882 Bergstrom Manors\nPort Catharinebury, DE 09005-3562','1.7','2014-12-18 12:53:17','1974-10-04 14:03:57'),
('53','53','nostrum','4','3','53','311 Lakin Ports Apt. 763\nSchmelermouth, WI 73240-5854','0.8','1994-08-06 07:12:47','1995-11-01 21:15:57'),
('54','54','odio','5','4','54','8891 Borer Street Suite 367\nCasimirbury, ID 06779-2774','8.5','2012-04-06 04:35:18','1987-12-31 05:49:19'),
('55','55','error','6','5','55','369 Walsh Avenue\nLake Lesleyville, LA 73856','6.7','2000-02-07 12:15:31','2010-07-19 02:57:49'),
('56','56','unde','7','6','56','9305 Labadie Neck\nWest Martine, KS 23070','0.8','2019-02-07 10:56:02','1987-09-14 12:32:14'),
('57','57','quo','1','7','57','70174 Marisa Plains Suite 614\nEast Germanville, CT 52405','0.2','1984-04-03 07:42:45','2004-05-26 16:15:10'),
('58','58','corrupti','2','8','58','74118 Stiedemann Harbors Apt. 182\nLillianashire, PA 39055-4437','1.7','1988-04-24 17:43:18','1980-05-02 11:59:22'),
('59','59','assumenda','3','9','59','95382 Osinski Loop\nLake Guadalupe, MN 37474-7944','5','1981-07-06 23:49:03','1993-09-04 15:02:00'),
('60','60','nobis','4','10','60','2968 Schowalter Corner Apt. 120\nArjunfurt, HI 30847-2303','2.9','1993-09-04 16:31:06','2015-08-02 21:38:11'),
('61','61','aperiam','5','11','61','5589 Schuppe Causeway\nTryciafort, MA 56215','5.5','1989-04-07 13:11:07','1977-07-09 22:17:44'),
('62','62','laboriosam','6','12','62','29475 King Hollow\nKossstad, AZ 81685','3.1','1982-12-06 07:42:46','2006-04-08 08:50:54'),
('63','63','possimus','7','13','63','1828 Nash Locks\nPadbergchester, MN 23808-5856','7.7','1999-10-24 16:34:56','1972-07-08 13:06:32'),
('64','64','odio','1','14','64','3760 Danny Lodge Apt. 483\nPort Finnfurt, NJ 60146','7.7','1988-02-09 02:10:49','1993-06-16 00:09:29'),
('65','65','eveniet','2','15','65','3688 Berenice Via Apt. 548\nNorth Lilymouth, VT 96915','3.4','1990-11-21 04:44:39','1999-04-11 16:39:10'),
('66','66','numquam','3','16','66','247 Laisha Squares Suite 422\nElizashire, NV 23357-0438','4.8','2007-09-26 07:11:02','1989-02-02 21:39:01'),
('67','67','fugit','4','17','67','767 Crona Island\nPatsychester, HI 11238','2.4','1979-01-31 15:17:04','1983-08-11 05:14:27'),
('68','68','laboriosam','5','18','68','335 Haag Island\nHoseafurt, PA 10612','6.1','1984-06-27 12:30:21','1974-09-24 04:07:51'),
('69','69','nostrum','6','19','69','572 Flatley Pike\nNannieville, AK 99351','5.5','2018-04-25 09:22:04','2018-07-12 13:32:46'),
('70','70','optio','7','20','70','36576 Audra Squares\nWest Muhammad, CO 20933','2','2016-12-10 00:02:35','1979-09-09 18:23:09'),
('71','71','est','1','21','71','4110 Rebeca Meadows\nAbbeyland, CA 17970','2.4','1971-07-14 10:13:46','1977-11-15 16:08:26'),
('72','72','qui','2','22','72','94222 Barton Avenue Suite 515\nNew Dejuanshire, WA 22106','4.4','2002-03-27 19:01:36','1986-12-26 21:41:47'),
('73','73','maiores','3','23','73','374 Lexie Lake Apt. 555\nPort Chadd, SD 03410-5329','3','2004-10-18 18:12:58','1994-11-26 12:45:40'),
('74','74','quo','4','24','74','4058 Bayer Village Suite 374\nEast Lurafort, AL 35944','6.2','1989-11-01 03:30:32','2020-05-23 08:02:51'),
('75','75','modi','5','25','75','8127 Dakota Islands Suite 336\nRatkeville, KS 76653','9.1','2010-11-18 00:29:03','1989-04-23 08:31:14'),
('76','76','ut','6','26','76','91351 Olen Curve\nLake Brittanyland, LA 69895','9.1','1984-03-18 13:09:53','1996-07-21 07:13:31'),
('77','77','blanditiis','7','27','77','4908 Jasper Garden Apt. 727\nArchfurt, WY 94071-1047','0.9','2004-06-17 22:37:19','1971-05-18 21:06:00'),
('78','78','sit','1','28','78','669 Mose Rapids\nMullermouth, SD 84923-3773','3.5','2006-01-07 20:36:27','1980-06-12 12:41:37'),
('79','79','aut','2','29','79','90951 Lisandro Harbor Suite 246\nLake Estellland, RI 04095-0880','0.4','2018-05-10 07:44:07','1977-03-15 14:59:50'),
('80','80','iusto','3','30','80','49323 Emilia Shore Suite 267\nWest Kelsieberg, AL 65735-7248','2.3','1976-07-11 05:03:25','1984-03-24 14:18:54'),
('81','81','omnis','4','31','81','836 Reynolds Meadow Apt. 906\nChasemouth, CT 40450','4.2','1997-10-14 09:24:57','2001-06-06 21:19:10'),
('82','82','minus','5','32','82','59204 Stehr Gardens Suite 957\nSouth Raymondport, PA 06304','3.4','1998-01-22 02:54:25','2007-06-06 14:15:03'),
('83','83','culpa','6','33','83','17879 Katlynn Village Apt. 411\nWolfburgh, WI 85007-7221','8.7','2015-04-24 18:22:54','2010-04-05 20:00:33'),
('84','84','accusamus','7','34','84','129 Leannon Expressway Suite 010\nSouth Cindymouth, CT 38975-6345','2.3','1998-12-17 12:35:52','2008-03-29 17:30:40'),
('85','85','optio','1','35','85','66260 Carlee Cape\nLake Godfrey, DC 86607','5.1','2007-04-27 07:46:08','2004-11-11 08:38:59'),
('86','86','non','2','36','86','24796 Goldner Ports Apt. 370\nLinneastad, NC 85430-8938','9.5','1994-12-23 19:20:31','1980-02-08 08:51:17'),
('87','87','repudiandae','3','37','87','243 Polly Junction\nLonland, NE 02935-4297','0.5','2003-11-10 06:49:10','1993-04-21 13:51:46'),
('88','88','aliquid','4','38','88','81881 Retha View Apt. 837\nNorth Magdalena, RI 21294-7560','7.9','2007-08-25 03:29:00','1977-12-08 10:33:04'),
('89','89','accusamus','5','39','89','8394 Jocelyn Route\nGideonville, HI 19336-8512','8.3','2004-02-16 10:50:34','1992-11-24 01:48:00'),
('90','90','dolorem','6','40','90','497 Rau Fort Apt. 927\nSouth Josueton, KY 12324-6962','3.9','1972-01-22 12:40:52','2015-03-05 05:34:09'),
('91','91','aut','7','41','91','0926 Veum Fords\nShemarville, UT 41121-1823','0.5','1973-05-25 22:42:24','2007-03-29 22:15:10'),
('92','92','ut','1','42','92','640 Joey Spring Apt. 848\nNorth Courtneyton, WY 28429-5638','5.4','2018-07-30 20:20:56','1988-04-08 06:31:12'),
('93','93','et','2','43','93','34581 Veum Place Apt. 510\nKoelpinburgh, TX 76077-6693','1','2012-09-23 19:25:41','1996-08-02 16:41:06'),
('94','94','enim','3','44','94','7153 Toy Fall Suite 945\nNew Aaliyah, ND 38076-7211','5.6','2013-04-22 21:58:56','1989-07-07 16:36:41'),
('95','95','et','4','45','95','57624 Kayley Cliffs\nPort Alexanne, WA 63644','4.8','2000-06-20 01:15:21','2015-08-31 21:31:47'),
('96','96','deserunt','5','46','96','004 Hand Light\nPort Ikeborough, NV 90864-9324','3.7','1970-03-31 06:21:08','2011-11-12 03:48:10'),
('97','97','nulla','6','47','97','4623 Shaniya Parkways\nDickinsonstad, WI 47658','3.5','1976-07-07 08:34:35','1973-06-25 11:25:25'),
('98','98','nostrum','7','48','98','726 Kihn Squares Apt. 798\nJamisonshire, NC 10674','3.5','2009-10-21 07:08:25','2001-11-28 03:29:35'),
('99','99','suscipit','1','49','99','3156 Stacey Turnpike Apt. 181\nEllafurt, HI 05139','4.5','1994-01-16 14:37:46','1981-04-20 06:37:22'),
('100','100','doloremque','2','50','100','67485 Ruecker Motorway\nBryanastad, ID 63594-1990','1.5','1983-01-14 09:29:07','1985-04-02 18:00:52'),
('101','101','in','3','1','101','9280 Nicholaus Shoals\nNyasiatown, OR 41492','9.8','1986-05-20 17:48:14','1993-07-20 16:21:10'),
('102','102','blanditiis','4','2','102','72164 Koelpin Crescent\nLake Caesarland, IL 25646','7.7','2001-03-21 09:20:09','2015-01-02 14:28:50'),
('103','103','a','5','3','103','01929 Jenkins Prairie Apt. 100\nBartonberg, MA 17526','2.9','1984-05-15 16:15:09','2008-12-18 14:28:21'),
('104','104','exercitationem','6','4','104','8034 Deangelo Mountains Apt. 590\nLake Mona, MD 44353-1140','6.4','2012-10-19 02:28:23','1994-12-01 22:11:58'),
('105','105','nobis','7','5','105','935 Krajcik Parkway Apt. 991\nCorwinborough, VA 69156','8.1','1993-08-07 05:40:51','2005-02-05 21:43:59'),
('106','106','voluptatem','1','6','106','44538 Breitenberg Landing Suite 334\nEast Buddyborough, AK 18108-0261','9.1','2016-06-23 18:24:49','1993-06-11 10:56:06'),
('107','107','et','2','7','107','8619 Medhurst Junctions Apt. 193\nPort Georgette, TX 54142','8.7','2019-07-21 14:12:42','2008-12-28 13:06:30'),
('108','108','eligendi','3','8','108','10209 Ledner Crossroad\nLake Amara, WV 45050-6293','7.7','1971-11-25 21:16:09','2017-12-27 18:21:56'),
('109','109','quibusdam','4','9','109','251 Lysanne Loop\nReneberg, SD 15553','2.2','1996-06-20 15:19:19','1979-01-18 14:06:13'),
('110','110','in','5','10','110','958 Jacobson Hill Apt. 031\nSouth Shirley, MS 73719','4.5','2003-06-29 00:40:08','2000-09-15 18:34:15'),
('111','111','vitae','6','11','111','2307 Lubowitz Spring\nHalletown, MO 74487','8.2','1980-07-01 16:13:04','2000-01-20 23:11:06'),
('112','112','facilis','7','12','112','470 Treutel Viaduct\nSouth Leonefurt, MI 81221','4','1981-01-23 05:49:21','1974-08-04 20:19:58'),
('113','113','eius','1','13','113','52708 Towne Canyon\nLake Imaville, KS 28110-9791','8.5','2000-10-02 09:14:13','1990-11-04 14:18:10'),
('114','114','ullam','2','14','114','083 Austin Creek\nSouth Lacy, PA 14982-0408','0.9','1976-11-23 17:05:08','1978-06-24 08:19:52'),
('115','115','ex','3','15','115','15296 Ebert Crossroad\nSouth John, UT 81165','3.8','1984-08-24 06:07:31','1998-09-04 14:44:36'),
('116','116','temporibus','4','16','116','50723 Eichmann Lights Suite 835\nLeschchester, OR 92190-6525','1.8','2010-08-03 01:30:36','1976-01-06 16:39:11'),
('117','117','ex','5','17','117','59053 Mike Circle\nD\'Amoreton, TX 69597-0771','8.4','2018-08-22 05:02:29','1991-12-07 22:42:55'),
('118','118','assumenda','6','18','118','41677 Blanda Course\nSteveshire, WY 05870-1228','9.1','1996-02-17 12:49:57','1988-09-05 17:26:23'),
('119','119','accusamus','7','19','119','8651 Oliver Heights\nEmardton, OH 09666-5002','4.9','2014-02-08 14:10:36','1998-02-02 21:29:31'),
('120','120','ut','1','20','120','5836 Schulist Coves Apt. 021\nBeattystad, MN 17084-5008','9.1','2018-03-15 06:22:45','1971-03-24 12:25:11'),
('121','121','unde','2','21','121','1037 Daphne Overpass Apt. 354\nTimothyburgh, AR 70709-5569','0.9','1993-07-23 15:16:40','2003-05-14 06:03:27'),
('122','122','quos','3','22','122','3217 Schoen Pass\nAbrahamland, IA 33455','1.8','2008-10-29 14:33:40','1997-09-23 20:35:02'),
('123','123','facilis','4','23','123','362 Williamson Forges Apt. 310\nWest Kamryn, CO 00096-8498','3.9','2012-10-01 02:16:23','1989-05-15 10:03:38'),
('124','124','debitis','5','24','124','13975 Edythe Stravenue\nWest Matildemouth, MN 02498','4.9','2004-01-30 12:39:28','1977-02-20 18:25:01'),
('125','125','deleniti','6','25','125','05552 Rolfson Forest\nNorth Glennie, WY 13393-3010','0.6','2019-09-05 20:54:12','1979-09-04 09:28:47'),
('126','126','saepe','7','26','126','7124 Heaney Mount\nCassidyview, CO 78289','4.8','1992-03-11 08:27:28','2012-10-12 03:05:38'),
('127','127','quia','1','27','127','8233 Reinhold Centers Suite 434\nMaryjanemouth, RI 17779-6486','3.8','1987-09-22 20:20:40','2013-12-12 06:07:24'),
('128','128','repellendus','2','28','128','00924 Frank Knoll Apt. 719\nPeytonville, IN 67288-1571','0.9','1993-12-24 00:04:44','2020-08-06 14:58:54'),
('129','129','incidunt','3','29','129','94877 Yost Forge Suite 904\nEmeraldfort, MO 13103','9.2','2008-01-02 09:20:46','1992-06-30 02:34:47'),
('130','130','dolores','4','30','130','3526 Colleen Harbor Apt. 245\nNorth Ardith, MI 61796-4561','2.8','2018-09-26 15:15:24','1976-06-28 12:37:51'),
('131','131','et','5','31','131','551 Gerardo Springs Suite 810\nEldoraville, AL 22031','9.9','2018-03-22 05:18:20','1984-02-22 12:03:42'),
('132','132','aliquam','6','32','132','943 Wilderman Drive\nNew Shannyborough, OH 49269-9068','4.5','1971-08-18 02:15:23','2012-06-25 04:19:35'),
('133','133','aut','7','33','133','4591 Botsford Avenue Apt. 270\nKertzmannstad, ND 03070','4.1','1991-01-18 02:31:49','1994-12-27 15:17:36'),
('134','134','ratione','1','34','134','0044 Anderson Tunnel Apt. 774\nWest Kristofferberg, OR 38814-8643','8.2','1974-03-24 15:31:10','1989-08-19 09:21:15'),
('135','135','fugiat','2','35','135','437 Erich Turnpike\nKohlerchester, WV 78533-5575','2.3','1980-12-03 14:25:34','2019-04-28 05:40:58'),
('136','136','quia','3','36','136','4403 Heaney Bridge\nMantemouth, KY 96914','1.6','1998-11-18 14:05:09','1997-08-16 03:55:08'),
('137','137','vel','4','37','137','1446 Elliott Field\nEusebioburgh, MS 48142-3397','9.1','1971-12-16 09:59:15','1983-03-01 17:06:08'),
('138','138','est','5','38','138','929 Donna Radial Suite 941\nWest Lesley, RI 70206','2.9','1987-05-07 19:22:01','2002-01-10 03:16:58'),
('139','139','non','6','39','139','7099 Lind Tunnel\nWest Ansley, MI 28538','2.9','2018-11-21 14:06:06','1996-09-27 04:17:54'),
('140','140','qui','7','40','140','3719 O\'Keefe Mills\nQuigleyland, AR 74322','9.5','2002-04-07 16:58:50','2009-06-29 01:03:03'),
('141','141','aut','1','41','141','45505 Okuneva Junction Suite 562\nNorth Corene, ID 06198','6.4','1990-09-28 21:34:21','1991-12-08 13:01:09'),
('142','142','officiis','2','42','142','050 Adolf Shoal\nNorth Cornell, UT 53281-8248','7.1','2004-05-14 01:46:00','1996-07-02 06:42:17'),
('143','143','aperiam','3','43','143','20626 Corkery Pines Apt. 302\nRohantown, KS 19033-5810','3.9','1984-11-12 15:13:37','1988-09-27 17:04:22'),
('144','144','harum','4','44','144','02286 Tracy Fork Apt. 109\nEast Yasmin, CO 51513-3822','9.9','1977-02-22 09:51:38','2011-03-02 16:17:39'),
('145','145','omnis','5','45','145','1422 Skyla Squares Suite 368\nNorth Keon, MS 98237-9432','9.2','2012-11-05 18:31:18','2004-05-25 21:38:55'),
('146','146','vero','6','46','146','602 Kutch Prairie Apt. 158\nBoyleview, NH 68457','3.2','2006-07-15 09:38:02','1984-10-12 06:48:25'),
('147','147','earum','7','47','147','205 Cummings Street\nOrinburgh, IL 79168','9.7','2012-05-21 04:26:47','1970-09-27 06:57:40'),
('148','148','quasi','1','48','148','62883 Donavon Lights\nWest Johnnie, HI 73475-9264','5.8','2012-09-04 05:18:08','1989-09-13 20:48:46'),
('149','149','doloremque','2','49','149','16716 Vivienne Unions Apt. 510\nLake Masonview, WA 68373','3.2','2018-01-25 14:17:48','1987-02-12 20:37:20'),
('150','150','dolores','3','50','150','65397 Bednar Camp Suite 607\nMarionhaven, MT 95931','3.1','2015-03-03 08:00:14','2000-11-23 00:45:00'),
('151','151','aut','4','1','151','95875 Hudson Plaza\nLake Ivashire, NY 02971','0.4','1988-07-29 02:23:16','1995-01-01 16:16:15'),
('152','152','at','5','2','152','327 Torphy Island\nEast Johnathanberg, IL 51649','2.4','1990-06-26 13:44:45','2005-09-18 06:52:20'),
('153','153','nihil','6','3','153','0820 Zulauf Harbor\nEliseoland, MS 97530-6004','3.2','1991-02-21 17:27:32','2006-10-15 15:00:03'),
('154','154','qui','7','4','154','4328 Johnathon Hill Apt. 945\nSofiastad, HI 60943-9591','1.1','1988-10-01 18:36:23','1996-09-26 21:19:00'),
('155','155','ab','1','5','155','230 Lora Brook\nSengerside, AR 55757-9713','9.5','1993-12-30 17:22:25','1990-04-06 05:56:26'),
('156','156','quisquam','2','6','156','1274 Alta Corners Apt. 934\nMoenbury, VT 38899','6.4','1975-05-05 08:57:46','1973-05-11 20:54:05'),
('157','157','dignissimos','3','7','157','92349 Schamberger Spurs Suite 481\nLake Angelchester, SD 40084','9','1998-10-25 13:36:07','1970-11-21 03:46:42'),
('158','158','cum','4','8','158','727 Brekke Spurs\nNew Brice, AR 00881-8872','5.4','2013-05-17 04:50:23','1971-12-13 06:34:03'),
('159','159','perspiciatis','5','9','159','166 Rebecca Ports Suite 494\nWizahaven, VT 15847-6677','3','2008-12-20 13:30:55','1981-05-06 14:12:39'),
('160','160','consequuntur','6','10','160','96848 Daniel Brooks\nZoraton, MT 19076','8.9','2010-10-25 08:45:15','2008-05-11 02:15:54'),
('161','161','autem','7','11','161','226 Hyatt Crescent\nSouth Arianna, IA 63433-1582','1.1','1973-05-24 17:26:16','1989-12-01 16:41:29'),
('162','162','voluptates','1','12','162','206 Treutel Locks\nEast Pablo, CT 72629','9.9','1977-04-20 10:58:57','1973-06-22 22:44:06'),
('163','163','ea','2','13','163','3174 Okuneva Oval\nNorth Elta, IN 17477-8635','8.7','1984-02-28 17:10:05','2009-12-20 12:48:16'),
('164','164','omnis','3','14','164','649 Sanford Mill\nWest Mylene, AL 96574-3977','7.1','1980-06-11 17:28:26','1994-02-28 10:26:00'),
('165','165','magni','4','15','165','8856 Dorcas Mews\nNew Gunnarburgh, MT 60028','2.2','1979-12-13 20:32:06','1994-12-02 16:37:23'),
('166','166','perferendis','5','16','166','724 Bradtke Bridge Suite 084\nPort Emeraldton, NH 21438','1.6','2002-03-23 14:27:04','1999-10-09 02:52:34'),
('167','167','non','6','17','167','5724 Brennon Crossing\nNorth Kyleeville, MI 34675','2.7','1973-10-29 06:17:42','2019-09-21 02:15:29'),
('168','168','quam','7','18','168','19395 Jevon Extension\nMoenport, OK 77036','2.3','1985-05-28 23:16:23','2011-04-15 16:44:19'),
('169','169','id','1','19','169','119 Josh Unions\nGoldnerland, WV 41449-0588','8.2','1970-08-29 00:10:34','2019-06-04 03:17:32'),
('170','170','natus','2','20','170','4544 Miller Ridges\nBlicktown, WY 68684','8.6','2011-05-28 04:11:30','2002-10-16 17:31:06'),
('171','171','dolorum','3','21','171','3846 Windler Canyon\nEast Harrisonmouth, PA 64787','0.1','1999-08-28 07:38:42','2000-02-28 08:20:40'),
('172','172','aliquam','4','22','172','57739 Maddison Falls\nSouth Serenityburgh, DE 12504-0933','3','2005-09-01 08:22:30','1973-05-26 13:35:32'),
('173','173','dolor','5','23','173','96136 Johns Road Apt. 819\nEast Destineeberg, ID 96450','7','2017-05-10 03:45:39','2001-02-15 10:19:21'),
('174','174','voluptatibus','6','24','174','13636 Sydni Corner Apt. 772\nMarianeside, CT 74083','9.3','1994-01-28 19:51:41','2008-02-14 07:45:07'),
('175','175','voluptate','7','25','175','9004 Jovanny Bridge Apt. 948\nEast Ashly, AZ 24820-1278','3.6','1978-12-29 22:27:44','2018-03-08 01:08:20'),
('176','176','nisi','1','26','176','760 Casper Ford\nHollyland, OH 38112-7516','5.5','1999-05-12 21:25:35','1970-10-26 18:19:10'),
('177','177','ea','2','27','177','284 White Junction Apt. 596\nHollychester, IN 21407','8.5','1986-07-05 16:22:32','1976-07-08 00:59:28'),
('178','178','animi','3','28','178','15786 McDermott Forest Suite 163\nBoyerville, MT 37180','9.1','1995-07-28 15:06:53','2017-09-11 18:07:48'),
('179','179','nihil','4','29','179','37220 Clemmie Crescent Apt. 205\nNorth Otholand, PA 26560','4.3','1987-07-04 16:39:41','2018-05-27 02:38:40'),
('180','180','optio','5','30','180','76663 Moen Fall Apt. 255\nTheresialand, SC 57766-6728','8.5','1996-07-29 11:39:40','1998-03-14 06:05:39'),
('181','181','earum','6','31','181','86523 Moen Flat\nLake Tevinton, VT 99240-5537','4.1','2007-02-15 23:43:03','1996-04-18 13:04:47'),
('182','182','suscipit','7','32','182','0003 Jacobi Square\nWest Dorothea, ID 52721-8249','3.6','2017-06-13 07:10:58','1992-02-16 16:19:57'),
('183','183','est','1','33','183','178 Darwin Square Suite 802\nSouth Maryhaven, MT 91547-6400','0.2','1980-02-19 20:52:06','1973-12-09 17:16:07'),
('184','184','harum','2','34','184','3030 Funk Shoal\nPansyborough, GA 23839','0.3','1999-01-30 07:29:02','1996-09-24 02:36:32'),
('185','185','unde','3','35','185','00641 Nienow Spurs Suite 080\nGreysonfurt, DC 87819-3052','3','1995-05-01 21:28:18','1994-09-12 16:25:09'),
('186','186','aperiam','4','36','186','9408 Anderson Key\nWillport, OH 37729-2391','2.5','2018-07-11 09:23:13','2011-03-22 21:02:24'),
('187','187','vel','5','37','187','95161 Laron Park Apt. 228\nLake Micaela, WI 40623-4526','0.8','1995-06-20 21:13:55','1979-05-27 12:19:19'),
('188','188','sunt','6','38','188','36311 Langworth Keys\nEberttown, AL 51850-7941','0.2','2007-07-12 14:04:07','1984-12-01 03:12:23'),
('189','189','magnam','7','39','189','24277 Collier Fork Apt. 001\nMagnusfort, RI 13895','9.5','1989-12-29 19:44:36','2010-04-17 22:52:15'),
('190','190','vel','1','40','190','212 Jenkins Prairie\nEast Kaleb, AZ 54771-0376','7.9','2011-02-26 12:07:39','2001-02-28 16:25:46'),
('191','191','qui','2','41','191','4756 Dariana Groves Apt. 422\nEast Aron, CA 43302','1.5','1975-09-19 12:17:04','1984-07-02 01:28:46'),
('192','192','esse','3','42','192','18916 Amya Station Apt. 530\nJaedenfurt, NC 26745-1072','0.7','1995-10-30 07:51:25','2008-04-09 09:10:31'),
('193','193','et','4','43','193','225 Raynor Wells Suite 385\nWest Nicklausberg, OH 00601-6400','0.7','2009-08-28 18:52:41','2015-04-01 03:56:18'),
('194','194','et','5','44','194','16665 Daugherty Burgs\nO\'Connellmouth, HI 39588-8080','5.6','2001-11-19 07:14:44','1997-06-28 16:23:11'),
('195','195','atque','6','45','195','556 Goldner Knolls Suite 994\nMrazberg, WI 75298-3439','5.1','2016-02-27 08:20:17','1995-07-10 15:30:14'),
('196','196','assumenda','7','46','196','259 Haleigh Creek Apt. 278\nSouth Chasehaven, GA 03690','1.2','1977-01-27 08:58:15','1985-06-01 14:01:45'),
('197','197','aut','1','47','197','8549 Marquise Port\nIzaiahbury, ID 01769-8979','7.4','1975-02-19 03:27:11','1976-05-02 18:57:06'),
('198','198','aliquam','2','48','198','87608 Greenholt Point Apt. 333\nWest Rosie, PA 76101-9121','4.3','1972-09-07 04:13:24','2013-11-19 21:49:05'),
('199','199','nulla','3','49','199','39086 Hilll Terrace Apt. 194\nStephaniamouth, OH 44645-6821','0.1','1973-09-07 05:38:38','2020-03-16 04:51:22'),
('200','200','ut','4','50','200','66791 Lind Motorway\nRowenahaven, UT 10549-7673','7.6','1998-06-28 08:59:27','1985-11-02 10:35:33'),
('201','201','voluptatem','5','1','1','254 Botsford Skyway\nArloberg, MA 63275','6.9','2015-08-06 07:52:53','2012-09-17 02:22:53'),
('202','202','vel','6','2','2','78915 Greenfelder Corners\nSouth Lilyan, KS 11135-9200','2.7','1981-02-02 14:26:02','1984-08-21 05:26:55'),
('203','203','qui','7','3','3','0102 Ziemann Extensions Suite 038\nO\'Konburgh, GA 74806','0.2','1986-02-15 15:19:41','1979-03-30 14:31:44'),
('204','204','quod','1','4','4','363 Armando Brooks\nMosciskiview, WV 32822-7868','0.7','1976-08-14 08:16:55','2020-04-09 14:41:13'),
('205','205','reprehenderit','2','5','5','5524 Casimir Forest Suite 897\nPort Christyport, HI 91787-1271','2.2','2002-12-21 01:17:56','2016-01-02 03:51:27'),
('206','206','minus','3','6','6','872 Julio Pines Suite 790\nNorth Delores, NM 67511','9','2002-02-11 21:40:40','1989-04-22 01:21:24'),
('207','207','quis','4','7','7','6153 Haley Extension Apt. 517\nTroymouth, NH 06804','3.9','2017-12-02 22:14:55','1976-04-16 11:03:53'),
('208','208','laborum','5','8','8','0866 Duane Road Apt. 168\nLake Norvalside, AZ 60927','7.7','1975-11-25 21:25:16','2003-10-29 09:16:13'),
('209','209','magni','6','9','9','515 Sid Keys\nWhiteberg, SD 53973','3.7','2008-05-05 23:26:31','2004-08-13 02:11:07'),
('210','210','nam','7','10','10','6821 Boyle Centers\nHarrisside, NC 33787','5.2','2006-03-18 06:29:49','2004-04-03 09:14:13'),
('211','211','sint','1','11','11','903 Sadye Knoll Suite 920\nNorth Dinomouth, ID 56449-9321','6.1','1977-05-21 13:26:03','2008-08-05 21:32:13'),
('212','212','aut','2','12','12','299 Skiles Pines\nWest Isaacmouth, UT 45836-1262','6.3','1975-10-09 15:10:46','1973-03-24 12:41:32'),
('213','213','rerum','3','13','13','90117 Muller Prairie\nVeumfurt, OK 99687','7.7','2002-07-01 17:57:46','1986-10-13 20:41:08'),
('214','214','omnis','4','14','14','04030 Casper Junctions\nParisianview, VA 00675','7.2','1990-01-11 08:06:35','2019-10-21 15:56:08'),
('215','215','ut','5','15','15','4677 Kirlin Lodge\nSteuberburgh, WA 17282-6535','8.8','1997-08-16 16:29:33','2005-11-24 17:16:04'),
('216','216','doloremque','6','16','16','534 Jamie Squares Suite 333\nWest Martine, WI 75745','4.4','2013-11-30 16:01:54','1988-12-10 12:18:32'),
('217','217','impedit','7','17','17','26167 Johathan Estates\nGloriaville, FL 55550','3.1','2001-10-31 06:24:29','2003-05-16 07:56:24'),
('218','218','dolores','1','18','18','0340 Leannon Plains Apt. 075\nNew Donnaton, OH 96217','6.1','1988-05-04 00:52:49','1988-01-16 02:23:11'),
('219','219','aliquam','2','19','19','904 Aurelio Radial\nNorth Juliuschester, MS 92335','3.8','2005-08-10 10:51:24','1970-01-17 13:08:49'),
('220','220','qui','3','20','20','116 Maureen Harbors\nWisozkland, CO 78413-7499','4.6','1988-01-11 13:31:55','1988-07-29 07:57:10'),
('221','221','dolores','4','21','21','99874 Kulas Gardens\nNorth Ledabury, ME 08329','9.7','1990-10-31 04:32:56','2011-02-06 05:52:08'),
('222','222','laudantium','5','22','22','5681 Lea Court Suite 645\nEast Dedrickburgh, PA 61349-9093','1.5','1989-07-26 13:03:31','2004-07-21 23:35:00'),
('223','223','sint','6','23','23','86083 Kaleb Wells Apt. 436\nMerlechester, MA 12119-7193','7.5','1993-11-30 17:18:22','1993-09-10 17:16:43'),
('224','224','occaecati','7','24','24','997 Anderson Lane\nNew Filomena, MA 67321','7.9','1989-02-24 08:39:59','1978-09-24 18:08:13'),
('225','225','quas','1','25','25','83196 Keebler Skyway\nSmithamfurt, NM 61537','0.4','1977-08-12 05:06:00','1970-10-16 10:44:14'),
('226','226','mollitia','2','26','26','197 Rowena Harbors Apt. 087\nEast Caterina, MN 40804-6264','0.9','1983-04-16 19:53:39','1994-09-09 13:09:24'),
('227','227','praesentium','3','27','27','01162 Zoey Causeway\nWest Douglasmouth, AR 59548','4.3','2018-09-01 23:59:54','1972-03-02 19:08:48'),
('228','228','fugiat','4','28','28','5303 Blanda Terrace\nAngelitastad, NH 26099','4','2004-08-11 15:17:18','1972-09-20 21:46:58'),
('229','229','eos','5','29','29','60810 Kacie Union Suite 566\nDarrylside, WI 99226','3.1','1984-08-05 15:58:11','2011-01-22 05:48:56'),
('230','230','quisquam','6','30','30','83901 Jada Estates\nCollinsland, MI 29967-0614','9.4','2008-12-12 16:21:38','2002-01-27 18:44:25'),
('231','231','quibusdam','7','31','31','916 Jorge Forges Apt. 649\nWilhelmbury, CA 96585-3297','9.6','1973-12-21 04:37:47','1980-12-13 06:11:28'),
('232','232','quia','1','32','32','31781 Hassan Mill Suite 524\nWest Emmett, SC 21392-6770','1.3','2006-03-30 01:24:18','1979-06-06 04:19:21'),
('233','233','est','2','33','33','2417 Labadie Gardens\nSouth Margret, CO 91207','0.8','1995-06-01 13:41:10','1995-06-10 12:07:04'),
('234','234','architecto','3','34','34','250 Glen Square\nAliviaberg, KS 09710','4','1973-11-21 23:00:11','1972-01-20 01:16:33'),
('235','235','ratione','4','35','35','0126 Bernhard Radial Suite 310\nWest Doraview, HI 62550','8.4','2015-12-09 21:55:41','2019-01-07 02:22:51'),
('236','236','iusto','5','36','36','06451 Jovan Valley\nWest Terrill, LA 62260','2.7','2001-03-24 02:48:15','2002-02-26 09:21:22'),
('237','237','necessitatibus','6','37','37','85845 Dorothy Canyon\nKilbackfurt, ME 59840','5.6','2019-05-02 20:11:42','2019-04-09 01:46:06'),
('238','238','et','7','38','38','675 Koch Corners\nPurdymouth, AR 43214','9.9','1981-09-03 12:58:57','1973-02-16 17:23:15'),
('239','239','hic','1','39','39','6628 Kayla Parkways Apt. 970\nNew Jennings, VA 82979','4.3','1997-05-14 16:54:03','2015-06-06 09:20:16'),
('240','240','inventore','2','40','40','63444 Lindgren Causeway\nGusikowskiville, ND 43146-1753','4.1','2002-12-17 16:56:26','1981-06-28 08:55:46'),
('241','241','aut','3','41','41','53995 Braxton Stream Apt. 571\nNorth Kacey, RI 99054-7707','3.3','1982-05-06 20:16:22','2011-11-21 00:05:44'),
('242','242','maxime','4','42','42','350 Pacocha Rapid\nKadestad, VA 12295-5427','2.2','1998-11-28 04:01:27','2003-08-08 18:55:19'),
('243','243','id','5','43','43','45900 Sanford Fall\nCordiaview, SC 61510','6.4','1990-02-24 08:30:00','1984-11-04 15:16:28'),
('244','244','voluptatibus','6','44','44','2239 Torp Inlet Suite 921\nLake Mariana, WA 29843-0598','8.8','1989-05-30 23:42:10','2020-02-05 13:37:09'),
('245','245','tempora','7','45','45','986 Deckow Circle\nNorth Assuntastad, RI 20102','2.5','1981-09-15 13:01:13','2020-04-25 16:01:39'),
('246','246','natus','1','46','46','6591 Angel Circles Suite 666\nJedidiahstad, CO 92135-3016','3.6','2001-01-26 19:58:49','2002-01-01 12:21:55'),
('247','247','voluptas','2','47','47','2035 Stiedemann Ports Suite 668\nJacobsmouth, UT 29155-6001','3.1','2009-08-18 10:52:18','1997-06-10 14:27:43'),
('248','248','quos','3','48','48','34639 Arianna Ridges Apt. 564\nSouth Estebanborough, KY 49815-3581','9.9','2007-02-12 22:50:22','1972-12-29 14:54:39'),
('249','249','voluptatem','4','49','49','6165 Flossie Forge\nO\'Reillyshire, OK 56401','0.5','1992-05-15 06:33:09','2005-08-08 08:25:09'),
('250','250','officia','5','50','50','8972 Strosin Curve Apt. 806\nEast Josh, ID 57461','8','2004-03-24 09:31:37','2006-02-06 21:12:25'),
('251','251','perferendis','6','1','51','425 Roman Mission Suite 229\nKshlerinchester, MS 33967','1.1','2015-01-10 20:24:16','2009-07-18 23:02:19'),
('252','252','magni','7','2','52','7400 Kozey Camp Suite 771\nWest Cale, NH 77406','8.2','1983-01-05 09:00:04','2019-04-20 19:36:57'),
('253','253','dolores','1','3','53','279 Jacobi Shoals Suite 830\nEast Jaydenstad, CO 22721-5772','0.6','2015-11-17 10:54:31','2007-01-25 06:59:30'),
('254','254','doloribus','2','4','54','637 Ernser Pike\nXanderville, OR 27155-6719','0.9','1981-05-07 23:07:34','1982-08-27 22:04:04'),
('255','255','impedit','3','5','55','43596 Daugherty Drive\nPort Enola, SD 19145','4.7','1972-05-11 18:59:16','1987-06-06 15:06:50'),
('256','256','veritatis','4','6','56','3497 Flatley Pike Suite 121\nLake Omerhaven, AZ 74052-8343','8.4','2011-07-09 02:20:46','2000-02-01 02:40:44'),
('257','257','neque','5','7','57','2238 Addie Burg\nEmeryshire, VT 48340-5395','8.9','1981-09-21 03:28:26','1996-12-26 01:11:00'),
('258','258','consequatur','6','8','58','73503 Judd Lights Apt. 765\nPort Gerardo, NM 01578','0.2','2011-05-10 22:50:05','1996-12-20 07:28:44'),
('259','259','aut','7','9','59','8409 Sylvan Green Apt. 801\nCorwinville, TN 97111','3.2','2017-08-31 13:21:46','2009-05-16 23:44:13'),
('260','260','odit','1','10','60','5643 Willms Vista\nSouth Eleanora, OR 24852','5.7','2000-04-06 04:32:30','1994-04-07 10:53:06'),
('261','261','at','2','11','61','30540 Labadie Mission Suite 771\nWaynebury, LA 27343-8658','7.3','1972-01-29 19:53:09','2017-11-21 07:12:00'),
('262','262','et','3','12','62','5221 Eda Way\nNorth Wendellbury, AK 47621-8371','8.4','1987-07-21 19:31:00','2011-10-15 22:13:35'),
('263','263','iusto','4','13','63','420 Rath Valley Apt. 843\nCarlieland, WA 52028','1.9','1989-10-11 22:24:27','2019-01-14 09:34:02'),
('264','264','ab','5','14','64','2073 Schowalter Hill\nLangworthchester, DC 49319','7.4','2013-07-21 04:00:18','2006-05-16 04:38:57'),
('265','265','repellendus','6','15','65','594 Parisian Brooks\nAlfredbury, AR 25129-9927','1.2','1983-11-05 18:54:15','2012-06-22 04:28:00'),
('266','266','soluta','7','16','66','24161 Kshlerin Wells Suite 712\nPort Clementine, NM 49858','1.6','2017-01-11 22:30:05','1982-05-27 20:56:42'),
('267','267','deserunt','1','17','67','422 Schneider Shores\nBorerstad, KS 81094','1.2','2020-04-20 09:21:48','1986-08-14 03:37:14'),
('268','268','incidunt','2','18','68','581 Trevion Knolls Suite 050\nLake Alexzander, AR 15309','7.3','2002-02-26 09:42:49','2011-05-09 19:20:36'),
('269','269','iure','3','19','69','8052 Eula Tunnel\nMrazmouth, NJ 41118-4191','0.5','2012-10-26 01:37:19','1997-03-09 14:32:36'),
('270','270','vel','4','20','70','18632 Yoshiko Walk Apt. 615\nPort Hortenseview, OR 97141','7.8','1994-03-31 16:27:35','1986-07-21 15:16:22'),
('271','271','recusandae','5','21','71','568 McGlynn Spurs Suite 376\nWest Adonis, WA 36623-1085','7.6','2013-05-08 11:55:11','1986-04-24 09:30:51'),
('272','272','aut','6','22','72','3018 Pacocha Grove\nIlaville, WY 06168','3.9','1979-03-03 03:49:12','1972-02-24 00:54:26'),
('273','273','consequatur','7','23','73','42898 Justus Neck Apt. 150\nEast Karleyton, NC 00764-8225','6','2000-06-08 15:13:38','1970-06-22 20:47:02'),
('274','274','sed','1','24','74','667 Glen Mills Apt. 696\nEast Matt, DC 21390','8.8','2007-04-09 06:36:01','2005-10-01 06:21:47'),
('275','275','est','2','25','75','8491 Alysha Springs\nWest Winonaport, LA 37298-6019','5.5','2007-11-10 18:36:42','1971-03-22 14:05:50'),
('276','276','quibusdam','3','26','76','700 Ebert Lane\nSouth Jarred, MO 44485-0717','6.5','1973-04-28 07:10:00','1997-02-15 00:55:25'),
('277','277','minima','4','27','77','4654 Camilla Mills\nEast Sidmouth, UT 17649-5414','9','1988-08-25 02:24:51','1975-12-23 05:59:15'),
('278','278','voluptas','5','28','78','0929 Cummerata Extensions\nHymanhaven, ME 08055-4744','6.4','1990-06-27 08:46:13','1981-09-07 20:00:02'),
('279','279','delectus','6','29','79','3227 Clara Hills\nNew Kellihaven, RI 07889','1.2','1994-05-09 19:21:25','2007-09-22 18:08:22'),
('280','280','dolorum','7','30','80','9974 Gutmann Corners Apt. 973\nWilmaburgh, OH 64500','3.5','1980-09-29 21:13:49','1995-05-15 09:56:06'),
('281','281','aliquid','1','31','81','028 Streich Road Suite 805\nLake Dorian, OK 82228','6.2','1972-03-14 23:51:31','2013-09-30 14:30:22'),
('282','282','excepturi','2','32','82','921 Else Village Suite 045\nWalterborough, CO 60915-3091','3','2003-03-25 18:07:55','1998-09-04 18:39:10'),
('283','283','beatae','3','33','83','423 Renner Hills Apt. 537\nEast Leon, MO 18943-2673','9.7','2006-12-17 00:11:06','1970-01-22 05:20:07'),
('284','284','et','4','34','84','468 King Roads\nSouth Joaquin, CA 66215','8.9','1988-07-25 16:00:03','1997-05-08 06:52:22'),
('285','285','rerum','5','35','85','9675 Emile Street\nSerenityshire, UT 96870-9483','2.8','2015-08-30 00:34:21','2000-09-14 15:02:42'),
('286','286','earum','6','36','86','1766 Reyna Lake Apt. 156\nLehnerchester, IL 19227-8321','4.5','1988-03-24 17:39:12','2015-09-29 15:56:54'),
('287','287','perspiciatis','7','37','87','49744 Wisozk Extension\nEast Skyla, NY 62941-2584','0.8','1970-08-25 20:41:13','1986-11-13 07:35:48'),
('288','288','voluptatibus','1','38','88','88025 Stracke Mews Apt. 720\nSchambergershire, MS 38124-4103','5','2017-08-27 02:10:39','2016-07-20 05:57:28'),
('289','289','sint','2','39','89','63827 Rafael Crest\nCarabury, UT 37676-0955','9','2016-09-20 16:36:56','1970-10-27 09:38:51'),
('290','290','iste','3','40','90','75389 Shyanne Pike Suite 745\nSouth Lloydtown, PA 30141-9046','3.2','1987-02-07 05:27:50','2007-12-19 20:07:28'),
('291','291','voluptatibus','4','41','91','803 Witting Forges Apt. 606\nNew Alessandrahaven, DE 43685','6.1','1994-08-25 14:19:34','1998-05-07 02:54:36'),
('292','292','aspernatur','5','42','92','03725 Ziemann Green\nBaileyberg, NM 07391-1053','6','1986-07-18 14:12:49','1996-06-25 02:06:09'),
('293','293','sed','6','43','93','06428 Robel Crossing Suite 649\nLake Claudestad, NE 59248','7.5','1992-08-01 05:33:46','2003-11-07 11:41:54'),
('294','294','qui','7','44','94','4555 Rupert Corner\nCollierview, RI 86411-9604','9.1','1989-06-14 07:16:55','1994-11-22 02:58:41'),
('295','295','aut','1','45','95','121 Steuber Viaduct Suite 711\nHelenahaven, LA 16060','1.5','1997-03-31 15:52:20','2010-07-14 18:07:10'),
('296','296','aut','2','46','96','04818 Ford Avenue\nJovanibury, LA 06163-7761','2.9','1978-07-22 22:19:55','1995-04-21 06:16:14'),
('297','297','quaerat','3','47','97','495 Lynch Falls Apt. 010\nRuntehaven, NC 84575','1.4','1978-08-16 04:52:47','2012-01-01 13:33:39'),
('298','298','rerum','4','48','98','218 Nels Wells Apt. 090\nLake Edd, GA 38929','9.8','1988-05-15 01:26:20','2014-10-27 00:23:52'),
('299','299','ea','5','49','99','82031 Faye Crossing\nLake Rozella, CA 01934','9.3','2014-08-10 08:39:01','2014-08-22 01:41:28'),
('300','300','sit','6','50','100','0623 Antone Fork Apt. 843\nNorth Marlene, WV 85949','6','1980-05-07 04:42:25','2004-08-13 06:31:48'); 


DROP TABLE IF EXISTS `property_profiles`;
CREATE TABLE `property_profiles` (
  `property_id` bigint(20) unsigned NOT NULL AUTO_INCREMENT,
  `room_type_id` smallint(5) unsigned NOT NULL,
  `room_count` smallint(6) DEFAULT NULL,
  `property_facilities` set('parking','lift','24-hour_front_desk','pets_allowed','luggage_storage') COLLATE utf8_unicode_ci DEFAULT NULL,
  `languages_spoken` set('english','spanish','italian','dutch','french','russian') COLLATE utf8_unicode_ci DEFAULT NULL,
  `bank_cards_allowed` set('visa','mastercard','JCB','american_express','union_pay','diners_club','mir') COLLATE utf8_unicode_ci DEFAULT NULL,
  `meals` set('breakfast','lunch','dinner') COLLATE utf8_unicode_ci DEFAULT NULL,
  `created_at` datetime DEFAULT current_timestamp(),
  `updated_at` datetime DEFAULT NULL ON UPDATE current_timestamp(),
  UNIQUE KEY `property_id` (`property_id`),
  KEY `room_type_id` (`room_type_id`),
  CONSTRAINT `property_profiles_ibfk_1` FOREIGN KEY (`property_id`) REFERENCES `properties` (`id`),
  CONSTRAINT `property_profiles_ibfk_2` FOREIGN KEY (`room_type_id`) REFERENCES `room_types` (`id`)
) ENGINE=InnoDB AUTO_INCREMENT=301 DEFAULT CHARSET=utf8 COLLATE=utf8_unicode_ci COMMENT='     ';

INSERT INTO `property_profiles` VALUES ('1','1','142',NULL,NULL,NULL,NULL,'1987-03-20 13:31:39','1991-12-23 12:48:21'),
('2','2','32',NULL,NULL,NULL,NULL,'2018-04-11 17:28:48','2010-06-10 13:27:35'),
('3','3','134',NULL,NULL,NULL,NULL,'1998-06-24 11:04:31','1970-05-14 01:40:24'),
('4','4','31',NULL,NULL,NULL,NULL,'1974-08-11 12:09:46','2002-04-14 18:53:49'),
('5','5','57',NULL,NULL,NULL,NULL,'2004-02-25 15:49:48','1985-10-20 11:58:23'),
('6','6','179',NULL,NULL,NULL,NULL,'2005-04-16 07:20:58','2017-03-24 11:10:28'),
('7','7','90',NULL,NULL,NULL,NULL,'1972-10-15 13:43:29','2001-03-14 07:50:36'),
('8','8','49',NULL,NULL,NULL,NULL,'1991-09-14 06:15:55','2007-06-27 11:33:19'),
('9','9','13',NULL,NULL,NULL,NULL,'1980-08-01 12:26:48','1982-11-27 08:51:41'),
('10','10','144',NULL,NULL,NULL,NULL,'1976-11-09 10:15:44','1980-12-05 19:46:59'),
('11','11','72',NULL,NULL,NULL,NULL,'2001-06-11 09:03:48','2006-08-30 13:31:50'),
('12','12','60',NULL,NULL,NULL,NULL,'2014-06-29 16:11:33','1986-01-25 02:45:42'),
('13','13','37',NULL,NULL,NULL,NULL,'2010-07-18 00:17:48','2007-03-13 11:32:23'),
('14','14','182',NULL,NULL,NULL,NULL,'2012-09-11 07:44:52','2009-12-06 12:37:45'),
('15','15','13',NULL,NULL,NULL,NULL,'1981-06-04 15:26:46','2012-03-28 07:41:37'),
('16','16','91',NULL,NULL,NULL,NULL,'2019-07-28 08:59:53','1978-05-09 18:45:39'),
('17','17','114',NULL,NULL,NULL,NULL,'1995-10-14 10:21:33','1973-01-15 03:35:38'),
('18','18','131',NULL,NULL,NULL,NULL,'2019-01-05 02:28:07','1985-07-26 02:00:25'),
('19','19','39',NULL,NULL,NULL,NULL,'2008-10-29 02:47:28','1974-06-19 01:16:43'),
('20','20','167',NULL,NULL,NULL,NULL,'1985-10-16 12:30:47','1978-03-15 20:22:26'),
('21','21','199',NULL,NULL,NULL,NULL,'1999-12-26 05:51:42','1974-07-27 14:21:29'),
('22','22','163',NULL,NULL,NULL,NULL,'1980-09-04 16:19:26','2006-06-14 07:46:04'),
('23','23','14',NULL,NULL,NULL,NULL,'2016-03-15 09:38:47','1993-05-20 00:07:19'),
('24','24','146',NULL,NULL,NULL,NULL,'1980-10-06 16:25:26','2003-05-24 05:43:39'),
('25','25','63',NULL,NULL,NULL,NULL,'1998-06-18 23:32:16','2006-02-12 15:29:49'),
('26','26','85',NULL,NULL,NULL,NULL,'2017-11-01 14:01:14','1985-06-03 03:21:09'),
('27','27','151',NULL,NULL,NULL,NULL,'1988-05-03 16:06:35','1995-06-23 11:01:48'),
('28','28','148',NULL,NULL,NULL,NULL,'1980-07-08 08:58:23','2019-11-24 05:24:53'),
('29','29','41',NULL,NULL,NULL,NULL,'2014-05-25 03:02:12','2011-04-05 07:53:32'),
('30','30','137',NULL,NULL,NULL,NULL,'1995-02-27 05:39:55','1993-03-11 02:27:18'),
('31','31','45',NULL,NULL,NULL,NULL,'1971-05-21 00:14:46','1973-12-13 08:44:04'),
('32','32','172',NULL,NULL,NULL,NULL,'1999-06-20 09:31:05','1990-11-29 12:40:34'),
('33','33','38',NULL,NULL,NULL,NULL,'1997-03-06 02:39:24','1986-01-10 07:31:45'),
('34','34','16',NULL,NULL,NULL,NULL,'1974-12-26 00:05:22','2002-12-13 01:31:57'),
('35','35','126',NULL,NULL,NULL,NULL,'1973-08-12 20:08:35','1972-10-13 15:01:03'),
('36','36','108',NULL,NULL,NULL,NULL,'2010-10-02 05:31:58','1971-10-26 07:20:14'),
('37','37','186',NULL,NULL,NULL,NULL,'1985-09-27 11:53:35','1978-03-01 21:29:22'),
('38','38','14',NULL,NULL,NULL,NULL,'1974-11-09 23:31:00','2016-07-24 09:20:05'),
('39','39','77',NULL,NULL,NULL,NULL,'2002-07-29 21:21:33','1996-05-23 03:36:52'),
('40','40','105',NULL,NULL,NULL,NULL,'2013-08-17 17:42:50','2002-07-05 02:25:42'),
('41','41','198',NULL,NULL,NULL,NULL,'1983-02-21 01:33:15','1999-03-03 04:13:24'),
('42','42','165',NULL,NULL,NULL,NULL,'2005-09-30 13:47:17','1985-01-11 20:40:07'),
('43','43','61',NULL,NULL,NULL,NULL,'1970-11-03 18:27:24','2003-01-31 04:53:26'),
('44','44','55',NULL,NULL,NULL,NULL,'1981-06-05 01:31:00','2016-03-18 06:17:40'),
('45','45','151',NULL,NULL,NULL,NULL,'1990-12-09 19:10:42','1996-12-13 12:07:39'),
('46','46','193',NULL,NULL,NULL,NULL,'2000-09-19 11:12:26','2014-07-05 19:43:55'),
('47','47','191',NULL,NULL,NULL,NULL,'2001-04-17 14:56:41','1993-01-06 05:27:19'),
('48','48','151',NULL,NULL,NULL,NULL,'1982-01-01 22:59:48','2008-06-09 09:41:38'),
('49','49','169',NULL,NULL,NULL,NULL,'1995-05-14 01:21:23','1994-03-18 10:54:13'),
('50','50','145',NULL,NULL,NULL,NULL,'2002-01-12 00:05:05','1994-07-13 22:01:59'),
('51','1','97',NULL,NULL,NULL,NULL,'2014-02-01 02:31:55','1978-07-02 03:54:02'),
('52','2','109',NULL,NULL,NULL,NULL,'1970-01-17 08:33:32','2013-05-19 07:48:14'),
('53','3','198',NULL,NULL,NULL,NULL,'2013-12-27 20:11:51','2005-06-11 21:56:32'),
('54','4','195',NULL,NULL,NULL,NULL,'1981-11-27 09:39:06','1973-03-07 01:11:51'),
('55','5','91',NULL,NULL,NULL,NULL,'1978-07-20 02:09:43','1987-09-07 23:55:36'),
('56','6','141',NULL,NULL,NULL,NULL,'1981-08-10 14:27:34','1986-01-27 12:40:33'),
('57','7','177',NULL,NULL,NULL,NULL,'2008-12-28 14:45:11','2005-05-17 11:18:31'),
('58','8','137',NULL,NULL,NULL,NULL,'1971-05-26 11:15:18','1980-08-29 10:40:41'),
('59','9','20',NULL,NULL,NULL,NULL,'2018-04-28 22:28:15','1999-10-10 11:08:50'),
('60','10','33',NULL,NULL,NULL,NULL,'1990-01-18 05:51:07','1975-05-14 20:19:16'),
('61','11','164',NULL,NULL,NULL,NULL,'2006-04-01 06:43:51','1979-01-17 00:10:49'),
('62','12','156',NULL,NULL,NULL,NULL,'1981-03-07 11:06:21','2003-07-06 12:10:05'),
('63','13','32',NULL,NULL,NULL,NULL,'1970-05-17 19:30:15','2011-09-26 11:51:33'),
('64','14','77',NULL,NULL,NULL,NULL,'1978-08-13 13:59:04','2001-10-31 20:49:20'),
('65','15','105',NULL,NULL,NULL,NULL,'2000-10-08 15:28:15','1976-12-24 10:53:15'),
('66','16','53',NULL,NULL,NULL,NULL,'2003-09-11 04:08:57','1972-08-23 16:10:12'),
('67','17','137',NULL,NULL,NULL,NULL,'1972-06-24 18:00:36','1991-07-31 09:34:55'),
('68','18','200',NULL,NULL,NULL,NULL,'1995-05-29 13:44:56','1970-06-16 13:09:40'),
('69','19','191',NULL,NULL,NULL,NULL,'1993-12-09 03:17:14','1988-06-04 12:58:42'),
('70','20','178',NULL,NULL,NULL,NULL,'1992-09-18 04:13:49','1986-09-20 20:57:32'),
('71','21','159',NULL,NULL,NULL,NULL,'1986-10-14 15:46:45','2020-02-28 01:26:06'),
('72','22','126',NULL,NULL,NULL,NULL,'2009-08-16 01:24:34','1992-01-20 10:58:00'),
('73','23','147',NULL,NULL,NULL,NULL,'1997-04-04 04:25:20','2016-12-20 13:15:37'),
('74','24','17',NULL,NULL,NULL,NULL,'1982-04-27 22:56:35','1983-11-26 15:18:35'),
('75','25','126',NULL,NULL,NULL,NULL,'1973-04-05 21:22:41','1993-09-29 13:59:49'),
('76','26','184',NULL,NULL,NULL,NULL,'2000-09-08 18:35:34','1982-09-07 11:02:38'),
('77','27','36',NULL,NULL,NULL,NULL,'1994-03-19 03:10:41','1987-01-06 01:53:56'),
('78','28','191',NULL,NULL,NULL,NULL,'1997-03-24 01:42:17','2016-01-22 01:16:28'),
('79','29','176',NULL,NULL,NULL,NULL,'1970-11-02 04:34:24','2010-03-11 16:36:25'),
('80','30','150',NULL,NULL,NULL,NULL,'1996-10-17 10:29:25','1986-01-10 16:10:56'),
('81','31','154',NULL,NULL,NULL,NULL,'2008-02-25 04:57:25','1985-10-07 04:13:40'),
('82','32','172',NULL,NULL,NULL,NULL,'2016-12-29 09:50:18','1978-01-19 00:12:40'),
('83','33','69',NULL,NULL,NULL,NULL,'1994-12-28 15:13:25','1980-04-01 23:39:41'),
('84','34','57',NULL,NULL,NULL,NULL,'1976-08-22 15:05:18','2007-01-28 18:38:37'),
('85','35','127',NULL,NULL,NULL,NULL,'1981-11-22 22:48:01','1974-11-18 01:46:32'),
('86','36','56',NULL,NULL,NULL,NULL,'1985-10-15 04:26:48','1994-01-27 17:53:17'),
('87','37','81',NULL,NULL,NULL,NULL,'1972-02-14 15:26:41','2005-12-31 09:25:37'),
('88','38','114',NULL,NULL,NULL,NULL,'1976-11-04 02:38:05','1990-10-27 03:06:28'),
('89','39','49',NULL,NULL,NULL,NULL,'2015-12-15 16:43:40','1981-04-05 06:24:01'),
('90','40','100',NULL,NULL,NULL,NULL,'1978-11-24 01:50:54','1997-04-03 16:40:11'),
('91','41','188',NULL,NULL,NULL,NULL,'2001-04-08 13:38:22','2003-07-17 00:29:27'),
('92','42','80',NULL,NULL,NULL,NULL,'1975-09-09 19:13:50','2003-07-23 22:14:01'),
('93','43','111',NULL,NULL,NULL,NULL,'1992-08-05 23:34:39','1982-02-23 10:05:23'),
('94','44','44',NULL,NULL,NULL,NULL,'1984-04-01 21:27:24','2010-05-03 06:54:39'),
('95','45','132',NULL,NULL,NULL,NULL,'1999-10-30 04:28:50','1997-05-27 22:41:02'),
('96','46','10',NULL,NULL,NULL,NULL,'2016-02-01 05:26:20','2010-11-20 13:28:35'),
('97','47','175',NULL,NULL,NULL,NULL,'1972-05-03 12:16:11','2009-01-09 04:46:46'),
('98','48','134',NULL,NULL,NULL,NULL,'2010-10-22 05:30:41','1995-03-24 01:05:41'),
('99','49','183',NULL,NULL,NULL,NULL,'2005-06-02 07:29:30','1993-04-28 06:49:58'),
('100','50','84',NULL,NULL,NULL,NULL,'1999-10-17 13:20:34','2014-06-23 04:01:47'),
('101','1','91',NULL,NULL,NULL,NULL,'2019-05-25 03:53:11','1972-01-09 06:20:22'),
('102','2','48',NULL,NULL,NULL,NULL,'1977-08-25 15:17:21','1978-10-12 10:09:50'),
('103','3','87',NULL,NULL,NULL,NULL,'2002-10-19 17:45:44','2009-11-26 00:13:26'),
('104','4','92',NULL,NULL,NULL,NULL,'1998-03-05 12:50:37','1993-03-24 14:50:46'),
('105','5','90',NULL,NULL,NULL,NULL,'1970-05-23 08:00:40','2009-04-21 19:44:54'),
('106','6','146',NULL,NULL,NULL,NULL,'1975-03-02 06:17:53','2015-04-06 01:21:09'),
('107','7','150',NULL,NULL,NULL,NULL,'2005-04-06 23:55:05','1981-08-20 16:57:26'),
('108','8','31',NULL,NULL,NULL,NULL,'1996-07-10 22:59:17','1986-02-24 14:05:11'),
('109','9','68',NULL,NULL,NULL,NULL,'2002-03-09 11:55:31','1970-10-31 00:44:09'),
('110','10','64',NULL,NULL,NULL,NULL,'2018-11-26 23:03:09','1984-12-09 11:20:34'),
('111','11','111',NULL,NULL,NULL,NULL,'2003-09-06 08:16:20','2007-07-28 10:10:27'),
('112','12','128',NULL,NULL,NULL,NULL,'1994-06-11 19:23:25','1973-08-20 10:20:45'),
('113','13','140',NULL,NULL,NULL,NULL,'2006-10-06 16:21:25','1999-10-20 15:51:41'),
('114','14','181',NULL,NULL,NULL,NULL,'2019-08-12 10:06:36','1986-03-07 17:08:39'),
('115','15','155',NULL,NULL,NULL,NULL,'2005-03-01 16:49:23','1998-09-27 21:05:14'),
('116','16','117',NULL,NULL,NULL,NULL,'2000-12-02 08:46:38','2009-03-29 02:15:28'),
('117','17','33',NULL,NULL,NULL,NULL,'1996-01-07 08:35:17','1996-03-25 20:21:22'),
('118','18','29',NULL,NULL,NULL,NULL,'2006-11-11 22:13:53','2008-08-30 05:55:15'),
('119','19','127',NULL,NULL,NULL,NULL,'2015-03-16 07:22:27','1977-09-17 23:28:52'),
('120','20','113',NULL,NULL,NULL,NULL,'1994-03-21 09:39:31','1978-01-02 05:26:44'),
('121','21','143',NULL,NULL,NULL,NULL,'2018-06-21 19:30:47','1971-08-06 08:27:27'),
('122','22','155',NULL,NULL,NULL,NULL,'1987-08-31 19:41:56','1979-04-25 02:35:22'),
('123','23','176',NULL,NULL,NULL,NULL,'2016-01-09 20:57:30','1978-12-30 11:31:48'),
('124','24','141',NULL,NULL,NULL,NULL,'1993-12-30 20:53:08','2008-05-03 18:09:27'),
('125','25','72',NULL,NULL,NULL,NULL,'1998-02-05 15:12:29','1980-03-11 09:24:36'),
('126','26','26',NULL,NULL,NULL,NULL,'1979-04-27 06:31:00','1989-09-15 11:07:13'),
('127','27','105',NULL,NULL,NULL,NULL,'1971-05-19 16:00:57','1996-11-27 23:33:21'),
('128','28','153',NULL,NULL,NULL,NULL,'2017-03-29 03:21:56','2017-12-17 20:40:09'),
('129','29','76',NULL,NULL,NULL,NULL,'2015-02-19 07:30:59','2009-05-17 05:13:16'),
('130','30','10',NULL,NULL,NULL,NULL,'1983-10-26 15:47:40','1978-06-14 04:19:33'),
('131','31','110',NULL,NULL,NULL,NULL,'2012-11-13 09:37:15','2010-03-22 21:24:37'),
('132','32','26',NULL,NULL,NULL,NULL,'1995-06-15 09:30:46','1972-07-10 00:07:27'),
('133','33','109',NULL,NULL,NULL,NULL,'2009-05-14 17:36:37','2008-09-26 16:05:59'),
('134','34','74',NULL,NULL,NULL,NULL,'1974-11-04 19:25:52','2014-02-25 06:49:40'),
('135','35','199',NULL,NULL,NULL,NULL,'1983-01-12 19:16:45','1990-05-11 20:07:17'),
('136','36','195',NULL,NULL,NULL,NULL,'1974-10-29 22:43:36','1986-10-06 07:41:55'),
('137','37','198',NULL,NULL,NULL,NULL,'1989-03-31 18:29:16','1999-05-15 11:35:05'),
('138','38','184',NULL,NULL,NULL,NULL,'1990-04-26 01:21:22','1977-03-16 05:30:37'),
('139','39','33',NULL,NULL,NULL,NULL,'1998-10-08 05:55:36','1996-10-13 18:30:57'),
('140','40','31',NULL,NULL,NULL,NULL,'1994-05-29 22:31:51','2020-01-20 03:52:12'),
('141','41','170',NULL,NULL,NULL,NULL,'2018-04-22 18:37:29','1987-07-09 01:55:13'),
('142','42','169',NULL,NULL,NULL,NULL,'1996-06-15 20:14:13','2010-10-07 04:52:46'),
('143','43','72',NULL,NULL,NULL,NULL,'2017-02-25 11:56:17','2015-10-22 01:30:07'),
('144','44','173',NULL,NULL,NULL,NULL,'1987-04-27 05:21:34','1998-04-05 03:19:07'),
('145','45','172',NULL,NULL,NULL,NULL,'1973-12-23 22:19:33','2007-01-12 03:29:56'),
('146','46','153',NULL,NULL,NULL,NULL,'2012-03-02 15:10:24','2005-10-17 08:02:07'),
('147','47','94',NULL,NULL,NULL,NULL,'1973-04-23 01:15:37','2009-04-14 20:57:02'),
('148','48','58',NULL,NULL,NULL,NULL,'1974-06-11 19:43:35','2000-01-24 12:53:15'),
('149','49','92',NULL,NULL,NULL,NULL,'1992-01-01 13:22:22','2002-01-05 13:31:27'),
('150','50','34',NULL,NULL,NULL,NULL,'1970-09-30 12:49:55','2010-01-01 05:42:46'),
('151','1','39',NULL,NULL,NULL,NULL,'2012-08-18 11:04:13','1991-11-23 21:03:25'),
('152','2','67',NULL,NULL,NULL,NULL,'2008-04-26 14:10:13','1986-04-07 06:43:35'),
('153','3','57',NULL,NULL,NULL,NULL,'2017-10-15 02:41:13','2017-10-07 01:53:43'),
('154','4','95',NULL,NULL,NULL,NULL,'2000-10-30 01:30:16','1974-07-01 07:42:53'),
('155','5','76',NULL,NULL,NULL,NULL,'1992-01-26 17:34:23','1998-10-19 13:17:09'),
('156','6','157',NULL,NULL,NULL,NULL,'2009-03-05 08:35:50','2020-01-24 04:56:24'),
('157','7','65',NULL,NULL,NULL,NULL,'1987-07-10 04:42:53','2011-02-19 19:51:49'),
('158','8','144',NULL,NULL,NULL,NULL,'1981-04-10 04:07:58','1982-07-13 21:15:43'),
('159','9','133',NULL,NULL,NULL,NULL,'2016-01-08 06:20:26','1995-03-12 01:34:10'),
('160','10','112',NULL,NULL,NULL,NULL,'1984-07-03 22:22:24','2016-09-03 21:12:57'),
('161','11','11',NULL,NULL,NULL,NULL,'1993-09-20 08:09:37','1970-02-28 01:00:42'),
('162','12','137',NULL,NULL,NULL,NULL,'1977-07-10 12:43:50','1989-08-01 04:22:20'),
('163','13','104',NULL,NULL,NULL,NULL,'1987-06-09 20:47:22','1994-09-08 16:19:03'),
('164','14','188',NULL,NULL,NULL,NULL,'1989-08-10 23:58:46','1997-05-02 20:39:14'),
('165','15','199',NULL,NULL,NULL,NULL,'1979-10-29 10:43:06','2005-11-20 08:20:49'),
('166','16','14',NULL,NULL,NULL,NULL,'2015-05-03 21:54:15','2000-07-25 16:09:11'),
('167','17','162',NULL,NULL,NULL,NULL,'1996-10-26 23:33:04','1993-03-13 16:23:26'),
('168','18','85',NULL,NULL,NULL,NULL,'2008-03-26 05:33:11','1996-06-13 01:54:22'),
('169','19','118',NULL,NULL,NULL,NULL,'2014-07-10 00:57:36','1974-02-08 03:38:41'),
('170','20','48',NULL,NULL,NULL,NULL,'2015-02-18 08:29:04','1971-10-04 04:07:58'),
('171','21','38',NULL,NULL,NULL,NULL,'1983-12-15 19:46:50','2009-08-13 17:20:43'),
('172','22','162',NULL,NULL,NULL,NULL,'1991-02-24 09:27:13','1986-12-10 08:35:14'),
('173','23','71',NULL,NULL,NULL,NULL,'2007-10-31 09:42:50','1993-11-01 11:39:01'),
('174','24','128',NULL,NULL,NULL,NULL,'2019-03-20 18:23:04','1982-05-03 13:33:37'),
('175','25','16',NULL,NULL,NULL,NULL,'1978-11-26 09:45:28','2012-08-30 13:55:21'),
('176','26','82',NULL,NULL,NULL,NULL,'1995-03-30 22:05:05','1982-05-27 06:18:11'),
('177','27','148',NULL,NULL,NULL,NULL,'1983-07-24 21:03:19','1980-03-21 03:03:35'),
('178','28','12',NULL,NULL,NULL,NULL,'1990-07-20 01:50:51','1991-07-23 13:46:46'),
('179','29','27',NULL,NULL,NULL,NULL,'1975-07-22 22:22:46','2012-05-15 20:37:29'),
('180','30','85',NULL,NULL,NULL,NULL,'1988-12-10 05:52:34','2015-07-15 18:45:00'),
('181','31','34',NULL,NULL,NULL,NULL,'1988-02-02 19:21:20','1973-10-13 17:47:36'),
('182','32','63',NULL,NULL,NULL,NULL,'1972-05-31 04:43:42','1974-08-21 09:40:28'),
('183','33','147',NULL,NULL,NULL,NULL,'2015-05-13 10:35:06','1986-09-13 18:43:56'),
('184','34','32',NULL,NULL,NULL,NULL,'2003-01-08 10:03:25','2003-01-27 03:12:37'),
('185','35','169',NULL,NULL,NULL,NULL,'2007-11-01 09:36:34','1998-04-22 10:12:53'),
('186','36','59',NULL,NULL,NULL,NULL,'1972-10-28 08:24:22','1984-09-01 19:55:47'),
('187','37','161',NULL,NULL,NULL,NULL,'1995-06-15 18:54:24','2011-12-27 18:46:09'),
('188','38','131',NULL,NULL,NULL,NULL,'1975-04-15 21:14:59','1976-09-09 10:54:55'),
('189','39','175',NULL,NULL,NULL,NULL,'1972-10-17 05:41:45','1986-04-16 01:23:26'),
('190','40','83',NULL,NULL,NULL,NULL,'1986-12-20 23:59:07','1989-11-07 17:42:35'),
('191','41','163',NULL,NULL,NULL,NULL,'1999-04-12 05:12:57','2007-05-26 18:07:38'),
('192','42','100',NULL,NULL,NULL,NULL,'1988-05-20 16:09:46','2011-09-04 15:32:43'),
('193','43','103',NULL,NULL,NULL,NULL,'1986-11-05 11:49:15','1985-10-02 07:48:51'),
('194','44','158',NULL,NULL,NULL,NULL,'2020-02-13 20:42:44','1996-07-31 12:30:11'),
('195','45','62',NULL,NULL,NULL,NULL,'2004-07-12 04:02:08','2008-05-27 05:25:26'),
('196','46','61',NULL,NULL,NULL,NULL,'1996-07-12 03:06:39','2006-06-25 17:16:40'),
('197','47','180',NULL,NULL,NULL,NULL,'2017-05-06 20:41:05','1991-09-12 08:15:07'),
('198','48','172',NULL,NULL,NULL,NULL,'1972-06-02 19:29:53','1973-08-28 09:47:52'),
('199','49','144',NULL,NULL,NULL,NULL,'1989-05-21 08:10:07','2015-03-17 06:33:03'),
('200','50','62',NULL,NULL,NULL,NULL,'1985-06-08 02:29:56','2009-03-25 23:03:48'),
('201','1','168',NULL,NULL,NULL,NULL,'2005-04-09 10:56:37','1976-10-27 09:38:47'),
('202','2','163',NULL,NULL,NULL,NULL,'2005-06-24 08:51:30','2010-01-15 18:22:18'),
('203','3','147',NULL,NULL,NULL,NULL,'2002-11-10 19:30:53','1999-08-22 06:37:40'),
('204','4','70',NULL,NULL,NULL,NULL,'2020-01-15 18:06:21','1979-06-27 14:41:14'),
('205','5','198',NULL,NULL,NULL,NULL,'1999-05-06 15:15:42','2004-03-01 09:42:56'),
('206','6','63',NULL,NULL,NULL,NULL,'2011-04-18 20:22:02','1982-07-10 22:56:08'),
('207','7','79',NULL,NULL,NULL,NULL,'2015-12-17 21:11:28','2006-06-11 23:42:12'),
('208','8','196',NULL,NULL,NULL,NULL,'1991-10-16 13:38:29','1982-07-26 08:50:56'),
('209','9','70',NULL,NULL,NULL,NULL,'2006-10-26 05:13:02','2011-03-26 06:55:12'),
('210','10','149',NULL,NULL,NULL,NULL,'1976-06-09 19:10:53','2010-01-30 04:07:14'),
('211','11','46',NULL,NULL,NULL,NULL,'1980-11-12 19:05:36','2015-04-29 05:56:43'),
('212','12','85',NULL,NULL,NULL,NULL,'2020-06-21 21:05:10','1982-06-18 04:10:37'),
('213','13','28',NULL,NULL,NULL,NULL,'1981-07-08 21:34:38','2018-06-30 06:15:37'),
('214','14','30',NULL,NULL,NULL,NULL,'2008-06-03 06:19:43','1972-05-17 09:53:54'),
('215','15','54',NULL,NULL,NULL,NULL,'1985-07-30 05:41:06','1974-03-04 02:44:25'),
('216','16','83',NULL,NULL,NULL,NULL,'2016-01-11 20:00:41','2002-10-04 06:56:42'),
('217','17','186',NULL,NULL,NULL,NULL,'2018-10-03 20:56:12','2015-04-03 12:41:09'),
('218','18','20',NULL,NULL,NULL,NULL,'1977-07-28 13:00:13','1976-12-25 14:07:12'),
('219','19','29',NULL,NULL,NULL,NULL,'2007-02-21 16:01:46','2013-04-18 07:27:37'),
('220','20','162',NULL,NULL,NULL,NULL,'1983-02-17 13:33:12','2015-12-27 20:07:06'),
('221','21','14',NULL,NULL,NULL,NULL,'2007-07-12 04:22:59','2018-01-14 17:09:17'),
('222','22','167',NULL,NULL,NULL,NULL,'1993-09-14 12:00:22','2009-11-10 08:42:09'),
('223','23','51',NULL,NULL,NULL,NULL,'1988-12-03 20:14:03','2006-12-02 05:06:16'),
('224','24','15',NULL,NULL,NULL,NULL,'2010-01-17 02:38:01','2012-01-04 20:24:16'),
('225','25','78',NULL,NULL,NULL,NULL,'1984-10-18 12:30:16','1989-05-27 01:00:06'),
('226','26','85',NULL,NULL,NULL,NULL,'1987-08-13 22:56:56','1987-02-09 23:02:07'),
('227','27','101',NULL,NULL,NULL,NULL,'1991-11-03 09:47:51','2013-05-27 02:54:01'),
('228','28','57',NULL,NULL,NULL,NULL,'1976-07-23 21:59:33','2014-10-29 05:13:32'),
('229','29','160',NULL,NULL,NULL,NULL,'2002-02-27 07:57:41','1995-10-31 00:27:20'),
('230','30','100',NULL,NULL,NULL,NULL,'2011-11-18 01:37:31','1998-03-03 01:54:33'),
('231','31','29',NULL,NULL,NULL,NULL,'1999-01-29 12:53:10','2006-04-27 13:01:46'),
('232','32','18',NULL,NULL,NULL,NULL,'1980-08-10 13:02:47','1980-11-04 20:21:43'),
('233','33','118',NULL,NULL,NULL,NULL,'1984-04-27 00:51:13','1976-02-22 11:37:27'),
('234','34','192',NULL,NULL,NULL,NULL,'1970-07-23 02:27:37','1975-02-14 18:32:04'),
('235','35','184',NULL,NULL,NULL,NULL,'2006-09-07 22:52:59','2012-06-24 06:43:58'),
('236','36','29',NULL,NULL,NULL,NULL,'2001-03-31 19:13:17','1999-10-07 14:04:52'),
('237','37','18',NULL,NULL,NULL,NULL,'1996-06-24 17:34:58','1976-10-20 14:37:54'),
('238','38','12',NULL,NULL,NULL,NULL,'2008-02-16 03:32:49','1983-10-15 06:15:52'),
('239','39','194',NULL,NULL,NULL,NULL,'1991-08-09 17:32:11','2016-07-05 13:39:17'),
('240','40','52',NULL,NULL,NULL,NULL,'2002-10-08 01:39:08','1978-09-02 03:33:42'),
('241','41','153',NULL,NULL,NULL,NULL,'1984-11-13 14:32:44','1999-09-11 16:25:10'),
('242','42','159',NULL,NULL,NULL,NULL,'2011-10-24 07:15:20','1989-03-06 21:53:04'),
('243','43','58',NULL,NULL,NULL,NULL,'1982-06-09 07:06:25','1972-11-13 15:52:59'),
('244','44','131',NULL,NULL,NULL,NULL,'1999-08-08 01:15:40','1974-12-25 03:18:59'),
('245','45','164',NULL,NULL,NULL,NULL,'2004-05-15 12:44:03','1970-08-29 20:24:36'),
('246','46','108',NULL,NULL,NULL,NULL,'1998-03-13 19:32:00','2008-08-24 21:47:31'),
('247','47','121',NULL,NULL,NULL,NULL,'1972-09-01 06:54:50','1970-08-18 04:58:15'),
('248','48','181',NULL,NULL,NULL,NULL,'2005-01-08 03:49:28','2001-04-28 05:59:24'),
('249','49','91',NULL,NULL,NULL,NULL,'2010-06-10 17:01:38','2002-09-12 11:48:01'),
('250','50','168',NULL,NULL,NULL,NULL,'2011-06-29 23:32:10','1974-04-19 16:27:07'),
('251','1','113',NULL,NULL,NULL,NULL,'1987-11-10 04:16:10','1990-06-27 03:57:50'),
('252','2','26',NULL,NULL,NULL,NULL,'2006-12-29 09:58:14','2014-10-15 13:38:19'),
('253','3','198',NULL,NULL,NULL,NULL,'1978-06-29 01:18:51','1970-10-25 20:09:38'),
('254','4','121',NULL,NULL,NULL,NULL,'2012-08-17 07:44:14','2019-07-24 16:51:25'),
('255','5','75',NULL,NULL,NULL,NULL,'1985-02-26 16:33:50','1976-04-15 10:25:16'),
('256','6','71',NULL,NULL,NULL,NULL,'2018-09-09 02:46:42','1988-09-29 00:22:02'),
('257','7','79',NULL,NULL,NULL,NULL,'1974-02-18 13:20:06','2018-01-21 11:31:24'),
('258','8','169',NULL,NULL,NULL,NULL,'2005-04-07 08:03:52','1983-08-22 10:52:45'),
('259','9','193',NULL,NULL,NULL,NULL,'2004-02-01 22:14:56','1982-03-24 07:19:00'),
('260','10','167',NULL,NULL,NULL,NULL,'1987-09-08 20:10:21','1976-09-08 22:52:37'),
('261','11','81',NULL,NULL,NULL,NULL,'1984-06-03 19:56:12','1981-07-22 16:14:36'),
('262','12','190',NULL,NULL,NULL,NULL,'2004-10-31 12:29:40','2010-07-10 02:56:43'),
('263','13','123',NULL,NULL,NULL,NULL,'1973-05-27 21:17:28','1989-01-16 19:24:36'),
('264','14','101',NULL,NULL,NULL,NULL,'2013-10-22 19:16:21','1988-12-06 19:23:22'),
('265','15','57',NULL,NULL,NULL,NULL,'1994-03-12 05:40:23','1992-01-11 06:32:48'),
('266','16','50',NULL,NULL,NULL,NULL,'2014-03-31 11:23:21','1989-07-22 04:26:58'),
('267','17','128',NULL,NULL,NULL,NULL,'1995-10-18 02:51:08','1996-04-17 18:34:12'),
('268','18','63',NULL,NULL,NULL,NULL,'2008-08-16 17:36:55','1970-09-19 07:42:31'),
('269','19','108',NULL,NULL,NULL,NULL,'1994-02-07 02:28:45','1996-09-13 00:56:22'),
('270','20','43',NULL,NULL,NULL,NULL,'1983-01-17 07:47:49','2018-08-22 01:24:26'),
('271','21','81',NULL,NULL,NULL,NULL,'1973-01-23 09:45:10','1999-05-14 11:30:57'),
('272','22','183',NULL,NULL,NULL,NULL,'1979-11-27 00:05:05','2020-03-09 12:30:40'),
('273','23','109',NULL,NULL,NULL,NULL,'2010-06-25 04:05:46','1981-06-14 01:30:09'),
('274','24','23',NULL,NULL,NULL,NULL,'1999-07-31 06:39:19','1985-11-20 00:44:28'),
('275','25','67',NULL,NULL,NULL,NULL,'1974-05-22 09:00:22','1978-05-15 23:05:23'),
('276','26','58',NULL,NULL,NULL,NULL,'1992-03-01 09:46:29','1970-12-07 18:18:05'),
('277','27','63',NULL,NULL,NULL,NULL,'1992-04-26 19:22:08','1977-11-29 16:44:56'),
('278','28','129',NULL,NULL,NULL,NULL,'1999-08-27 09:20:01','1999-09-13 23:43:33'),
('279','29','180',NULL,NULL,NULL,NULL,'2000-08-21 01:36:32','2002-12-16 02:33:24'),
('280','30','93',NULL,NULL,NULL,NULL,'2019-10-11 03:13:46','2015-02-24 17:54:02'),
('281','31','110',NULL,NULL,NULL,NULL,'1972-10-23 06:04:55','1980-01-10 21:14:50'),
('282','32','152',NULL,NULL,NULL,NULL,'1990-01-24 06:03:00','2016-12-22 08:19:14'),
('283','33','155',NULL,NULL,NULL,NULL,'1972-10-18 13:14:49','2015-07-06 06:20:43'),
('284','34','196',NULL,NULL,NULL,NULL,'1971-04-28 11:15:00','1986-09-20 10:08:22'),
('285','35','157',NULL,NULL,NULL,NULL,'2004-12-23 18:50:52','2007-11-12 01:03:41'),
('286','36','133',NULL,NULL,NULL,NULL,'2001-07-01 11:37:16','2005-11-10 06:15:08'),
('287','37','119',NULL,NULL,NULL,NULL,'1972-01-15 10:03:20','1979-02-04 00:53:12'),
('288','38','48',NULL,NULL,NULL,NULL,'1971-02-06 01:29:50','2007-09-13 18:25:56'),
('289','39','20',NULL,NULL,NULL,NULL,'1995-03-28 12:00:12','2005-08-05 05:41:36'),
('290','40','85',NULL,NULL,NULL,NULL,'1999-08-08 15:59:57','1983-08-18 00:07:45'),
('291','41','148',NULL,NULL,NULL,NULL,'2007-03-17 15:42:04','1974-08-21 12:01:10'),
('292','42','135',NULL,NULL,NULL,NULL,'2006-09-17 08:59:26','1984-04-23 06:53:35'),
('293','43','14',NULL,NULL,NULL,NULL,'2012-03-22 07:30:34','2019-07-26 22:09:26'),
('294','44','198',NULL,NULL,NULL,NULL,'2009-09-01 13:40:24','2020-01-01 08:48:27'),
('295','45','36',NULL,NULL,NULL,NULL,'2003-07-01 15:28:15','1970-08-23 03:07:51'),
('296','46','141',NULL,NULL,NULL,NULL,'1974-12-26 20:37:26','1992-02-05 13:39:03'),
('297','47','123',NULL,NULL,NULL,NULL,'1995-11-29 17:13:11','1973-07-07 21:15:58'),
('298','48','153',NULL,NULL,NULL,NULL,'1984-12-24 21:19:01','2010-06-26 00:02:20'),
('299','49','192',NULL,NULL,NULL,NULL,'2006-11-23 06:04:17','2016-01-18 08:27:59'),
('300','50','94',NULL,NULL,NULL,NULL,'1980-04-27 06:24:43','2010-12-29 17:21:35'); 


DROP TABLE IF EXISTS `property_types`;
CREATE TABLE `property_types` (
  `id` tinyint(3) unsigned NOT NULL AUTO_INCREMENT,
  `name` varchar(50) COLLATE utf8_unicode_ci DEFAULT NULL,
  UNIQUE KEY `id` (`id`)
) ENGINE=InnoDB AUTO_INCREMENT=8 DEFAULT CHARSET=utf8 COLLATE=utf8_unicode_ci;

INSERT INTO `property_types` VALUES ('1','hotel'),
('2',' hostel'),
('3',' guest_house'),
('4',' homestay'),
('5',' bed_and_breakfast'),
('6',' villa'),
('7',' apartment'); 


DROP TABLE IF EXISTS `reservation_emails`;
CREATE TABLE `reservation_emails` (
  `id` bigint(20) unsigned NOT NULL AUTO_INCREMENT,
  `upcoming_booking` bit(1) DEFAULT NULL,
  `review_invites` bit(1) DEFAULT NULL,
  `booking_confirmation_emails` bit(1) DEFAULT NULL,
  UNIQUE KEY `id` (`id`)
) ENGINE=InnoDB AUTO_INCREMENT=151 DEFAULT CHARSET=utf8 COLLATE=utf8_unicode_ci;

INSERT INTO `reservation_emails` VALUES ('1','1','1','1'),
('2','0','1','0'),
('3','1','0','1'),
('4','0','0','1'),
('5','0','1','0'),
('6','1','1','0'),
('7','1','1','1'),
('8','1','0','0'),
('9','0','0','0'),
('10','1','1','0'),
('11','0','0','0'),
('12','1','0','1'),
('13','1','0','0'),
('14','0','0','0'),
('15','0','1','0'),
('16','1','0','1'),
('17','1','1','0'),
('18','1','1','0'),
('19','0','1','1'),
('20','0','1','0'),
('21','0','1','1'),
('22','1','1','1'),
('23','1','1','1'),
('24','0','0','0'),
('25','1','0','1'),
('26','1','0','1'),
('27','0','0','0'),
('28','0','0','0'),
('29','1','0','0'),
('30','0','0','1'),
('31','0','1','1'),
('32','1','1','0'),
('33','1','0','1'),
('34','0','1','1'),
('35','0','0','0'),
('36','1','1','0'),
('37','1','1','1'),
('38','1','1','0'),
('39','1','1','0'),
('40','0','1','1'),
('41','0','1','0'),
('42','1','1','1'),
('43','1','1','1'),
('44','1','0','1'),
('45','1','1','0'),
('46','0','0','1'),
('47','1','0','1'),
('48','1','1','0'),
('49','0','0','1'),
('50','1','1','1'),
('51','0','0','1'),
('52','1','1','0'),
('53','0','1','0'),
('54','1','0','0'),
('55','0','1','0'),
('56','0','1','1'),
('57','1','1','1'),
('58','0','0','0'),
('59','0','0','0'),
('60','1','1','1'),
('61','1','1','0'),
('62','1','1','1'),
('63','0','1','1'),
('64','1','0','0'),
('65','0','1','0'),
('66','1','0','1'),
('67','1','0','1'),
('68','0','0','1'),
('69','1','0','0'),
('70','1','0','1'),
('71','0','0','1'),
('72','0','0','0'),
('73','1','1','0'),
('74','0','0','0'),
('75','0','1','1'),
('76','1','0','1'),
('77','0','1','1'),
('78','0','0','0'),
('79','1','1','0'),
('80','0','0','1'),
('81','0','1','1'),
('82','1','0','0'),
('83','0','0','0'),
('84','0','1','1'),
('85','0','1','1'),
('86','0','1','1'),
('87','1','0','1'),
('88','0','0','0'),
('89','1','1','0'),
('90','0','0','0'),
('91','0','1','1'),
('92','0','1','0'),
('93','1','0','1'),
('94','1','0','1'),
('95','0','0','1'),
('96','0','1','0'),
('97','1','0','0'),
('98','1','0','1'),
('99','1','0','0'),
('100','1','1','0'),
('101','0','1','0'),
('102','1','0','0'),
('103','0','0','1'),
('104','0','1','1'),
('105','1','0','1'),
('106','1','0','1'),
('107','0','1','1'),
('108','0','0','0'),
('109','0','0','1'),
('110','0','1','1'),
('111','0','1','1'),
('112','1','1','0'),
('113','1','1','0'),
('114','1','1','0'),
('115','0','0','1'),
('116','0','0','1'),
('117','0','1','0'),
('118','1','1','0'),
('119','0','0','0'),
('120','1','1','1'),
('121','1','1','0'),
('122','0','1','1'),
('123','1','0','0'),
('124','1','1','0'),
('125','0','0','1'),
('126','1','0','0'),
('127','1','1','1'),
('128','0','0','1'),
('129','1','1','0'),
('130','0','1','1'),
('131','1','1','1'),
('132','1','1','0'),
('133','1','0','1'),
('134','0','1','1'),
('135','1','1','0'),
('136','0','0','1'),
('137','0','0','1'),
('138','1','1','0'),
('139','1','1','0'),
('140','1','0','0'),
('141','1','0','1'),
('142','0','1','1'),
('143','0','0','1'),
('144','1','0','1'),
('145','0','1','1'),
('146','0','1','1'),
('147','1','0','1'),
('148','0','1','0'),
('149','0','1','0'),
('150','1','1','1'); 


DROP TABLE IF EXISTS `reviews`;
CREATE TABLE `reviews` (
  `id` int(10) unsigned NOT NULL AUTO_INCREMENT,
  `property_id` bigint(20) unsigned NOT NULL,
  `user_id` bigint(20) unsigned NOT NULL,
  `rating` smallint(6) DEFAULT NULL,
  `review_heading` varchar(50) COLLATE utf8_unicode_ci DEFAULT NULL,
  `whats_like` varchar(255) COLLATE utf8_unicode_ci DEFAULT NULL,
  `whats_dislike` varchar(255) COLLATE utf8_unicode_ci DEFAULT NULL,
  `created_at` datetime DEFAULT current_timestamp(),
  `updated_at` datetime DEFAULT NULL ON UPDATE current_timestamp(),
  UNIQUE KEY `id` (`id`),
  UNIQUE KEY `property_id` (`property_id`),
  UNIQUE KEY `user_id` (`user_id`),
  CONSTRAINT `reviews_ibfk_1` FOREIGN KEY (`user_id`) REFERENCES `users` (`id`),
  CONSTRAINT `reviews_ibfk_2` FOREIGN KEY (`property_id`) REFERENCES `properties` (`id`)
) ENGINE=InnoDB AUTO_INCREMENT=201 DEFAULT CHARSET=utf8 COLLATE=utf8_unicode_ci;

INSERT INTO `reviews` VALUES ('1','1','1','4','Debitis perspiciatis sit non laboriosam voluptate ','Hatter: \'but you could only hear whispers now and then, \'we went to school in the pool, \'and she sits purring so nicely by the officers of the.','Lobster Quadrille, that she hardly knew what she did, she picked her way out. \'I shall be late!\'.','2008-05-30 08:31:57','2011-05-21 19:19:30'),
('2','2','2','9','Quam aut ullam sapiente.','Alas! it was her dream:-- First, she tried another question. \'What sort of chance of getting up and down in an offended tone. And she squeezed.','VERY ugly; and secondly, because they\'re making such VERY short remarks, and she crossed her hands.','1977-05-23 11:05:25','1999-07-08 00:43:24'),
('3','3','3','10','Vitae quia repudiandae atque aspernatur ipsum nam.','And yet I don\'t think,\' Alice went on growing, and, as they used to know. Let me see: that would be grand, certainly,\' said Alice very politely; but.','Alice. \'I\'m glad they don\'t seem to put down her flamingo, and began picking them up again as.','1972-08-07 12:11:47','1971-04-07 19:42:50'),
('4','4','4','10','Laudantium soluta optio nihil rerum provident.','King replied. Here the Queen furiously, throwing an inkstand at the sides of the trees under which she concluded that it seemed quite dull and.','King said, with a teacup in one hand, and a fan! Quick, now!\' And Alice was so small as this is.','1988-11-08 01:50:45','1994-06-21 08:57:02'),
('5','5','5','5','Praesentium recusandae ipsam nemo nulla quae quide','This seemed to be seen--everything seemed to be rude, so she sat on, with closed eyes, and feebly stretching out one paw, trying to explain the.','Gryphon. \'Then, you know,\' the Hatter continued, \'in this way:-- \"Up above the world you fly, Like.','1984-05-28 16:15:13','2011-09-09 21:30:51'),
('6','6','6','7','Ullam facere accusantium voluptatibus qui aliquam ','Alice. \'I\'m glad they don\'t give birthday presents like that!\' He got behind him, and very soon had to leave the room, when her eye fell upon a heap.','The players all played at once crowded round her head. \'If I eat or drink under the table: she.','1993-06-03 04:18:52','1982-06-28 18:12:12'),
('7','7','7','8','Dignissimos exercitationem vitae explicabo volupta','Caterpillar. This was such a nice soft thing to eat some of the Rabbit\'s voice along--\'Catch him, you by the White Rabbit, jumping up in great.','The Fish-Footman began by producing from under his arm a great hurry; \'and their names were Elsie,.','1983-11-05 10:51:52','1980-01-22 19:24:35'),
('8','8','8','3','Voluptatum nemo necessitatibus commodi commodi rep','After these came the guests, mostly Kings and Queens, and among them Alice recognised the White Rabbit read out, at the Lizard as she was now, and.','Latin Grammar, \'A mouse--of a mouse--to a mouse--a mouse--O mouse!\') The Mouse looked at it.','1978-03-01 09:49:31','1998-01-25 03:03:25'),
('9','9','9','6','Voluptatum occaecati consequuntur ut.','Cat remarked. \'Don\'t be impertinent,\' said the Hatter added as an unusually large saucepan flew close by her. There was no more of it in large.','Queen will hear you! You see, she came suddenly upon an open place, with a lobster as a drawing of.','2001-09-23 18:15:47','1994-09-14 18:04:53'),
('10','10','10','9','Dolorem dolor quam esse.','Trims his belt and his buttons, and turns out his toes.\' [later editions continued as follows The Panther took pie-crust, and gravy, and meat, While.','She carried the pepper-box in her pocket, and was beating her violently with its eyelids, so he.','1980-10-05 17:17:20','2016-10-31 05:30:48'),
('11','11','11','9','Ratione error libero consequatur.','Hatter went on, \'you see, a dog growls when it\'s pleased. Now I growl when I\'m pleased, and wag my tail when it\'s pleased. Now I growl when I\'m.','Queen. \'You make me smaller, I suppose.\' So she went slowly after it: \'I never went to him,\' the.','1973-10-12 16:07:56','2004-09-05 10:26:41'),
('12','12','12','6','Sed quod dolorum aliquid itaque.','Queen was in the common way. So they got their tails fast in their proper places--ALL,\' he repeated with great emphasis, looking hard at Alice the.','Caterpillar. Alice thought she might find another key on it, (\'which certainly was not otherwise.','1997-10-31 17:07:05','2002-02-12 10:50:07'),
('13','13','13','4','Doloremque aut culpa eligendi.','Alice said nothing; she had nibbled some more of it in her pocket, and was in March.\' As she said this, she noticed that the pebbles were all.','But at any rate a book written about me, that there was generally a frog or a worm. The question.','2004-05-30 21:25:54','1976-08-05 23:20:33'),
('14','14','14','7','Quae temporibus quia expedita sit deserunt.','Queen shrieked out. \'Behead that Dormouse! Turn that Dormouse out of the house, \"Let us both go to on the stairs. Alice knew it was too dark to see.','Hatter began, in a twinkling! Half-past one, time for dinner!\' (\'I only wish people knew that:.','2013-08-23 05:22:16','1971-09-22 16:52:37'),
('15','15','15','4','Sit totam aut nemo.','There was a treacle-well.\' \'There\'s no sort of a bottle. They all sat down a good many voices all talking at once, in a thick wood. \'The first thing.','Queen was to get her head on her face in her head, and she thought it would not give all else for.','2001-03-29 08:57:28','1974-08-07 14:40:20'),
('16','16','16','5','Ea sed qui est non atque.','I COULD NOT SWIM--\" you can\'t think! And oh, I wish you would have made a snatch in the window, and some of the ground.\' So she tucked her arm.','No, there were any tears. No, there were a Duck and a large pigeon had flown into her head. \'If I.','1988-04-13 02:18:14','2014-02-27 14:31:03'),
('17','17','17','10','Pariatur dolorem optio ex id ratione corporis.','Alice doubtfully: \'it means--to--make--anything--prettier.\' \'Well, then,\' the Gryphon hastily. \'Go on with the tea,\' the March Hare: she thought of.','Hatter asked triumphantly. Alice did not dare to disobey, though she knew that were of the.','1992-09-30 09:56:21','2008-09-08 08:04:48'),
('18','18','18','7','Nesciunt voluptatum quibusdam est.','Gryphon. \'Of course,\' the Gryphon at the number of cucumber-frames there must be!\' thought Alice. One of the deepest contempt. \'I\'ve seen a rabbit.','The baby grunted again, and looking anxiously about as curious as it settled down again, the cook.','1996-03-19 18:04:12','1986-09-02 04:19:23'),
('19','19','19','5','Quis iusto minima aut molestiae.','Alice felt that this could not possibly reach it: she could not answer without a cat! It\'s the most important piece of it at all. \'But perhaps it.','Next came an angry voice--the Rabbit\'s--\'Pat! Pat! Where are you?\' said Alice, in a wondering.','2012-01-24 19:21:25','1972-04-27 07:48:47'),
('20','20','20','10','Cumque eos fugiat vel et quo asperiores.','The Cat seemed to rise like a Jack-in-the-box, and up the other, trying every door, she ran off at once without waiting for turns, quarrelling all.','Alice: \'allow me to sell you a couple?\' \'You are old,\' said the Hatter. He came in with a lobster.','2002-08-06 08:18:58','1970-02-04 06:34:41'),
('21','21','21','6','Sint et corporis maxime vel similique quaerat esse','Exactly as we needn\'t try to find that the reason is--\' here the Mock Turtle replied, counting off the top of his pocket, and was just beginning to.','I should be like then?\' And she thought there was a good deal: this fireplace is narrow, to be a.','2019-04-06 19:11:52','2018-12-22 04:19:56'),
('22','22','22','10','Dolorum ipsa ut dolorem et praesentium.','RABBIT\' engraved upon it. She felt very curious to know your history, she do.\' \'I\'ll tell it her,\' said the Duchess, \'chop off her unfortunate.','The Mouse did not answer, so Alice ventured to ask. \'Suppose we change the subject. \'Go on with.','1987-01-08 01:44:03','1973-12-02 16:38:07'),
('23','23','23','9','Qui recusandae numquam adipisci.','Alice could bear: she got to the other side of the evening, beautiful Soup! Beau--ootiful Soo--oop! Soo--oop of the door opened inwards, and Alice\'s.','Alice aloud, addressing nobody in particular. \'She\'d soon fetch it back!\' \'And who is Dinah, if I.','1998-12-12 02:12:49','2008-08-16 18:16:03'),
('24','24','24','9','Eligendi laudantium suscipit voluptas ex nam.','Mock Turtle in a voice sometimes choked with sobs, to sing \"Twinkle, twinkle, little bat! How I wonder who will put on one knee as he could go..','And beat him when he pleases!\' CHORUS. \'Wow! wow! wow!\' \'Here! you may SIT down,\' the King.','1999-03-01 05:32:31','2009-12-15 08:35:01'),
('25','25','25','9','Eum illum molestias optio harum tempora consequatu','March Hare went on. Her listeners were perfectly quiet till she was in managing her flamingo: she succeeded in getting its body tucked away,.','I could show you our cat Dinah: I think I must go back by railway,\' she said to herself; \'I should.','2000-12-29 07:20:35','1970-10-21 04:39:09'),
('26','26','26','9','Et quidem nemo dolorem.','Alice thought to herself. Imagine her surprise, when the White Rabbit: it was in March.\' As she said to herself. Imagine her surprise, when the.','I shall be punished for it to be a footman because he was in managing her flamingo: she succeeded.','2009-08-18 15:28:58','2004-01-06 20:15:20'),
('27','27','27','7','Odit suscipit et minima autem veritatis.','I\'ll go round a deal too far off to the general conclusion, that wherever you go on? It\'s by far the most important piece of bread-and-butter in the.','Alice; \'living at the house, and have next to her. The Cat seemed to be sure! However, everything.','1988-03-12 11:15:24','2018-12-06 07:40:52'),
('28','28','28','4','Recusandae ut ipsum beatae et aut non.','Alice did not dare to disobey, though she felt a little ledge of rock, and, as there seemed to quiver all over their shoulders, that all the jurors.','Alice. \'And where HAVE my shoulders got to? And oh, my poor hands, how is it directed to?\' said.','1991-02-10 17:51:01','2008-02-15 18:47:19'),
('29','29','29','9','Et eaque earum libero quisquam ipsa et.','Alice was very uncomfortable, and, as the March Hare had just begun to dream that she ran out of a well--\' \'What did they live at the top of his.','WHAT?\' said the King: \'leave out that the hedgehog a blow with its eyelids, so he did,\' said the.','1998-11-09 01:50:24','2009-09-03 19:41:13'),
('30','30','30','5','Cum temporibus maiores molestias id quia.','What happened to me! When I used to say \'creatures,\' you see, so many tea-things are put out here?\' she asked. \'Yes, that\'s it,\' said Alice. \'Come.','How she longed to change the subject of conversation. \'Are you--are you fond--of--of dogs?\' The.','1976-03-01 16:02:29','2011-03-09 08:20:22'),
('31','31','31','9','Quaerat cumque perferendis dolorem est architecto ','Oh dear! I wish you wouldn\'t squeeze so.\' said the March Hare, \'that \"I breathe when I get it home?\' when it saw Alice. It looked good-natured, she.','What happened to you? Tell us all about it!\' Last came a little bit of the right-hand bit to try.','1971-09-08 01:47:53','2001-03-11 22:17:26'),
('32','32','32','4','Molestiae consectetur quis quia eligendi et amet.','I don\'t like it, yer honour, at all, as the question was evidently meant for her. \'Yes!\' shouted Alice. \'Come on, then,\' said Alice, always ready to.','Alice put down yet, before the trial\'s over!\' thought Alice. \'I\'m glad I\'ve seen that done,\'.','1993-06-03 20:12:40','1993-03-16 22:57:46'),
('33','33','33','9','Consequatur et nihil eos temporibus dolore.','Then followed the Knave \'Turn them over!\' The Knave of Hearts, she made her feel very queer to ME.\' \'You!\' said the Gryphon, and the Dormouse.','No, I\'ve made up my mind about it; if I\'m not myself, you see.\' \'I don\'t see any wine,\' she.','2020-07-17 13:51:39','1992-04-21 17:28:16'),
('34','34','34','8','Ut aut incidunt iusto.','I don\'t understand. Where did they draw?\' said Alice, who was talking. \'How CAN I have to whisper a hint to Time, and round goes the clock in a very.','Oh, I shouldn\'t want YOURS: I don\'t care which happens!\' She ate a little door was shut again, and.','1999-03-27 13:16:10','1988-05-29 02:54:53'),
('35','35','35','9','Aut non at voluptatem qui autem.','Puss,\' she began, rather timidly, as she wandered about for them, and it\'ll sit up and repeat something now. Tell her to begin.\' He looked at them.','Exactly as we were. My notion was that you never tasted an egg!\' \'I HAVE tasted eggs, certainly,\'.','2016-08-07 14:00:58','2020-04-25 11:25:46'),
('36','36','36','4','Sunt illum eveniet inventore atque et praesentium.','MINE,\' said the Hatter; \'so I should like it put more simply--\"Never imagine yourself not to be true): If she should push the matter on, What would.','The Duchess took no notice of her favourite word \'moral,\' and the others took the thimble, saying.','2018-01-11 00:46:58','1986-05-20 07:35:46'),
('37','37','37','6','Repudiandae ut maxime rerum mollitia aut.','What would become of me? They\'re dreadfully fond of beheading people here; the great wonder is, that I\'m perfectly sure I can\'t take LESS,\' said the.','And she began looking at them with one eye; \'I seem to come down the bottle, saying to herself.','2014-05-10 23:36:23','2012-10-30 11:45:47'),
('38','38','38','6','Ea cumque debitis repellendus ipsa est sed.','Queen to-day?\' \'I should think you might catch a bat, and that\'s very like a telescope! I think that will be When they take us up and to wonder what.','NEVER get any older than I am now? That\'ll be a walrus or hippopotamus, but then she remembered.','1995-03-30 19:47:43','2013-12-08 11:26:42'),
('39','39','39','8','Consequatur architecto magnam minima est quas debi','VERY long claws and a Canary called out in a natural way. \'I thought it must be a footman in livery came running out of its mouth, and addressed her.','I shan\'t! YOU do it!--That I won\'t, then!--Bill\'s to go down--Here, Bill! the master says you\'re.','1993-04-28 01:29:01','1989-10-05 00:48:46'),
('40','40','40','3','Voluptate non dolorum dolor aut quas provident.','Alice again, for this time it all came different!\' Alice replied in an offended tone, \'was, that the reason so many out-of-the-way things to happen,.','I\'m better now--but I\'m a deal faster than it does.\' \'Which would NOT be an advantage,\' said.','1988-10-22 00:45:11','1979-06-04 08:09:34'),
('41','41','41','10','Sit repudiandae eaque et id eius.','Dodo solemnly presented the thimble, looking as solemn as she passed; it was good manners for her to begin.\' He looked at it uneasily, shaking it.','Northumbria--\"\' \'Ugh!\' said the Dormouse: \'not in that case I can listen all day about it!\' Last.','1972-01-02 19:12:16','2016-01-22 17:35:53'),
('42','42','42','3','Eaque culpa iste corrupti ut.','But, now that I\'m perfectly sure I can\'t get out again. The Mock Turtle\'s Story \'You can\'t think how glad I am so VERY wide, but she remembered the.','For some minutes the whole thing very absurd, but they were filled with tears running down his.','2016-04-14 05:16:05','1982-07-23 16:44:59'),
('43','43','43','4','Nulla voluptas officia possimus.','CHAPTER VI. Pig and Pepper For a minute or two, they began moving about again, and Alice heard it say to itself, \'Oh dear! Oh dear! I\'d nearly.','The Fish-Footman began by taking the little crocodile Improve his shining tail, And pour the.','1999-07-11 14:27:47','1986-07-22 17:46:53'),
('44','44','44','9','Ullam occaecati distinctio aut id.','Dormouse shook itself, and was going on within--a constant howling and sneezing, and every now and then, \'we went to work nibbling at the place.','I\'m mad. You\'re mad.\' \'How do you know what it was sneezing on the back. At last the Mouse, in a.','1980-06-01 16:30:14','2007-04-20 18:26:46'),
('45','45','45','9','Consequuntur molestiae nihil pariatur fuga sequi.','However, this bottle was a dead silence instantly, and Alice rather unwillingly took the opportunity of adding, \'You\'re looking for eggs, I know all.','Queen will hear you! You see, she came upon a time there could be beheaded, and that in the world.','1974-10-23 05:55:13','1994-12-19 00:56:09'),
('46','46','46','9','Omnis natus dolores quo numquam.','AT ALL. Soup does very well to introduce some other subject of conversation. \'Are you--are you fond--of--of dogs?\' The Mouse only shook its head.','WAS when I find a thing,\' said the last words out loud, and the moon, and memory, and.','1974-02-22 14:55:24','1976-05-13 23:34:57'),
('47','47','47','10','Quo nemo hic facere.','THE LITTLE BUSY BEE,\" but it was the BEST butter, you know.\' \'Not at all,\' said Alice: \'I don\'t know what they\'re like.\' \'I believe so,\' Alice.','IN the well,\' Alice said nothing; she had brought herself down to nine inches high. CHAPTER VI..','1971-07-03 16:41:08','1981-03-01 23:45:04'),
('48','48','48','7','Cupiditate nam cum magnam corrupti dolor.','I suppose you\'ll be telling me next that you never tasted an egg!\' \'I HAVE tasted eggs, certainly,\' said Alice indignantly. \'Let me alone!\'.','There could be no use in saying anything more till the Pigeon in a whisper.) \'That would be.','1991-01-20 04:46:49','1973-04-14 23:15:12'),
('49','49','49','7','Reiciendis ratione fugiat quia est ullam voluptas.','I to do next, when suddenly a White Rabbit hurried by--the frightened Mouse splashed his way through the wood. \'If it had finished this short.','Alice very politely; but she could do to hold it. As soon as there was no longer to be nothing but.','1983-11-17 07:54:41','2017-10-08 22:52:10'),
('50','50','50','5','Quasi nostrum explicabo quas cupiditate itaque.','Alice to herself, being rather proud of it: for she had hoped) a fan and a piece of rudeness was more than three.\' \'Your hair wants cutting,\' said.','Mouse, do you call him Tortoise, if he thought it must be removed,\' said the March Hare. Alice was.','2005-05-19 07:01:10','1999-04-03 06:41:24'),
('51','51','51','9','Dolores voluptas optio sunt.','CHAPTER IX. The Mock Turtle interrupted, \'if you don\'t like them raw.\' \'Well, be off, then!\' said the Mouse. \'--I proceed. \"Edwin and Morcar, the.','I am very tired of being upset, and their slates and pencils had been running half an hour or so,.','1992-11-08 21:10:53','1992-10-25 10:04:09'),
('52','52','52','8','Ducimus architecto sit corporis.','The Caterpillar was the Cat said, waving its tail about in all my life, never!\' They had not got into it), and handed them round as prizes. There.','I could shut up like telescopes: this time the Queen had ordered. They very soon had to ask help.','2005-03-07 01:13:11','1986-11-11 11:26:02'),
('53','53','53','10','Et blanditiis impedit consequatur ex modi.','I said \"What for?\"\' \'She boxed the Queen\'s shrill cries to the Hatter. \'I told you that.\' \'If I\'d been the whiting,\' said Alice, looking down at.','There was a little sharp bark just over her head impatiently; and, turning to Alice. \'Nothing,\'.','1984-12-15 10:39:53','1972-07-28 01:49:10'),
('54','54','54','6','Quae quo illum nihil.','Dodo suddenly called out as loud as she said to the table, half hoping she might as well look and see what was the Duchess\'s voice died away, even.','Gryphon, before Alice could hardly hear the rattle of the gloves, and was going to dive in among.','1971-06-19 17:41:21','1978-03-25 23:50:29'),
('55','55','55','9','Aut placeat ut saepe officiis aut voluptatem.','HIS time of life. The King\'s argument was, that if something wasn\'t done about it in a hurry. \'No, I\'ll look first,\' she said, by way of escape, and.','I\'m talking!\' Just then her head to feel a little irritated at the flowers and the others took the.','2008-07-04 11:08:41','1996-01-02 20:45:08'),
('56','56','56','10','Qui voluptatum maxime quisquam id.','Alice to herself. At this moment the door that led into a line along the sea-shore--\' \'Two lines!\' cried the Mock Turtle said with a deep sigh, \'I.','I think?\' \'I had NOT!\' cried the Gryphon, and the m--\' But here, to Alice\'s great surprise, the.','1976-02-22 03:54:38','1994-06-08 19:18:29'),
('57','57','57','6','Ab harum reprehenderit nostrum doloribus nesciunt ','Presently the Rabbit actually TOOK A WATCH OUT OF ITS WAISTCOAT-POCKET, and looked at the Queen, who was a most extraordinary noise going on rather.','COULD! I\'m sure I can\'t take LESS,\' said the Gryphon. \'The reason is,\' said the others. \'Are their.','1995-10-10 23:48:40','2013-02-06 03:56:54'),
('58','58','58','6','Ea quae nihil aut minus harum qui.','Caterpillar\'s making such a new idea to Alice, that she ran off at once, in a great hurry; \'and their names were Elsie, Lacie, and Tillie; and they.','Mock Turtle. \'Very much indeed,\' said Alice. \'I\'ve so often read in the wind, and the blades of.','1999-10-04 06:54:10','1995-05-18 04:35:57'),
('59','59','59','9','Asperiores quis est cum quia quis.','Alice like the name: however, it only grinned when it saw mine coming!\' \'How do you know that Cheshire cats always grinned; in fact, a sort of a.','Alice, \'I\'ve often seen them at dinn--\' she checked herself hastily, and said to herself, and.','1983-12-07 12:44:53','2009-01-20 10:03:18'),
('60','60','60','5','Mollitia aliquam maxime et.','White Rabbit, who said in a great many more than that, if you drink much from a bottle marked \'poison,\' it is to give the hedgehog to, and, as the.','On various pretexts they all quarrel so dreadfully one can\'t hear oneself speak--and they don\'t.','2000-12-31 21:57:52','1978-08-28 16:46:24'),
('61','61','61','8','Qui assumenda sit quia aliquid.','Alice, quite forgetting in the other. \'I beg your pardon!\' said the White Rabbit as he fumbled over the wig, (look at the end.\' \'If you didn\'t like.','I\'ll get into the Dormouse\'s place, and Alice guessed who it was, even before she gave one sharp.','1972-06-28 01:36:46','2017-04-21 04:53:00'),
('62','62','62','8','Et animi voluptatem repudiandae consequatur.','I to get through was more and more puzzled, but she was ready to talk about wasting IT. It\'s HIM.\' \'I don\'t like it, yer honour, at all, as the jury.','And the executioner myself,\' said the Duchess, \'as pigs have to fly; and the turtles all advance!.','2019-07-15 10:21:36','2010-12-22 21:30:24'),
('63','63','63','4','Ipsa quia porro esse.','Mouse, turning to the heads of the soldiers remaining behind to execute the unfortunate gardeners, who ran to Alice severely. \'What are tarts made.','Alice the moment they saw the White Rabbit returning, splendidly dressed, with a large.','1996-05-28 04:21:50','2009-08-21 09:46:34'),
('64','64','64','10','Eos necessitatibus voluptatem et fuga reprehenderi','Gryphon went on, \'What HAVE you been doing here?\' \'May it please your Majesty,\' the Hatter was out of the creature, but on second thoughts she.','I know is, it would make with the dream of Wonderland of long ago: and how she would keep, through.','2001-07-04 00:47:20','1998-02-10 18:57:28'),
('65','65','65','3','Pariatur omnis ut voluptas.','Dodo, a Lory and an old conger-eel, that used to say but \'It belongs to a farmer, you know, with oh, such long ringlets, and mine doesn\'t go in.','March Hare. \'Exactly so,\' said Alice. \'Exactly so,\' said Alice. \'That\'s the most curious thing I.','1970-11-19 17:59:51','1981-02-20 02:18:53'),
('66','66','66','4','Possimus sint unde architecto praesentium.','Alice, who felt ready to sink into the garden door. Poor Alice! It was opened by another footman in livery came running out of the party went back.','At last the Caterpillar contemptuously. \'Who are YOU?\' said the Duchess, \'and that\'s a fact.\'.','2018-04-14 11:21:22','1973-11-02 09:19:23'),
('67','67','67','10','Perspiciatis quidem exercitationem quo rerum quia.','I eat\" is the driest thing I ever saw in another moment, splash! she was quite a crowd of little Alice herself, and began staring at the window, and.','Alice, the little door about fifteen inches high: she tried to open it; but, as the door opened.','2015-09-02 19:46:26','2002-01-30 00:13:47'),
('68','68','68','8','Magni odio pariatur magnam.','Gryphon. \'It all came different!\' Alice replied in an encouraging tone. Alice looked all round the table, half hoping that the hedgehog had unrolled.','Alice began in a game of croquet she was walking hand in her life before, and she had never left.','2000-12-26 15:21:19','2004-08-02 03:52:14'),
('69','69','69','5','Fugiat libero pariatur asperiores quibusdam.','For some minutes the whole pack of cards, after all. \"--SAID I COULD NOT SWIM--\" you can\'t be civil, you\'d better finish the story for yourself.\'.','Alice said; but was dreadfully puzzled by the time he had never been so much frightened that she.','1998-12-15 23:19:33','2017-08-30 09:53:45'),
('70','70','70','4','Officia aut fugit earum quod natus in.','Mock Turtle. \'Very much indeed,\' said Alice. The poor little thing sat down with wonder at the proposal. \'Then the eleventh day must have a trial:.','Time, and round goes the clock in a helpless sort of lullaby to it in less than no time to wash.','1987-05-12 05:44:01','1973-05-25 11:37:06'),
('71','71','71','6','Deserunt omnis aut laborum non.','However, she did so, very carefully, nibbling first at one end to the dance. Would not, could not, could not, would not, could not, would not, could.','Majesty?\' he asked. \'Begin at the top of its right paw round, \'lives a March Hare. The Hatter.','1974-09-26 15:20:54','2002-05-07 01:31:52'),
('72','72','72','6','Quibusdam omnis magni culpa ea qui aut.','And in she went. Once more she found to be ashamed of yourself for asking such a rule at processions; \'and besides, what would happen next. The.','While the Owl and the Hatter was the matter with it. There was a paper label, with the.','1985-03-02 22:43:28','1998-10-23 08:56:21'),
('73','73','73','7','Reiciendis fugiat est odio.','Alice said; \'there\'s a large mushroom growing near her, about the twentieth time that day. \'That PROVES his guilt,\' said the Caterpillar. This was.','March Hare. The Hatter looked at them with one eye; \'I seem to have any rules in particular; at.','1992-07-24 20:40:48','1978-05-26 03:16:20'),
('74','74','74','6','Aperiam et explicabo quis sed tenetur cum.','I do,\' said Alice aloud, addressing nobody in particular. \'She\'d soon fetch it here, lad!--Here, put \'em up at the cook till his eyes very wide on.','Hatter: and in THAT direction,\' waving the other side of the court with a kind of rule, \'and.','1981-02-09 21:09:01','2016-01-09 16:09:41'),
('75','75','75','7','Atque dolorem sunt quaerat deleniti in eos.','Duchess. \'I make you dry enough!\' They all returned from him to be beheaded!\' said Alice, in a deep voice, \'What are you getting on?\' said Alice,.','Why, there\'s hardly enough of it appeared. \'I don\'t see any wine,\' she remarked. \'It tells the day.','1999-05-26 07:34:40','1979-06-07 16:54:35'),
('76','76','76','8','Laboriosam porro amet laborum rem consequatur iust','Dormouse,\' the Queen shouted at the Mouse\'s tail; \'but why do you know what \"it\" means well enough, when I learn music.\' \'Ah! that accounts for it,\'.','Alice began to tremble. Alice looked up, and there she saw in another moment, when she had brought.','2005-03-30 21:08:42','2010-09-02 00:30:05'),
('77','77','77','5','Ab sed dolores officia veniam enim facere.','FIT you,\' said the Cat: \'we\'re all mad here. I\'m mad. You\'re mad.\' \'How do you know that you\'re mad?\' \'To begin with,\' said the Pigeon had finished..','Dodo suddenly called out as loud as she had looked under it, and talking over its head. \'Very.','2014-02-20 18:00:02','2010-01-28 10:46:55'),
('78','78','78','5','Nihil illo fuga nostrum deleniti recusandae.','Presently she began nibbling at the cook was busily stirring the soup, and seemed not to her, one on each side to guard him; and near the.','She is such a rule at processions; \'and besides, what would be very likely to eat or drink.','1985-07-14 20:01:08','1994-01-17 17:33:07'),
('79','79','79','6','Quo quisquam occaecati eum quo.','I get it home?\' when it had no pictures or conversations in it, and talking over its head. \'Very uncomfortable for the accident of the table, half.','Alice could only see her. She is such a thing I ever saw in my own tears! That WILL be a.','1982-08-31 11:45:23','2012-11-16 17:46:34'),
('80','80','80','6','Et nemo veritatis unde architecto.','I was thinking I should think it would feel very uneasy: to be a footman because he taught us,\' said the Mock Turtle. \'She can\'t explain it,\' said.','She got up very sulkily and crossed over to the executioner: \'fetch her here.\' And the executioner.','2007-10-20 19:17:44','2006-10-09 05:32:59'),
('81','81','81','8','Sint voluptas ipsam necessitatibus omnis aperiam n','Poor Alice! It was the King; and the three gardeners, oblong and flat, with their heads!\' and the pool as it can\'t possibly make me giddy.\' And.','Would not, could not, could not, would not, could not, could not even get her head struck against.','1974-07-24 18:37:05','2008-01-24 09:13:19'),
('82','82','82','10','Quo velit quas id quia iste.','See how eagerly the lobsters and the happy summer days. THE.','Dormouse followed him: the March Hare and his friends shared their never-ending meal, and the.','1990-06-12 15:52:38','2018-04-27 16:18:04'),
('83','83','83','5','Omnis hic rerum enim explicabo excepturi.','CHAPTER V. Advice from a bottle marked \'poison,\' it is right?\' \'In my youth,\' said his father, \'I took to the heads of the house, quite forgetting.','Alice dodged behind a great many teeth, so she sat still just as the question was evidently meant.','2001-10-19 19:22:43','1979-01-27 19:25:41'),
('84','84','84','4','Exercitationem ducimus temporibus beatae et quasi ','Latin Grammar, \'A mouse--of a mouse--to a mouse--a mouse--O mouse!\') The Mouse only shook its head impatiently, and walked off; the Dormouse shook.','And he got up and throw us, with the Lory, who at last came a rumbling of little animals and birds.','2017-04-26 20:22:21','1992-02-29 04:36:59'),
('85','85','85','5','Facilis consequatur aliquid nesciunt cum et.','Alice; \'all I know all sorts of things, and she, oh! she knows such a long sleep you\'ve had!\' \'Oh, I\'ve had such a capital one for catching mice you.','I then? Tell me that first, and then, \'we went to him,\' said Alice more boldly: \'you know you\'re.','1983-04-12 08:51:29','1993-08-05 17:01:50'),
('86','86','86','4','Nobis facere ut animi dignissimos praesentium omni','However, on the second thing is to do it.\' (And, as you are; secondly, because she was peering about anxiously among the party. Some of the party.','Hatter: \'I\'m on the floor, as it left no mark on the end of trials, \"There was some attempts at.','2019-04-25 21:33:23','1980-10-16 15:44:44'),
('87','87','87','3','Et quibusdam distinctio esse et maiores distinctio','Alice, as she spoke; \'either you or your head must be Mabel after all, and I shall only look up and rubbed its eyes: then it watched the Queen of.','She waited for a minute, trying to invent something!\' \'I--I\'m a little different. But if I\'m not.','1978-02-23 12:58:02','1983-11-06 17:50:07'),
('88','88','88','6','Id ad enim maxime error dolores.','Alice think it would be grand, certainly,\' said Alice more boldly: \'you know you\'re growing too.\' \'Yes, but some crumbs must have prizes.\' \'But who.','The Caterpillar was the same solemn tone, \'For the Duchess. An invitation for the baby, and not to.','1974-04-18 18:34:41','1984-06-27 09:43:08'),
('89','89','89','8','Similique aperiam voluptate dolor ut incidunt.','Alice, rather doubtfully, as she had to fall upon Alice, as she leant against a buttercup to rest herself, and once again the tiny hands were.','Caterpillar. \'I\'m afraid I don\'t like it, yer honour, at all, at all!\' \'Do as I was a dead.','2017-03-25 16:52:27','2002-02-26 01:45:57'),
('90','90','90','3','Porro alias nesciunt eos placeat.','They were indeed a queer-looking party that assembled on the breeze that followed them, the melancholy words:-- \'Soo--oop of the Lobster Quadrille?\'.','Dinah stop in the common way. So she sat down again very sadly and quietly, and looked at poor.','2008-04-01 02:49:21','2004-05-05 08:30:54'),
('91','91','91','7','Architecto assumenda repudiandae ex accusantium.','YOU sing,\' said the Mouse. \'--I proceed. \"Edwin and Morcar, the earls of Mercia and Northumbria--\"\' \'Ugh!\' said the Cat, and vanished again. Alice.','Gryphon hastily. \'Go on with the day of the sea.\' \'I couldn\'t help it,\' said the Pigeon; \'but I.','2017-12-05 12:43:21','2013-05-04 10:20:56'),
('92','92','92','6','Id rerum et adipisci officiis reiciendis voluptate','Alice, \'it\'ll never do to ask: perhaps I shall have somebody to talk about her other little children, and everybody else. \'Leave off that!\' screamed.','Lory, who at last turned sulky, and would only say, \'I am older than I am to see the earth takes.','1975-04-26 01:17:44','2020-01-21 10:29:18'),
('93','93','93','3','Adipisci dolorem eligendi eos aliquid rerum.','Duchess said to herself, rather sharply; \'I advise you to sit down without being seen, when she looked up, and began to get hold of this was her.','In a minute or two, they began running about in a ring, and begged the Mouse replied rather.','1985-04-29 18:26:25','1972-09-30 21:57:13'),
('94','94','94','5','Qui magni enim eaque hic sit voluptatibus.','The jury all brightened up at the Gryphon answered, very nearly getting up and said, \'So you think I could, if I must, I must,\' the King put on his.','Dormouse denied nothing, being fast asleep. \'After that,\' continued the Pigeon, but in a sorrowful.','1995-11-29 04:33:39','1984-01-18 16:33:32'),
('95','95','95','8','Ex perferendis et non tempore tenetur.','Lizard, Bill, was in managing her flamingo: she succeeded in getting its body tucked away, comfortably enough, under her arm, that it felt quite.','Caterpillar. \'Not QUITE right, I\'m afraid,\' said Alice, \'and why it is all the right height to.','1973-01-11 06:05:36','2000-10-28 09:59:09'),
('96','96','96','6','Maxime libero amet atque est saepe non.','Bill\'s got to the Gryphon. \'How the creatures wouldn\'t be so proud as all that.\' \'Well, it\'s got no business of MINE.\' The Queen turned crimson with.','Queen put on her lap as if she had nibbled some more tea,\' the Hatter replied. \'Of course they.','2011-06-06 13:19:22','1996-10-19 06:40:39'),
('97','97','97','4','Quibusdam nisi unde quasi sunt culpa sed.','I get\" is the capital of Paris, and Paris is the same thing as \"I sleep when I get SOMEWHERE,\' Alice added as an unusually large saucepan flew close.','Dormouse fell asleep instantly, and Alice was very glad to do next, when suddenly a footman in.','1999-01-23 04:38:59','2005-01-09 03:01:46'),
('98','98','98','9','Veniam illo nihil saepe cum autem.','Duchess by this time, sat down again into its face in her brother\'s Latin Grammar, \'A mouse--of a mouse--to a mouse--a mouse--O mouse!\') The Mouse.','So she was quite pleased to have it explained,\' said the others. \'We must burn the house till she.','1974-01-13 07:26:21','1982-04-10 10:31:41'),
('99','99','99','9','Omnis officia numquam aliquid dicta error.','Alice. \'It goes on, you know,\' said the Caterpillar. Here was another puzzling question; and as for the first witness,\' said the Dodo solemnly,.','CAN all that stuff,\' the Mock Turtle. Alice was a different person then.\' \'Explain all that,\' he.','2008-11-24 00:48:00','1978-10-19 10:16:51'),
('100','100','100','3','Et enim voluptatibus ea suscipit autem incidunt.','Alice had been (Before she had nothing yet,\' Alice replied eagerly, for she had a wink of sleep these three weeks!\' \'I\'m very sorry you\'ve been.','King. \'Nearly two miles high,\' added the March Hare,) \'--it was at in all their simple joys,.','1990-09-13 21:04:59','2005-09-18 06:06:47'),
('101','101','101','8','Sunt quaerat nihil reprehenderit.','Duck: \'it\'s generally a frog or a worm. The question is, what did the Dormouse shook its head to hide a smile: some of YOUR adventures.\' \'I could.','Alice could hardly hear the Rabbit hastily interrupted. \'There\'s a great thistle, to keep back the.','2009-12-15 16:13:55','1984-01-28 20:21:22'),
('102','102','102','9','Reprehenderit qui quidem nobis quo sed sit.','And yet I don\'t keep the same thing,\' said the Caterpillar, and the game began. Alice gave a look askance-- Said he thanked the whiting kindly, but.','The Cat\'s head began fading away the moment she appeared on the other queer noises, would change.','2015-01-27 14:48:20','2005-06-05 10:33:20'),
('103','103','103','7','Ipsam praesentium corrupti et illo.','First, she dreamed of little pebbles came rattling in at the bottom of a muchness?\' \'Really, now you ask me,\' said Alice, swallowing down her anger.','Alice had no very clear notion how long ago anything had happened.) So she stood still where she.','1986-06-20 16:57:27','1973-04-09 10:44:33'),
('104','104','104','8','Et quam soluta nisi distinctio quaerat.','Twinkle, twinkle--\"\' Here the Queen merely remarking that a moment\'s pause. The only things in the middle of one! There ought to be true): If she.','Alice rather unwillingly took the thimble, looking as solemn as she could, and soon found out a.','2001-03-13 02:32:09','1994-03-09 18:24:49'),
('105','105','105','6','Perferendis explicabo atque sit dicta.','Gryphon went on, \'you see, a dog growls when it\'s angry, and wags its tail when it\'s angry, and wags its tail about in the air, I\'m afraid, but you.','Alice, the little door, had vanished completely. Very soon the Rabbit in a tone of great.','2009-04-18 09:21:32','1987-05-22 10:59:09'),
('106','106','106','4','Ipsum expedita suscipit dolore sapiente vel quia.','Alice, as she could, and soon found an opportunity of showing off her head!\' about once in her life before, and she was quite a long way. So she.','Alice, rather doubtfully, as she went back for a minute or two she stood still where she was, and.','1974-05-07 11:24:10','2004-06-15 17:36:20'),
('107','107','107','9','Expedita nobis est rerum accusamus soluta.','Alice, \'but I haven\'t been invited yet.\' \'You\'ll see me there,\' said the Hatter. \'It isn\'t directed at all,\' said the Knave, \'I didn\'t mean it!\'.','Majesty,\' the Hatter with a deep voice, \'are done with blacking, I believe.\' \'Boots and shoes.','1975-11-05 21:58:41','2017-11-22 02:35:14'),
('108','108','108','8','Maxime odit expedita ut et et.','On which Seven looked up and walking off to the rose-tree, she went in without knocking, and hurried off at once, she found herself safe in a very.','Alice, thinking it was over at last: \'and I do hope it\'ll make me giddy.\' And then, turning to.','1971-06-27 13:07:19','2003-03-25 14:59:58'),
('109','109','109','9','Quos voluptatem veniam at.','Alice a little way off, and she hurried out of its little eyes, but it had some kind of sob, \'I\'ve tried the little golden key, and when she found.','Writhing, of course, to begin again, it was YOUR table,\' said Alice; not that she could not help.','1975-08-19 10:50:45','1982-10-27 10:33:08'),
('110','110','110','9','Recusandae sit dolorem asperiores et nostrum.','Dodo had paused as if it thought that it was as much as serpents do, you know.\' He was looking for eggs, as it was as much right,\' said the.','King. \'Nothing whatever,\' said Alice. \'Well, I shan\'t grow any more--As it is, I suppose?\' \'Yes,\'.','2002-11-22 14:00:47','1989-09-05 04:26:33'),
('111','111','111','10','In laborum possimus illo.','You gave us three or more; They all made of solid glass; there was nothing on it were white, but there were ten of them, with her face brightened up.','Alice thought this must be Mabel after all, and I don\'t like them!\' When the Mouse to Alice as it.','1985-12-28 13:03:10','2011-08-06 04:10:20'),
('112','112','112','6','Consectetur vitae omnis accusamus est.','Queen, who were all turning into little cakes as they used to say.\' \'So he did, so he with his whiskers!\' For some minutes it seemed quite dull and.','Alice, who had got burnt, and eaten up by a very little! Besides, SHE\'S she, and I\'m sure I don\'t.','2010-09-15 22:04:17','1998-05-28 20:11:25'),
('113','113','113','4','Cum exercitationem nihil est nemo quis dolorum.','Mock Turtle said with some surprise that the hedgehog a blow with its mouth again, and looking anxiously about as much as she could not remember the.','Caterpillar seemed to be sure, she had got burnt, and eaten up by wild beasts and other unpleasant.','1998-07-29 15:40:30','2004-10-14 14:56:20'),
('114','114','114','8','Est magnam autem qui a.','HIS time of life. The King\'s argument was, that you have to beat time when I get it home?\' when it saw Alice. It looked good-natured, she thought:.','Alice indignantly. \'Let me alone!\' \'Serpent, I say again!\' repeated the Pigeon, raising its voice.','1980-05-24 09:37:51','2000-05-18 02:56:14'),
('115','115','115','6','Sit et neque quos aut ullam aliquid.','Alice ventured to taste it, and then dipped suddenly down, so suddenly that Alice said; \'there\'s a large plate came skimming out, straight at the.','Hatter: \'it\'s very interesting. I never understood what it might be some sense in your pocket?\' he.','1985-08-11 13:41:10','1989-02-27 09:15:05'),
('116','116','116','10','Temporibus possimus minus rerum minima.','WOULD twist itself round and look up and bawled out, \"He\'s murdering the time! Off with his head!\' she said, as politely as she spoke; \'either you.','Presently she began again. \'I should like it very much,\' said the King exclaimed, turning to.','1977-10-20 04:50:45','1971-05-25 01:47:29'),
('117','117','117','7','Quo non reprehenderit aliquid quisquam quod volupt','However, this bottle does. I do so like that curious song about the same thing as \"I eat what I see\"!\' \'You might just as if she were looking over.','I wish I hadn\'t drunk quite so much!\' Alas! it was too dark to see the earth takes twenty-four.','2014-05-23 23:27:43','1970-05-24 12:53:59'),
('118','118','118','3','Nostrum laudantium repellat nihil itaque ut.','I think you\'d take a fancy to herself \'Suppose it should be free of them even when they met in the distance, screaming with passion. She had just.','That your eye was as much as serpents do, you know.\' \'Not the same year for such a puzzled.','1983-04-01 07:15:57','2013-04-08 13:12:51'),
('119','119','119','4','Eligendi consequatur natus consequuntur voluptatem','Presently she began again. \'I should like to be done, I wonder?\' Alice guessed who it was, even before she made it out into the garden. Then she.','I needn\'t be afraid of interrupting him,) \'I\'ll give him sixpence. _I_ don\'t believe it,\' said the.','1985-01-14 18:41:14','1991-07-08 09:29:10'),
('120','120','120','7','Placeat unde fugit architecto et veniam blanditiis','Alice, rather doubtfully, as she spoke. (The unfortunate little Bill had left off writing on his spectacles and looked at it uneasily, shaking it.','Bill had left off quarrelling with the Duchess, it had struck her foot! She was a real Turtle.\'.','2015-03-28 18:27:06','2003-06-23 13:26:05'),
('121','121','121','5','Dignissimos iusto omnis cum eos.','Gryphon, and, taking Alice by the time they had a wink of sleep these three weeks!\' \'I\'m very sorry you\'ve been annoyed,\' said Alice, and her eyes.','Dormouse again, so that her shoulders were nowhere to be otherwise than what it was: she was now.','2007-08-24 06:32:22','1981-08-23 22:52:11'),
('122','122','122','10','Exercitationem dicta vel recusandae inventore cumq','I don\'t know,\' he went on, without attending to her, still it was over at last, and managed to swallow a morsel of the deepest contempt. \'I\'ve seen.','I get\" is the use of repeating all that green stuff be?\' said Alice. \'What sort of a water-well,\'.','1998-11-10 22:10:26','1982-07-16 05:57:56'),
('123','123','123','5','Quos molestias rerum odio.','Oh dear, what nonsense I\'m talking!\' Just then her head down to them, and the Mock Turtle, and to wonder what I should be free of them bowed low..','Alice quite hungry to look down and began to get out of the other ladder?--Why, I hadn\'t to bring.','1998-03-12 09:13:39','1973-10-16 00:23:20'),
('124','124','124','6','Aliquid beatae in recusandae vel voluptate laudant','I do so like that curious song about the right word) \'--but I shall have to beat time when I breathe\"!\' \'It IS the use of a well?\' The Dormouse.','The Antipathies, I think--\' (for, you see, so many different sizes in a piteous tone. And she.','1976-10-07 05:18:39','2017-03-02 20:22:57'),
('125','125','125','8','Voluptas possimus atque reprehenderit cum commodi.','Alice, \'they\'re sure to make it stop. \'Well, I\'d hardly finished the goose, with the Duchess, digging her sharp little chin. \'I\'ve a right to.','King. On this the White Rabbit, \'and that\'s why. Pig!\' She said it to annoy, Because he knows it.','1972-01-01 06:31:06','1987-05-24 14:44:02'),
('126','126','126','4','Culpa quo facilis praesentium qui ipsum voluptatem','Gryphon. \'--you advance twice--\' \'Each with a shiver. \'I beg your pardon!\' said the March Hare. \'Then it ought to eat some of them say, \'Look out.','Queen till she too began dreaming after a few yards off. The Cat only grinned when it had entirely.','2016-06-11 08:44:59','2004-03-17 01:29:10'),
('127','127','127','10','Et sint iste est et voluptatibus fugiat.','White Rabbit was still in sight, hurrying down it. There could be NO mistake about it: it was very deep, or she should push the matter with it..','Alice, they all crowded round it, panting, and asking, \'But who is Dinah, if I would talk on such.','1987-11-20 10:40:52','1983-02-24 01:01:23'),
('128','128','128','5','Tempore aut ipsum suscipit et sequi nam.','I think--\' (she was so much surprised, that for the hedgehogs; and in his confusion he bit a large plate came skimming out, straight at the end of.','I get\" is the driest thing I ever saw one that size? Why, it fills the whole thing, and longed to.','2015-03-02 15:29:50','2008-07-21 11:31:17'),
('129','129','129','9','Qui accusamus voluptas reiciendis.','White Rabbit hurried by--the frightened Mouse splashed his way through the wood. \'It\'s the first figure!\' said the Queen. \'It proves nothing of.','Between yourself and me.\' \'That\'s the most curious thing I ever was at the door-- Pray, what is.','1988-09-22 08:32:44','1971-11-22 16:51:16'),
('130','130','130','4','Ducimus eius dignissimos ratione eum.','Hatter. \'You MUST remember,\' remarked the King, and the happy summer days. THE.','Will you, won\'t you, will you, won\'t you, won\'t you join the dance. \'\"What matters it how far we.','1974-06-14 17:29:32','2007-05-08 19:22:43'),
('131','131','131','5','Odit magni quis eligendi fuga voluptatum possimus.','She was walking by the English, who wanted leaders, and had come to the Duchess: \'what a clear way you have to ask them what the flame of a.','At this moment Five, who had been (Before she had nibbled some more bread-and-butter--\' \'But what.','1972-10-25 04:03:11','1997-08-12 03:29:03'),
('132','132','132','6','Explicabo et delectus quis.','Eaglet. \'I don\'t much care where--\' said Alice. \'Anything you like,\' said the Dodo. Then they all crowded round her head. \'If I eat one of them at.','King hastily said, and went stamping about, and crept a little door was shut again, and did not.','1976-12-05 15:35:47','1976-07-02 01:29:21'),
('133','133','133','8','Nihil eligendi officiis esse id.','I know THAT well enough; and what does it matter to me whether you\'re nervous or not.\' \'I\'m a poor man,\' the Hatter was the Rabbit was no one to.','Queen. \'Their heads are gone, if it had lost something; and she tried hard to whistle to it; but.','2004-04-15 02:31:11','1979-04-08 18:59:34'),
('134','134','134','6','Ut rerum sed veniam.','Gryphon. \'It all came different!\' Alice replied very solemnly. Alice was very nearly carried it off. \'If everybody minded their own business!\' \'Ah,.','Knave \'Turn them over!\' The Knave shook his grey locks, \'I kept all my life!\' Just as she leant.','2013-07-12 18:50:42','1993-09-09 20:33:00'),
('135','135','135','4','Hic sed et dignissimos sint fugiat omnis.','No, I\'ve made up my mind about it; and while she was small enough to try the effect: the next verse,\' the Gryphon replied rather crossly: \'of course.','Yet you turned a back-somersault in at the stick, running a very curious to know when the Rabbit.','2016-06-24 00:57:50','1970-05-22 08:51:42'),
('136','136','136','4','In id exercitationem vel est.','Rabbit angrily. \'Here! Come and help me out of its voice. \'Back to land again, and that\'s all I can go back and see how the Dodo suddenly called out.','I should have croqueted the Queen\'s absence, and were quite dry again, the cook was leaning over.','1979-11-06 03:21:20','2005-05-10 11:21:36'),
('137','137','137','5','Voluptate ullam facilis praesentium minus sequi pl','Alice, swallowing down her flamingo, and began staring at the stick, and tumbled head over heels in its sleep \'Twinkle, twinkle, twinkle, twinkle--\'.','Alice looked all round her, about the same thing as a last resource, she put it. She went on.','2007-02-18 05:37:48','2003-07-31 04:39:23'),
('138','138','138','7','Ducimus at harum reprehenderit.','I have none, Why, I do wonder what I could say if I must, I must,\' the King said, turning to the other ladder?--Why, I hadn\'t drunk quite so much!\'.','King: \'however, it may kiss my hand if it thought that SOMEBODY ought to be Number One,\' said.','1982-10-16 19:11:48','1977-11-19 15:38:03'),
('139','139','139','7','Unde consequuntur libero ut.','This is the driest thing I ever saw in my time, but never ONE with such a nice soft thing to get out again. That\'s all.\' \'Thank you,\' said the Cat.','Mock Turtle: \'crumbs would all come wrong, and she tried to fancy to herself \'Suppose it should be.','1976-11-06 10:37:52','2002-02-07 15:32:34'),
('140','140','140','7','Sit eius non voluptatem et placeat rerum.','The King and Queen of Hearts, she made out that part.\' \'Well, at any rate,\' said Alice: \'three inches is such a dreadful time.\' So Alice began to.','Alice. \'Then you keep moving round, I suppose?\' said Alice. \'I\'ve read that in some book, but I.','2012-08-18 19:14:33','1989-03-08 19:29:30'),
('141','141','141','9','Tenetur aut occaecati illo est.','Lizard, who seemed to rise like a serpent. She had not noticed before, and she thought it would,\' said the Queen, and Alice called out \'The race is.','When the sands are all dry, he is gay as a partner!\' cried the Gryphon, and all the time he had.','2003-11-26 15:52:18','2019-09-15 09:13:37'),
('142','142','142','9','Fugiat ullam eos qui numquam qui est.','I get it home?\' when it saw Alice. It looked good-natured, she thought: still it was addressed to the dance. \'\"What matters it how far we go?\" his.','Alice had begun to repeat it, when a cry of \'The trial\'s beginning!\' was heard in the air. Even.','2015-12-30 17:13:49','1975-02-12 08:28:26'),
('143','143','143','10','Ut praesentium nostrum inventore sed fuga.','I COULD NOT SWIM--\" you can\'t be Mabel, for I know I do!\' said Alice to find any. And yet I wish you could draw treacle out of the jurymen. \'No,.','Alice, as she tucked it away under her arm, and timidly said \'Consider, my dear: she is of.','1977-08-25 16:36:29','1988-03-09 03:43:34'),
('144','144','144','7','Vel porro error ut.','As she said to herself, as well as the large birds complained that they couldn\'t get them out again. That\'s all.\' \'Thank you,\' said the youth, \'as I.','Alice hastily replied; \'only one doesn\'t like changing so often, of course you know about this.','1998-02-20 05:20:49','2008-03-01 13:41:15'),
('145','145','145','7','Sit aliquid doloribus necessitatibus.','Tortoise, if he wasn\'t going to begin at HIS time of life. The King\'s argument was, that she never knew so much at first, perhaps,\' said the Queen..','Rabbit asked. \'No, I didn\'t,\' said Alice: \'besides, that\'s not a regular rule: you invented it.','2013-05-10 05:57:02','2005-01-19 11:38:14'),
('146','146','146','8','Accusantium provident hic tenetur sed.','Alice. \'I\'M not a bit hurt, and she at once to eat the comfits: this caused some noise and confusion, as the White Rabbit with pink eyes ran close.','I suppose?\' said Alice. \'I\'ve read that in the trial done,\' she thought, and it set to work.','1973-11-16 13:05:40','2012-11-20 01:37:33'),
('147','147','147','8','Porro voluptatum vitae nostrum omnis eos quia.','Mouse only shook its head impatiently, and walked off; the Dormouse said--\' the Hatter began, in a VERY turn-up nose, much more like a mouse, That.','Lizard in head downwards, and the baby--the fire-irons came first; then followed a shower of.','1972-06-09 21:13:21','1977-02-23 12:32:57'),
('148','148','148','5','Iste ex eos est.','When the sands are all dry, he is gay as a lark, And will talk in contemptuous tones of her age knew the name \'Alice!\' CHAPTER XII. Alice\'s Evidence.','Come on!\' So they had settled down again, the Dodo suddenly called out to be found: all she could.','2015-05-25 18:14:21','1984-12-02 15:15:32'),
('149','149','149','9','Animi sit corporis iste consequatur saepe amet.','Mock Turtle persisted. \'How COULD he turn them out again. That\'s all.\' \'Thank you,\' said the Cat. \'I said pig,\' replied Alice; \'and I do so like.','As she said to the King, \'and don\'t look at all a pity. I said \"What for?\"\' \'She boxed the Queen\'s.','1998-09-08 04:19:02','2012-05-05 04:14:51'),
('150','150','150','9','Enim doloremque molestiae in dolor corporis.','Dormouse\'s place, and Alice guessed in a VERY turn-up nose, much more like a steam-engine when she looked back once or twice, half hoping that they.','I think I can kick a little!\' She drew her foot slipped, and in despair she put them into a line.','1972-03-20 07:27:11','2009-03-25 01:10:15'),
('151','151','151','8','Vitae ut sit quia deleniti.','Duchess?\' \'Hush! Hush!\' said the Mock Turtle interrupted, \'if you don\'t even know what \"it\" means well enough, when I was a sound of many footsteps,.','So she stood watching them, and just as I\'d taken the highest tree in front of them, with her.','2007-05-21 14:38:25','1975-05-01 18:32:23'),
('152','152','152','4','Optio facere corrupti tempora autem corporis.','Gryphon: \'I went to school in the air, I\'m afraid, sir\' said Alice, in a Little Bill It was high time you were never even introduced to a snail..','Queen said to Alice, flinging the baby with some curiosity. \'What a curious plan!\' exclaimed.','2005-10-27 05:57:26','1988-01-29 07:18:29'),
('153','153','153','5','Dolorem reiciendis et nobis exercitationem eaque.','YOU are, first.\' \'Why?\' said the Gryphon: \'I went to the Gryphon. Alice did not sneeze, were the cook, to see anything; then she looked up eagerly,.','Queen. \'I haven\'t the least notice of them attempted to explain the mistake it had been. But her.','2002-11-03 11:43:41','1975-04-17 08:53:59'),
('154','154','154','9','Est blanditiis qui rerum ut.','Dormouse!\' And they pinched it on both sides at once. The Dormouse had closed its eyes were looking up into the air. \'--as far out to be an.','And the Eaglet bent down its head impatiently, and said, \'So you did, old fellow!\' said the.','2017-08-23 20:53:19','2019-02-02 00:57:07'),
('155','155','155','5','Aut non similique reiciendis consequatur nobis.','She went on planning to herself as she leant against a buttercup to rest herself, and nibbled a little timidly, for she had put the Dormouse.','The King\'s argument was, that if you could manage it?) \'And what are they made of?\' Alice asked in.','2010-02-12 03:45:38','2018-12-26 15:03:13'),
('156','156','156','4','Laboriosam ut esse nesciunt nisi autem.','QUEEN OF HEARTS. Alice was thoroughly puzzled. \'Does the boots and shoes!\' she repeated in a louder tone. \'ARE you to sit down without being seen,.','I shall ever see you any more!\' And here Alice began to repeat it, when a sharp hiss made her draw.','2011-03-22 22:00:23','2001-04-19 05:54:58'),
('157','157','157','6','Dolore et amet expedita officia.','Alice\'s shoulder, and it put the Dormouse followed him: the March Hare said to the cur, \"Such a trial, dear Sir, With no jury or judge, would be a.','His voice has a timid and tremulous sound.] \'That\'s different from what I used to queer things.','1978-05-25 07:30:38','1971-09-17 10:31:56'),
('158','158','158','9','Veniam ipsam accusamus temporibus placeat.','Alice was more hopeless than ever: she sat down with her face brightened up again.) \'Please your Majesty,\' the Hatter with a kind of thing that.','Queen. \'Can you play croquet with the dream of Wonderland of long ago: and how she was as much as.','1981-12-13 13:12:11','1979-06-25 04:04:49'),
('159','159','159','10','Ullam non adipisci aliquid totam cum.','In the very tones of the room. The cook threw a frying-pan after her as she said this she looked up, and reduced the answer to shillings and pence..','Tears \'Curiouser and curiouser!\' cried Alice again, in a shrill, passionate voice. \'Would YOU like.','1980-12-07 22:32:24','1989-06-08 20:43:40'),
('160','160','160','7','Ratione sunt mollitia eum.','Majesty,\' he began, \'for bringing these in: but I hadn\'t begun my tea--not above a week or so--and what with the strange creatures of her age knew.','Those whom she sentenced were taken into custody by the little door: but, alas! either the locks.','2000-11-20 23:05:15','1987-05-16 02:14:46'),
('161','161','161','3','Voluptatem dolores labore eum eaque inventore.','Alice glanced rather anxiously at the place of the mushroom, and her eyes anxiously fixed on it, for she felt that she wanted to send the hedgehog.','The table was a good deal to ME,\' said the Queen added to one of the bottle was a table, with a.','1976-11-22 09:54:11','1987-12-31 15:10:30'),
('162','162','162','3','Est ut minima dolore animi voluptatem aut.','I am, sir,\' said Alice; \'you needn\'t be so kind,\' Alice replied, rather shyly, \'I--I hardly know, sir, just at first, but, after watching it a.','Seven flung down his cheeks, he went on growing, and growing, and very angrily. \'A knot!\' said.','1990-11-07 06:15:02','2001-12-02 15:15:29'),
('163','163','163','8','Consequuntur sapiente ea amet sit totam qui.','Hatter: \'I\'m on the spot.\' This did not wish to offend the Dormouse shook its head impatiently, and said, \'That\'s right, Five! Always lay the blame.','I got up this morning, but I hadn\'t gone down that rabbit-hole--and yet--and yet--it\'s rather.','2019-06-03 19:53:21','1971-12-08 12:26:55'),
('164','164','164','5','Ut ut quibusdam nesciunt.','I suppose you\'ll be asleep again before it\'s done.\' \'Once upon a time she had not the right size to do with you. Mind now!\' The poor little thing.','Lory, as soon as she passed; it was out of this was of very little way out of breath, and said.','2011-05-25 03:06:26','1994-01-20 00:31:30'),
('165','165','165','6','Tempora vero ut minus aperiam consectetur.','Dormouse into the garden, and I shall remember it in her face, with such a dear little puppy it was!\' said Alice, surprised at this, that she was.','All on a summer day: The Knave shook his head contemptuously. \'I dare say there may be different,\'.','1989-09-24 16:28:30','2017-04-23 01:57:37'),
('166','166','166','5','Nesciunt doloribus et est expedita.','I will just explain to you how it was all dark overhead; before her was another puzzling question; and as it happens; and if the Queen to play.','First, because I\'m on the back. At last the Caterpillar seemed to listen, the whole thing very.','1995-04-09 11:48:29','2006-08-31 10:41:18'),
('167','167','167','7','Eligendi sed optio maiores.','Mock Turtle in a great hurry; \'and their names were Elsie, Lacie, and Tillie; and they all quarrel so dreadfully one can\'t hear oneself speak--and.','Alice crouched down among the branches, and every now and then I\'ll tell you just now what the.','2000-09-26 20:45:30','2000-06-29 15:07:52'),
('168','168','168','9','Ea quia ab eligendi molestiae ducimus.','Alice. \'I\'ve tried the roots of trees, and I\'ve tried to say whether the blows hurt it or not. \'Oh, PLEASE mind what you\'re doing!\' cried Alice,.','Rabbit\'s--\'Pat! Pat! Where are you?\' said Alice, as she could. \'The game\'s going on shrinking.','1994-05-13 15:51:00','2011-07-15 20:19:12'),
('169','169','169','3','Fugiat veritatis sint consequatur tenetur.','Zealand or Australia?\' (and she tried another question. \'What sort of knot, and then hurried on, Alice started to her usual height. It was all dark.','March Hare, who had been anxiously looking across the garden, and marked, with one foot. \'Get up!\'.','2019-01-01 10:24:29','2007-07-07 00:49:00'),
('170','170','170','6','Atque error repellat quis hic animi.','Alice sadly. \'Hand it over here,\' said the Cat. \'Do you take me for a good deal on where you want to stay with it as to size,\' Alice hastily.','I am! But I\'d better take him his fan and gloves, and, as a partner!\' cried the Mouse, getting up.','1996-06-22 09:37:50','2003-08-10 02:23:10'),
('171','171','171','9','Sed facilis voluptatum explicabo.','YOU sing,\' said the Mock Turtle: \'why, if a dish or kettle had been would have this cat removed!\' The Queen had never been in a minute or two, they.','Some of the edge with each hand. \'And now which is which?\' she said to herself, rather sharply; \'I.','1976-05-10 23:30:58','1976-06-17 08:36:39'),
('172','172','172','7','Itaque at voluptate sequi sint quis.','Alice did not at all the rest of the tea--\' \'The twinkling of the table. \'Nothing can be clearer than THAT. Then again--\"BEFORE SHE HAD THIS FIT--\".','Alice as it can talk: at any rate: go and take it away!\' There was exactly one a-piece all round..','1986-08-25 11:17:01','2009-10-13 16:10:18'),
('173','173','173','5','Sunt dolores atque iure.','The Queen turned angrily away from him, and very neatly and simply arranged; the only one way of escape, and wondering what to say \"HOW DOTH THE.','HE taught us Drawling, Stretching, and Fainting in Coils.\' \'What was that?\' inquired Alice..','2010-11-16 21:09:58','2014-07-27 06:56:38'),
('174','174','174','7','In dolore sit quis sed omnis rerum.','This did not see anything that had fallen into a large cat which was immediately suppressed by the hand, it hurried off, without waiting for turns,.','As they walked off together, Alice heard the Queen till she was not otherwise than what you like,\'.','1977-01-05 09:09:15','1971-04-27 09:20:41'),
('175','175','175','7','Iure dolore tempore voluptatem quibusdam dolorem a','I wonder?\' Alice guessed in a long, low hall, which was the Rabbit hastily interrupted. \'There\'s a great deal too far off to trouble myself about.','This question the Dodo solemnly presented the thimble, saying \'We beg your pardon!\' said the Duck..','2019-01-21 23:32:59','1974-01-02 12:51:51'),
('176','176','176','9','Maiores vitae aut voluptatem et.','And the Gryphon hastily. \'Go on with the Lory, as soon as she tucked it away under her arm, that it was only sobbing,\' she thought, \'it\'s sure to.','Alice turned and came back again. \'Keep your temper,\' said the Cat: \'we\'re all mad here. I\'m mad..','1996-12-31 05:48:32','1986-02-22 04:17:09'),
('177','177','177','8','Praesentium qui fugit omnis fuga mollitia.','And she kept fanning herself all the children she knew that it was labelled \'ORANGE MARMALADE\', but to get rather sleepy, and went on at last, and.','I shall fall right THROUGH the earth! How funny it\'ll seem, sending presents to one\'s own feet!.','2010-02-08 01:52:31','2001-12-16 16:19:37'),
('178','178','178','4','Delectus qui eaque quae quis harum.','Mock Turtle. \'No, no! The adventures first,\' said the Dormouse; \'--well in.\' This answer so confused poor Alice, \'to pretend to be two people. \'But.','CAN I have to whisper a hint to Time, and round Alice, every now and then the Rabbit\'s little.','1990-04-02 15:40:15','2005-03-17 18:08:22'),
('179','179','179','6','Sit animi quod tempora.','I have to beat them off, and found quite a chorus of voices asked. \'Why, SHE, of course,\' he said do. Alice looked at Alice, as she could, for the.','I said \"What for?\"\' \'She boxed the Queen\'s hedgehog just now, only it ran away when it grunted.','1992-02-13 03:30:57','1982-06-21 20:19:41'),
('180','180','180','9','Unde numquam inventore numquam ab reprehenderit.','It was opened by another footman in livery came running out of sight; and an Eaglet, and several other curious creatures. Alice led the way, was the.','Alice; \'that\'s not at all what had become of it; so, after hunting all about as it turned round.','1975-03-14 10:34:18','2015-08-03 02:00:47'),
('181','181','181','10','Culpa deleniti quis est fugit repellat.','There seemed to Alice for some time without hearing anything more: at last came a little quicker. \'What a curious plan!\' exclaimed Alice. \'That\'s.','Alice. \'Of course twinkling begins with a smile. There was a bright idea came into Alice\'s.','2012-05-10 14:46:24','1986-08-29 18:54:36'),
('182','182','182','10','Labore ab quis corporis voluptas.','I mean what I like\"!\' \'You might just as I was thinking I should think!\' (Dinah was the Cat in a very long silence, broken only by an occasional.','Hatter said, tossing his head off outside,\' the Queen ordering off her knowledge, as there seemed.','2003-12-28 23:00:28','2013-06-22 11:32:13'),
('183','183','183','7','Quos qui dolores enim.','Alice. \'Come on, then,\' said the Caterpillar. Here was another long passage, and the poor little thing sat down in a voice she had nibbled some more.','Mock Turtle angrily: \'really you are very dull!\' \'You ought to have the experiment tried. \'Very.','1991-04-07 17:01:44','1999-03-05 14:59:00'),
('184','184','184','7','Hic adipisci nulla est soluta.','WILL do next! As for pulling me out of a tree. By the time they were gardeners, or soldiers, or courtiers, or three pairs of tiny white kid gloves.','I\'d hardly finished the first position in dancing.\' Alice said; \'there\'s a large mustard-mine near.','1995-12-01 17:26:28','1970-06-16 13:19:54'),
('185','185','185','10','Quasi est illo voluptas.','Duchess was sitting on a little while, however, she went on in these words: \'Yes, we went to the table for it, while the rest of the lefthand bit of.','Normans--\" How are you getting on now, my dear?\' it continued, turning to the Mock Turtle: \'crumbs.','2011-03-15 16:27:22','1989-12-29 05:32:54'),
('186','186','186','4','Ut quam voluptates eaque qui.','Uglification, and Derision.\' \'I never saw one, or heard of one,\' said Alice, swallowing down her anger as well as she said to herself, \'Which way?.','Alice had been would have this cat removed!\' The Queen turned crimson with fury, and, after.','2017-04-25 02:50:36','1984-02-15 01:55:08'),
('187','187','187','5','Consequatur impedit dolore eligendi blanditiis qui','The jury all wrote down on their slates, \'SHE doesn\'t believe there\'s an atom of meaning in it,\' but none of YOUR business, Two!\' said Seven. \'Yes,.','I\'m mad?\' said Alice. The poor little thing howled so, that Alice had never before seen a rabbit.','1985-04-17 07:47:21','1975-08-01 04:25:34'),
('188','188','188','7','Atque dolorem animi magnam id quia.','HIS time of life. The King\'s argument was, that anything that looked like the largest telescope that ever was! Good-bye, feet!\' (for when she had.','ARE OLD, FATHER WILLIAM,\' to the confused clamour of the words did not like to drop the jar for.','2017-04-14 19:02:57','1970-10-29 05:19:30'),
('189','189','189','7','Dolorem labore facere quo non eum iure.','All the time at the window, and some \'unimportant.\' Alice could think of anything to put the Lizard as she added, \'and the moral of that is--\"Birds.','She was walking by the prisoner to--to somebody.\' \'It must have got altered.\' \'It is a long.','2011-05-19 21:22:46','1972-08-07 09:34:18'),
('190','190','190','8','Dicta veniam et provident.','Hatter: and in despair she put them into a butterfly, I should understand that better,\' Alice said nothing: she had peeped into the court, without.','Dormouse, without considering at all this grand procession, came THE KING AND QUEEN OF HEARTS..','1986-02-13 00:52:46','1976-06-29 16:41:01'),
('191','191','191','9','Quam delectus repellendus sunt.','There was nothing on it were white, but there were no arches left, and all that,\' he said in a whisper, half afraid that she was now only ten inches.','I don\'t take this child away with me,\' thought Alice, \'to pretend to be sure! However, everything.','1977-05-26 13:47:30','1984-07-29 10:04:23'),
('192','192','192','5','Error eos veritatis veniam repellendus.','Who ever saw one that size? Why, it fills the whole place around her became alive with the day of the crowd below, and there was no use their.','Mabel! I\'ll try and repeat \"\'TIS THE VOICE OF THE SLUGGARD,\"\' said the King. On this the White.','1984-07-11 21:31:24','2009-10-05 01:26:14'),
('193','193','193','5','Rerum et distinctio magni earum.','And beat him when he finds out who was peeping anxiously into her eyes--and still as she did not quite sure whether it was too slippery; and when.','Do you think you might knock, and I never understood what it might appear to others that what you.','2004-04-16 18:16:55','2010-11-07 12:36:15'),
('194','194','194','8','Facere dolores et inventore.','I don\'t know what they\'re about!\' \'Read them,\' said the Gryphon, sighing in his confusion he bit a large arm-chair at one corner of it: \'No room! No.','Mock Turtle sighed deeply, and began, in a tone of delight, and rushed at the Hatter, \'I cut some.','1974-10-28 02:38:22','1977-07-05 02:45:07'),
('195','195','195','4','Sit eum occaecati aspernatur.','Queen of Hearts, carrying the King\'s crown on a little recovered from the Queen to-day?\' \'I should like to hear it say, as it went. So she began.','Mind now!\' The poor little thing howled so, that Alice could think of nothing else to do, so Alice.','2006-05-05 15:17:38','2017-12-17 04:25:30'),
('196','196','196','10','Eum et at sit et.','Pigeon in a voice sometimes choked with sobs, to sing \"Twinkle, twinkle, little bat! How I wonder what I like\"!\' \'You might just as I\'d taken the.','The door led right into a small passage, not much surprised at her feet as the large birds.','2017-06-04 14:32:34','2012-12-27 03:37:11'),
('197','197','197','10','Id laborum qui eum tenetur quam id.','HIS time of life. The King\'s argument was, that she could get to the jury, in a tone of the way out of it, and yet it was very fond of pretending to.','White Rabbit: it was in managing her flamingo: she succeeded in bringing herself down to nine.','2017-05-27 21:43:41','1994-01-08 03:33:25'),
('198','198','198','10','Eius repellendus reiciendis id perferendis.','Alice, (she had grown to her head, and she went in search of her sister, as well as she could remember about ravens and writing-desks, which wasn\'t.','Owl, as a partner!\' cried the Mouse, frowning, but very politely: \'Did you speak?\' \'Not I!\' said.','2010-09-30 09:09:11','2003-04-21 18:07:52'),
('199','199','199','7','A voluptatum est dignissimos suscipit.','Gryphon: and it sat down and looked into its face to see that the Gryphon in an offended tone, \'so I can\'t quite follow it as far down the chimney.','Alice, very much what would happen next. First, she tried the roots of trees, and I\'ve tried.','1983-07-25 17:15:16','1991-12-29 14:22:08'),
('200','200','200','7','Dolorem quaerat nobis amet aliquam fugiat illum.','And oh, my poor little feet, I wonder what you\'re talking about,\' said Alice. \'That\'s the judge,\' she said to one of them were animals, and some.','But she went on, without attending to her; \'but those serpents! There\'s no pleasing them!\' Alice.','1971-07-05 06:39:10','1992-06-21 23:15:16'); 


DROP TABLE IF EXISTS `room_types`;
CREATE TABLE `room_types` (
  `id` smallint(5) unsigned NOT NULL AUTO_INCREMENT,
  `room_type` varchar(50) COLLATE utf8_unicode_ci DEFAULT NULL,
  `max_sleeps` tinyint(4) DEFAULT NULL,
  `room_size` tinyint(4) DEFAULT NULL,
  `room_facilities` set('bath','hower','toilet','heating','air_conditioning','TV','cable_internet','Wi-Fi','Telephone','kitchenette') COLLATE utf8_unicode_ci DEFAULT NULL,
  `bed_type_id` tinyint(3) unsigned NOT NULL,
  `smoke_allowed` bit(1) DEFAULT NULL,
  `created_at` datetime DEFAULT current_timestamp(),
  `updated_at` datetime DEFAULT NULL ON UPDATE current_timestamp(),
  UNIQUE KEY `id` (`id`),
  KEY `bed_type_id` (`bed_type_id`),
  KEY `room_type_idx` (`room_type`),
  CONSTRAINT `room_types_ibfk_1` FOREIGN KEY (`bed_type_id`) REFERENCES `bed_types` (`id`)
) ENGINE=InnoDB AUTO_INCREMENT=51 DEFAULT CHARSET=utf8 COLLATE=utf8_unicode_ci;

INSERT INTO `room_types` VALUES ('1','occaecati','2','39',NULL,'1','1','1986-03-12 08:40:26','2003-12-06 03:12:42'),
('2','magni','2','37',NULL,'2','0','1996-05-27 13:13:13','1974-04-02 02:29:35'),
('3','ut','3','36',NULL,'3','1','1999-01-19 20:18:30','1992-12-22 21:38:22'),
('4','pariatur','4','38',NULL,'4','0','1995-10-29 03:31:39','1970-06-02 09:34:55'),
('5','tempora','2','37',NULL,'5','0','1976-12-17 13:16:25','1989-06-27 09:50:06'),
('6','nisi','2','19',NULL,'6','1','2000-12-18 07:50:47','1995-06-02 06:06:53'),
('7','nobis','2','21',NULL,'1','0','2000-05-17 03:31:59','1997-03-23 08:06:58'),
('8','quia','4','40',NULL,'2','1','1976-08-03 03:29:25','1971-01-15 12:23:43'),
('9','vero','3','18',NULL,'3','1','1991-11-13 15:55:09','2015-10-27 07:29:50'),
('10','vel','3','39',NULL,'4','0','2003-03-02 02:12:52','1989-05-25 22:46:42'),
('11','autem','2','21',NULL,'5','1','1986-03-28 13:03:11','1986-09-03 16:15:09'),
('12','adipisci','2','34',NULL,'6','1','1988-06-20 13:06:53','2002-09-09 00:53:14'),
('13','inventore','3','10',NULL,'1','1','1971-10-08 14:13:23','1981-10-04 21:50:36'),
('14','possimus','4','12',NULL,'2','0','1974-05-11 21:29:27','2017-03-23 02:12:20'),
('15','non','2','17',NULL,'3','1','1998-03-04 13:03:17','2009-04-03 02:22:43'),
('16','velit','4','30',NULL,'4','1','1987-12-08 03:13:02','2003-09-09 15:18:38'),
('17','quibusdam','2','17',NULL,'5','0','2010-04-18 06:33:47','1970-08-13 04:51:53'),
('18','pariatur','3','11',NULL,'6','0','2011-12-25 06:41:26','1989-11-18 07:03:50'),
('19','culpa','4','15',NULL,'1','1','1976-06-11 12:13:27','1974-11-22 09:11:53'),
('20','sint','4','38',NULL,'2','1','1997-01-24 23:36:00','1981-12-29 11:23:09'),
('21','sit','3','27',NULL,'3','1','2013-07-22 14:40:58','2001-04-05 15:07:44'),
('22','culpa','2','34',NULL,'4','0','1985-12-08 16:02:28','1981-04-26 15:02:21'),
('23','magnam','4','16',NULL,'5','1','1997-04-04 19:22:40','1978-01-30 23:25:47'),
('24','tempora','2','33',NULL,'6','1','2007-08-06 16:21:08','1992-01-13 08:51:39'),
('25','aut','4','12',NULL,'1','0','2012-04-23 22:41:55','1979-04-08 07:04:23'),
('26','laboriosam','2','39',NULL,'2','0','1972-09-19 02:03:33','1993-06-16 07:28:14'),
('27','sint','3','39',NULL,'3','1','2015-11-13 19:26:01','2014-05-05 07:36:20'),
('28','delectus','4','27',NULL,'4','0','1978-03-02 03:26:18','2005-06-27 18:50:06'),
('29','inventore','4','38',NULL,'5','1','1972-08-20 08:46:16','1971-12-15 15:50:05'),
('30','ut','1','38',NULL,'6','0','1985-02-25 05:23:51','1988-05-01 10:01:43'),
('31','et','4','30',NULL,'1','1','1989-05-22 06:08:30','2012-01-05 06:24:05'),
('32','corrupti','2','10',NULL,'2','0','1976-08-26 01:26:43','1975-09-20 00:55:51'),
('33','et','1','19',NULL,'3','1','1996-02-15 17:06:04','1984-04-16 01:01:30'),
('34','blanditiis','1','15',NULL,'4','0','2007-07-26 14:27:01','1970-12-13 03:29:50'),
('35','quasi','2','13',NULL,'5','0','2006-07-14 19:42:16','1997-07-05 02:41:41'),
('36','in','2','33',NULL,'6','1','2004-01-10 14:48:22','1973-09-25 22:40:24'),
('37','ullam','4','28',NULL,'1','1','1987-04-04 11:56:26','1997-11-14 12:40:55'),
('38','sunt','4','40',NULL,'2','0','2017-11-14 03:03:30','2002-01-14 02:27:51'),
('39','soluta','4','17',NULL,'3','0','1981-04-16 00:34:21','2019-12-30 18:02:27'),
('40','aut','1','13',NULL,'4','0','2013-08-02 21:36:41','1990-04-14 20:35:56'),
('41','ut','3','35',NULL,'5','0','1990-02-05 04:57:31','1986-02-02 00:55:46'),
('42','at','4','31',NULL,'6','1','1989-06-11 03:47:10','2003-11-07 12:10:28'),
('43','distinctio','3','16',NULL,'1','0','1992-09-15 10:07:47','2003-07-11 15:36:05'),
('44','nisi','1','31',NULL,'2','0','2012-08-25 10:11:57','2014-03-25 17:04:34'),
('45','sit','2','19',NULL,'3','0','2008-09-18 04:59:32','1994-09-11 19:36:53'),
('46','ab','1','34',NULL,'4','1','2019-09-19 18:10:10','1978-06-25 21:30:56'),
('47','at','1','10',NULL,'5','0','1972-12-12 02:19:18','2004-09-01 08:57:51'),
('48','aut','4','36',NULL,'6','0','1990-07-10 21:23:00','2009-12-20 05:30:14'),
('49','perferendis','1','37',NULL,'1','1','1973-03-21 23:07:46','1988-04-29 02:01:49'),
('50','et','4','32',NULL,'2','1','1989-07-21 06:55:55','2015-11-03 08:13:07'); 


DROP TABLE IF EXISTS `settings`;
CREATE TABLE `settings` (
  `id` bigint(20) unsigned NOT NULL AUTO_INCREMENT,
  `user_id` bigint(20) unsigned NOT NULL,
  `preferred_card_types_id` tinyint(3) unsigned NOT NULL,
  `smoking_preference` enum('yes','no') COLLATE utf8_unicode_ci DEFAULT NULL,
  `reservation_emails_id` bigint(20) unsigned NOT NULL,
  `newsletter_preferences_id` bigint(20) unsigned NOT NULL,
  UNIQUE KEY `id` (`id`),
  KEY `user_id` (`user_id`),
  KEY `preferred_card_types_id` (`preferred_card_types_id`),
  KEY `reservation_emails_id` (`reservation_emails_id`),
  KEY `newsletter_preferences_id` (`newsletter_preferences_id`),
  CONSTRAINT `settings_ibfk_1` FOREIGN KEY (`user_id`) REFERENCES `users` (`id`),
  CONSTRAINT `settings_ibfk_2` FOREIGN KEY (`preferred_card_types_id`) REFERENCES `payment_card_types` (`id`),
  CONSTRAINT `settings_ibfk_3` FOREIGN KEY (`reservation_emails_id`) REFERENCES `reservation_emails` (`id`),
  CONSTRAINT `settings_ibfk_4` FOREIGN KEY (`newsletter_preferences_id`) REFERENCES `newsletter_preferences` (`id`)
) ENGINE=InnoDB AUTO_INCREMENT=201 DEFAULT CHARSET=utf8 COLLATE=utf8_unicode_ci;

INSERT INTO `settings` VALUES ('1','1','1','yes','1','1'),
('2','2','2','yes','2','2'),
('3','3','3','yes','3','3'),
('4','4','4','no','4','4'),
('5','5','5','yes','5','5'),
('6','6','6','no','6','6'),
('7','7','7','yes','7','7'),
('8','8','1','no','8','8'),
('9','9','2','no','9','9'),
('10','10','3','yes','10','10'),
('11','11','4','no','11','11'),
('12','12','5','yes','12','12'),
('13','13','6','no','13','13'),
('14','14','7','no','14','14'),
('15','15','1','yes','15','15'),
('16','16','2','yes','16','16'),
('17','17','3','yes','17','17'),
('18','18','4','no','18','18'),
('19','19','5','no','19','19'),
('20','20','6','yes','20','20'),
('21','21','7','no','21','21'),
('22','22','1','no','22','22'),
('23','23','2','no','23','23'),
('24','24','3','no','24','24'),
('25','25','4','yes','25','25'),
('26','26','5','no','26','26'),
('27','27','6','yes','27','27'),
('28','28','7','yes','28','28'),
('29','29','1','yes','29','29'),
('30','30','2','yes','30','30'),
('31','31','3','yes','31','31'),
('32','32','4','no','32','32'),
('33','33','5','no','33','33'),
('34','34','6','no','34','34'),
('35','35','7','no','35','35'),
('36','36','1','yes','36','36'),
('37','37','2','no','37','37'),
('38','38','3','no','38','38'),
('39','39','4','yes','39','39'),
('40','40','5','no','40','40'),
('41','41','6','no','41','41'),
('42','42','7','yes','42','42'),
('43','43','1','no','43','43'),
('44','44','2','yes','44','44'),
('45','45','3','no','45','45'),
('46','46','4','yes','46','46'),
('47','47','5','yes','47','47'),
('48','48','6','yes','48','48'),
('49','49','7','no','49','49'),
('50','50','1','no','50','50'),
('51','51','2','no','51','51'),
('52','52','3','yes','52','52'),
('53','53','4','no','53','53'),
('54','54','5','no','54','54'),
('55','55','6','yes','55','55'),
('56','56','7','yes','56','56'),
('57','57','1','no','57','57'),
('58','58','2','no','58','58'),
('59','59','3','no','59','59'),
('60','60','4','yes','60','60'),
('61','61','5','no','61','61'),
('62','62','6','no','62','62'),
('63','63','7','no','63','63'),
('64','64','1','yes','64','64'),
('65','65','2','yes','65','65'),
('66','66','3','yes','66','66'),
('67','67','4','no','67','67'),
('68','68','5','no','68','68'),
('69','69','6','yes','69','69'),
('70','70','7','yes','70','70'),
('71','71','1','yes','71','71'),
('72','72','2','no','72','72'),
('73','73','3','no','73','73'),
('74','74','4','yes','74','74'),
('75','75','5','yes','75','75'),
('76','76','6','yes','76','76'),
('77','77','7','yes','77','77'),
('78','78','1','no','78','78'),
('79','79','2','yes','79','79'),
('80','80','3','yes','80','80'),
('81','81','4','no','81','81'),
('82','82','5','yes','82','82'),
('83','83','6','yes','83','83'),
('84','84','7','yes','84','84'),
('85','85','1','no','85','85'),
('86','86','2','yes','86','86'),
('87','87','3','yes','87','87'),
('88','88','4','yes','88','88'),
('89','89','5','no','89','89'),
('90','90','6','yes','90','90'),
('91','91','7','no','91','91'),
('92','92','1','no','92','92'),
('93','93','2','yes','93','93'),
('94','94','3','no','94','94'),
('95','95','4','yes','95','95'),
('96','96','5','no','96','96'),
('97','97','6','no','97','97'),
('98','98','7','yes','98','98'),
('99','99','1','yes','99','99'),
('100','100','2','yes','100','100'),
('101','101','3','no','101','101'),
('102','102','4','yes','102','102'),
('103','103','5','no','103','103'),
('104','104','6','yes','104','104'),
('105','105','7','no','105','105'),
('106','106','1','yes','106','106'),
('107','107','2','no','107','107'),
('108','108','3','no','108','108'),
('109','109','4','yes','109','109'),
('110','110','5','yes','110','110'),
('111','111','6','yes','111','111'),
('112','112','7','yes','112','112'),
('113','113','1','no','113','113'),
('114','114','2','yes','114','114'),
('115','115','3','yes','115','115'),
('116','116','4','no','116','116'),
('117','117','5','yes','117','117'),
('118','118','6','no','118','118'),
('119','119','7','yes','119','119'),
('120','120','1','no','120','120'),
('121','121','2','yes','121','121'),
('122','122','3','yes','122','122'),
('123','123','4','no','123','123'),
('124','124','5','no','124','124'),
('125','125','6','yes','125','125'),
('126','126','7','no','126','126'),
('127','127','1','no','127','127'),
('128','128','2','no','128','128'),
('129','129','3','yes','129','129'),
('130','130','4','no','130','130'),
('131','131','5','no','131','131'),
('132','132','6','no','132','132'),
('133','133','7','no','133','133'),
('134','134','1','no','134','134'),
('135','135','2','yes','135','135'),
('136','136','3','no','136','136'),
('137','137','4','no','137','137'),
('138','138','5','yes','138','138'),
('139','139','6','yes','139','139'),
('140','140','7','no','140','140'),
('141','141','1','no','141','141'),
('142','142','2','no','142','142'),
('143','143','3','yes','143','143'),
('144','144','4','no','144','144'),
('145','145','5','no','145','145'),
('146','146','6','yes','146','146'),
('147','147','7','no','147','147'),
('148','148','1','yes','148','148'),
('149','149','2','yes','149','149'),
('150','150','3','no','150','150'),
('151','151','4','yes','1','1'),
('152','152','5','no','2','2'),
('153','153','6','yes','3','3'),
('154','154','7','no','4','4'),
('155','155','1','no','5','5'),
('156','156','2','no','6','6'),
('157','157','3','yes','7','7'),
('158','158','4','yes','8','8'),
('159','159','5','no','9','9'),
('160','160','6','no','10','10'),
('161','161','7','yes','11','11'),
('162','162','1','yes','12','12'),
('163','163','2','yes','13','13'),
('164','164','3','no','14','14'),
('165','165','4','yes','15','15'),
('166','166','5','no','16','16'),
('167','167','6','yes','17','17'),
('168','168','7','yes','18','18'),
('169','169','1','no','19','19'),
('170','170','2','yes','20','20'),
('171','171','3','yes','21','21'),
('172','172','4','yes','22','22'),
('173','173','5','yes','23','23'),
('174','174','6','yes','24','24'),
('175','175','7','yes','25','25'),
('176','176','1','yes','26','26'),
('177','177','2','yes','27','27'),
('178','178','3','yes','28','28'),
('179','179','4','yes','29','29'),
('180','180','5','no','30','30'),
('181','181','6','yes','31','31'),
('182','182','7','yes','32','32'),
('183','183','1','yes','33','33'),
('184','184','2','no','34','34'),
('185','185','3','no','35','35'),
('186','186','4','no','36','36'),
('187','187','5','no','37','37'),
('188','188','6','yes','38','38'),
('189','189','7','yes','39','39'),
('190','190','1','no','40','40'),
('191','191','2','yes','41','41'),
('192','192','3','no','42','42'),
('193','193','4','yes','43','43'),
('194','194','5','no','44','44'),
('195','195','6','no','45','45'),
('196','196','7','yes','46','46'),
('197','197','1','no','47','47'),
('198','198','2','no','48','48'),
('199','199','3','no','49','49'),
('200','200','4','no','50','50'); 


DROP TABLE IF EXISTS `users`;
CREATE TABLE `users` (
  `id` bigint(20) unsigned NOT NULL AUTO_INCREMENT,
  `firstname` varchar(50) COLLATE utf8_unicode_ci DEFAULT NULL,
  `lastname` varchar(50) COLLATE utf8_unicode_ci DEFAULT NULL,
  `email` varchar(120) COLLATE utf8_unicode_ci DEFAULT NULL,
  `password_hash` varchar(100) COLLATE utf8_unicode_ci DEFAULT NULL,
  `phone` bigint(20) unsigned DEFAULT NULL,
  `gender` char(1) COLLATE utf8_unicode_ci DEFAULT NULL,
  `property_owner` bit(1) DEFAULT NULL,
  `created_at` datetime DEFAULT current_timestamp(),
  `updated_at` datetime DEFAULT NULL ON UPDATE current_timestamp(),
  PRIMARY KEY (`id`),
  UNIQUE KEY `email` (`email`),
  UNIQUE KEY `phone` (`phone`),
  KEY `users_firstname_lastname_idx` (`firstname`,`lastname`),
  KEY `users_lastname_firstname_idx` (`lastname`,`firstname`)
) ENGINE=InnoDB AUTO_INCREMENT=1001 DEFAULT CHARSET=utf8 COLLATE=utf8_unicode_ci COMMENT='';

INSERT INTO `users` VALUES ('1','Jermaine','Lind','qswift@example.org','1bf7ad7f9a5e31cb860b27606c15107f979db98d','94997701938',NULL,'0','1994-01-11 14:16:36','1992-07-12 14:58:10'),
('2','Lexus','Langworth','gbailey@example.org','a5943e090a23e6177c70f03bfa92cb403afef1b8','28057501632',NULL,'1','1976-10-24 06:26:13','1980-11-07 12:39:22'),
('3','Rollin','Spencer','breynolds@example.com','80fca78088afed4a3d1334df2155e1b2fa11b344','97489651809',NULL,'0','2005-11-17 09:31:28','2020-07-25 08:37:58'),
('4','Ari','McCullough','kuphal.lessie@example.org','206d33486e2d9b4becb9579ef6cd1b97638afc59','11985722566',NULL,'1','1981-02-23 04:36:46','1971-12-12 01:23:16'),
('5','Juston','Hegmann','ilang@example.com','3c6ff1848fac96d061c174c69ce008631633a961','44729145849',NULL,'0','1980-08-29 00:27:02','1987-04-17 01:23:51'),
('6','Dorothea','Schuster','godfrey.kertzmann@example.com','2fa2348ff0c4cbf94a65dc1af457ce8f4cbd3527','87340381396',NULL,'0','2005-01-20 20:37:28','1988-07-01 12:50:00'),
('7','Kenya','Ebert','einar.upton@example.net','45ff3674b26966c32d52ee978f3f480f8f2e6e1e','87193437833',NULL,'1','1997-04-08 04:09:57','2015-08-05 17:18:25'),
('8','Emelia','Hegmann','nconnelly@example.org','d3fba00b008a68f9d07743fb288014bf2f2b1b47','39675382776',NULL,'1','1984-03-03 17:00:24','1972-01-04 19:31:18'),
('9','Meggie','Bosco','skiles.jonatan@example.net','cf38bea69dc03489130c89dab0ff01089567f65b','29146204488',NULL,'1','2000-05-18 11:46:15','1989-09-19 10:41:42'),
('10','Finn','Runolfsdottir','deckow.kristoffer@example.com','2163ad6f7adbce2e0e291651eca211f08fb73752','66816144208',NULL,'0','1971-05-12 18:37:27','1972-02-03 15:35:16'),
('11','Isobel','Simonis','delores.beahan@example.net','e3f62874005dc87522c32833fdde9e368d408c1e','87575583676',NULL,'0','1970-01-21 19:58:54','1973-02-22 12:38:25'),
('12','Maegan','Heathcote','henry12@example.org','7dc2c0e7d9be5582e2cdf19eea90e6cd9b0d9e8f','75370023413',NULL,'0','2002-09-27 22:43:54','1995-08-28 10:22:11'),
('13','Raul','Klocko','osvaldo57@example.net','4de94b4597ce538bc91bb53f686ed46c0d8b7c3f','16905353479',NULL,'0','2020-06-04 10:46:07','2007-02-23 14:31:25'),
('14','Jennings','Morar','urolfson@example.org','8a9146c804d1ab5a1ce50a9978d8f7db2d7b2341','40770598831',NULL,'1','1972-07-13 19:20:15','1972-04-14 07:20:52'),
('15','Addison','Hoppe','daniel.else@example.com','a59e88c0aa733385dbd5340e7045ffd6ea4585e0','75384220429',NULL,'0','1970-11-16 07:17:05','1992-04-09 10:14:23'),
('16','Blaise','Von','gia46@example.com','6272943f7619f6573fe9d85789e20d2c18c0ccfa','75940972673',NULL,'1','2014-08-15 12:13:35','2003-11-12 14:08:04'),
('17','Arnold','Green','powlowski.vivianne@example.org','564c9875b2ca5f2f81f4569b26f3c6f2142b622f','95138441091',NULL,'1','2008-08-17 06:25:36','1999-12-05 23:41:06'),
('18','Kayla','Marquardt','fdaniel@example.com','c06c3ff7fadecff51ea479c359e95862b2062de4','14932088432',NULL,'1','2019-03-27 03:03:46','1985-03-01 21:59:20'),
('19','Malinda','Schmidt','anastacio74@example.com','4a1b11e03bb7aa4f7f5044f14d66303945e249ea','53285800595',NULL,'1','2001-01-02 15:29:16','1993-04-05 03:57:05'),
('20','Hardy','Will','jacquelyn63@example.com','05927b39e4566961d2a5613cb9bdca81130a06e1','58079626979',NULL,'1','1999-10-06 03:40:55','1982-11-26 04:04:16'),
('21','Laverna','Kling','rsawayn@example.net','b0641f8b482e0e063fdd71d1484c36c260001e9e','98679588316',NULL,'1','2010-09-15 20:11:16','2017-01-28 14:22:56'),
('22','Joana','Block','omacejkovic@example.net','929d35584908041e28b8e5afade9dc39391783d6','22881455393',NULL,'0','2019-10-20 15:10:52','2013-12-20 07:42:55'),
('23','Ariane','Dickinson','branson.miller@example.net','9d62300ac1c4084c38190f966e41916ea95b2271','73954607718',NULL,'1','1975-09-28 13:56:19','1995-05-11 18:30:39'),
('24','Mabel','Schneider','koss.randal@example.com','ed851f2be2243c0ceb5cfeae0ae182caa2f971ad','54148098272',NULL,'1','2003-05-25 02:23:57','2010-05-16 09:16:52'),
('25','Erna','Hane','jo.brekke@example.org','3a6686ba47ec45b6fe15e10b6e849b05292383d0','59097849302',NULL,'0','1971-06-02 03:19:03','1989-12-06 11:14:25'),
('26','Orion','Lynch','lind.alia@example.com','080bba3a6d79bee08e88b5de6163a69b6c076478','32075493442',NULL,'0','1993-02-13 12:07:16','1993-04-05 14:31:32'),
('27','Judah','Paucek','murazik.billie@example.net','555482d41bc08e5b503a1e60a2e027d607cf9c35','74756469232',NULL,'1','1976-01-16 05:18:06','2000-12-29 18:03:27'),
('28','Murray','Wunsch','emiliano69@example.org','143f12f36b9b6a13345c9b149cd78d2306a0a4ae','96369580142',NULL,'1','1988-09-12 01:08:06','2005-03-02 21:51:55'),
('29','Lucy','Macejkovic','helga.armstrong@example.net','73179ff590f233fdda23a04cdbe8ff87e036b64a','40666730664',NULL,'0','1973-11-25 19:42:40','2011-10-28 07:07:58'),
('30','Candido','Christiansen','buckridge.fred@example.com','85f015dd91f483afd549e2fdc58ad608400a8456','47479168483',NULL,'1','2019-06-02 20:36:05','1974-04-23 19:43:56'),
('31','Stephania','Osinski','srunolfsdottir@example.org','2d69ddadba52fe182640266f80b17d1cf5d924ca','89249412356',NULL,'1','2017-07-15 20:36:43','2004-03-26 15:15:26'),
('32','Fabian','Barrows','marlen.schmeler@example.com','19aa1e636e066647a6ab486e3ed2e5836be23395','70530497259',NULL,'1','1973-01-14 02:56:52','2019-10-26 20:53:11'),
('33','Amos','Torp','rowe.camron@example.org','b00e2d7d1a3f352277a45d44ee6e903c9bf493d1','60428890078',NULL,'1','1981-02-18 00:39:54','1975-06-22 07:42:23'),
('34','Eldora','Pacocha','uklocko@example.org','89c7d5ff3600aaa3f193b535eacffd7dc65bef3f','41489172140',NULL,'1','1986-12-04 01:40:09','1998-07-17 08:34:50'),
('35','Esther','Gislason','rosalind61@example.net','171e1bdccef37a9857199ccf844b23613dad7de5','39845595676',NULL,'0','1980-06-28 18:13:42','1997-09-03 07:20:07'),
('36','Kelton','Schulist','dewayne74@example.org','77868069482026327dd5ca981de213d09e8c0e8d','22317145019',NULL,'1','2005-11-26 15:14:01','1997-05-25 23:04:01'),
('37','Alivia','Greenholt','billy.haag@example.com','e3318863582d76e14afdf646563bdb2ad24ed462','83617404289',NULL,'1','2002-05-13 20:59:29','1997-04-23 07:07:45'),
('38','Chadd','Morar','zkrajcik@example.org','66b448474661ffb2bca5a3068dba249c251dbc4b','72580969273',NULL,'1','1985-07-13 16:09:30','1984-07-06 13:57:39'),
('39','Ericka','Upton','tromp.kaitlin@example.org','d5260642427dd5aae9d24e83abcf2f07bfbb7930','28691103062',NULL,'0','2017-12-29 05:04:15','1977-01-25 13:12:23'),
('40','Laverne','Deckow','fay.leonor@example.net','db509a088b1eae29a4623990f49ec5eea5880e3e','42607749020',NULL,'0','2001-02-08 17:14:46','1980-07-04 23:10:53'),
('41','Keon','Smith','mante.eudora@example.org','bc8b16777a9b58aeffe6936b77fab50ea8aaaa43','84774877601',NULL,'0','1983-11-29 23:56:07','1990-02-18 20:28:10'),
('42','Hertha','Ebert','annie91@example.org','dd158a08ca6081cbf87790763b569965bf981269','29244619556',NULL,'0','1987-10-23 23:58:32','2015-09-16 05:40:24'),
('43','Marcelo','Kerluke','floyd24@example.org','fb2f00030c83e5bc8920a594f373b90727b5fd16','53638160424',NULL,'1','1999-10-08 17:44:52','1987-07-14 17:54:16'),
('44','Neal','Reichel','weston.turner@example.com','d3ed66d4ed48776250d4871e1cbdbdc796bff782','38221901128',NULL,'0','2016-03-26 22:53:01','1972-08-10 19:33:23'),
('45','Rossie','Conroy','jovanny.kub@example.com','fa0a3fce2d7b141e3ff0f90c18bdc8b3acf253c6','71206871792',NULL,'0','1994-11-22 05:06:32','1973-11-29 17:56:44'),
('46','Emmanuel','Walter','qgreen@example.com','947b6848fd3667a549d37085fb41620c9644d75f','14916974310',NULL,'1','1995-10-15 02:09:22','1998-11-10 20:26:46'),
('47','Verlie','Jenkins','bcummerata@example.com','2a68ee270e6ebeaf58f04aeba4b49f5f8ea41360','65057721002',NULL,'1','1995-09-07 04:07:23','2006-02-28 04:59:00'),
('48','Tressa','Wolf','catalina43@example.net','1854256854d3bf291f927c69cc297aef62704c14','31309519507',NULL,'1','2001-10-23 10:59:03','1979-01-17 14:38:43'),
('49','Concepcion','Gusikowski','simeon.abshire@example.com','c2b58edc7781e97a308b66be8381e1919fff5141','76583732129',NULL,'0','1999-05-10 20:13:00','1991-02-02 02:25:16'),
('50','Bo','Stokes','lempi.green@example.org','26cdc6fe9b489087a8b1d54a72ae01d511b192a1','42550351298',NULL,'0','2006-09-19 18:54:51','1971-11-19 20:34:12'),
('51','Kevin','Lind','graciela84@example.net','6bdd55ab3638f7d70eb002ddd73c8ec6dd39450f','72859273813',NULL,'0','1995-10-08 22:25:40','1998-11-08 02:11:37'),
('52','Art','Hoeger','davis.quincy@example.org','42004cb2dc1f6648e1569caf6c14509dbfacecf8','98054999862',NULL,'1','1978-01-01 18:03:51','1975-07-17 08:12:11'),
('53','Brennan','Schowalter','funk.julia@example.net','9e1b860ff47ddb6ffb7bfe93b26e8c6e9fa89633','24891507606',NULL,'0','2019-02-19 05:38:15','1980-11-26 00:36:14'),
('54','Scotty','Yundt','pkris@example.com','ccafccd2811f12bcf266f1395dd50a2d79b7f51f','72348421500',NULL,'0','1999-05-15 05:02:25','1979-09-16 07:07:37'),
('55','Tara','Stanton','qgleichner@example.com','b1c7fac5ebb45cd9ba2688a0ab25846e698b8bf6','45940966918',NULL,'1','1994-03-16 20:13:57','2008-01-28 09:52:53'),
('56','Darrell','Larson','crooks.pablo@example.net','92941f2dad3644584c526268faf172ba9799ab35','63837103755',NULL,'0','1978-11-02 13:08:17','1994-02-09 15:11:16'),
('57','Shemar','Davis','cyost@example.com','df7206c9458f793a0d35df367a4b12ad71208148','93997098333',NULL,'0','1976-08-14 07:44:06','2005-09-24 09:05:58'),
('58','Ludie','Jacobi','hills.dakota@example.org','7f2e56d535ec719ed21bc3e4cdd42bcfea94cfa0','37391264121',NULL,'1','2020-06-07 02:11:20','2012-07-29 18:34:51'),
('59','Demario','Harber','owill@example.net','847f74ea1e144a6ece18ab501ece36cb4509bfcb','23926767022',NULL,'1','1979-05-31 14:33:31','2010-01-26 01:40:57'),
('60','Dallin','White','abbey.hills@example.org','58a44bed222b5aeb43691aeb6609006c3e04452c','15577986324',NULL,'0','1984-08-05 00:25:43','2005-04-04 17:18:43'),
('61','Megane','Berge','al.dickens@example.com','1f6f6a0d3e1f484f41e063475845ad19dad1b97d','26051227268',NULL,'1','2012-12-15 14:18:34','1987-09-24 14:08:16'),
('62','Ozella','Tremblay','jerrod13@example.org','2bed88d7e017f734acd17bfc0e99b3448cb3c819','98322767429',NULL,'0','1990-03-19 00:43:20','1974-12-19 18:33:06'),
('63','Arne','Kris','o\'keefe.eula@example.com','290c91631a364922bf5fa1337a8938c7517cecdf','72179596852',NULL,'1','1994-08-29 15:39:15','1984-02-14 00:01:55'),
('64','Buster','Schaefer','botsford.aric@example.net','531daffe5a5bcbe4c982fa95265ca491b3ad80ac','21221721721',NULL,'1','2003-03-09 06:22:03','1988-01-01 01:06:44'),
('65','Waino','Kirlin','lorena17@example.org','c63c514de78ae961e28c160bfa044c86d1882a8a','85155180683',NULL,'1','1986-08-20 05:42:26','1971-06-22 23:15:09'),
('66','Korey','Gaylord','schiller.sabina@example.org','7e22012817705d44bbebb01e9c1940b2ac8e5b1d','21758762705',NULL,'0','1973-06-27 16:36:56','2018-10-13 06:26:07'),
('67','Kenyon','Rosenbaum','cruickshank.kiara@example.org','ddd712d83f72e103f31f244125d0e6c9a6b86cb1','94033456263',NULL,'1','2016-03-02 22:18:27','1993-04-27 17:52:31'),
('68','Annalise','Schinner','doyle.eulalia@example.net','a5468e1210ad3072619e0b9328f9785dec59198a','71264865635',NULL,'0','2005-03-18 20:50:31','1975-04-08 17:07:51'),
('69','Filiberto','Smith','kamille21@example.net','9b894fc1a65e14c0ba988c5c17915f951952d855','95251076770',NULL,'1','2004-12-30 16:48:06','2001-01-17 17:42:15'),
('70','Rebekah','Bode','bode.chasity@example.net','e678f6df18468aade836dcfec97ace667e5ddfc6','90058668218',NULL,'0','1986-01-05 01:28:07','1992-06-05 10:47:02'),
('71','Fay','Tremblay','dillan69@example.com','8a52e13a24e9807bc390a219d71b60bf04444033','53013830343',NULL,'1','2002-11-30 10:32:32','1976-11-03 22:39:04'),
('72','Seth','Berge','trantow.isom@example.com','179d1c5395bed56b7f148fe700cfa0f65c3ce19a','13396710394',NULL,'1','1974-12-01 06:15:08','1979-02-13 20:58:09'),
('73','Matt','Leuschke','kunze.wilhelmine@example.net','828f86460d16e5a337aaf4b294194cf8b07f1f8f','89032657304',NULL,'0','2015-02-21 00:34:17','1991-07-21 01:29:30'),
('74','Celine','Sipes','kessler.elmira@example.org','8120503151d78a9de5825dca2cd8c3a6c54eeff8','99638700536',NULL,'1','1996-09-25 04:33:11','1972-09-24 23:02:36'),
('75','Erika','Bode','merlin.cole@example.com','31304e2158d93a8f0e5e1cdbdc3d7543ff21fe10','36777346753',NULL,'0','1975-04-24 00:15:14','1978-11-06 22:03:00'),
('76','Ashlynn','Gibson','jordon.beahan@example.org','ec93203dcb42cdbd8ea6f98406775c3d266cb5cd','23012811844',NULL,'1','1970-08-09 21:05:55','2015-06-29 15:43:37'),
('77','Maureen','Ankunding','qbashirian@example.com','14180ce57eb3bc9e2747e0c57a26152dee04cf78','72109019551',NULL,'1','1986-02-01 20:30:28','1977-10-10 08:22:49'),
('78','Dessie','Miller','elenor.bechtelar@example.com','49e2f27dd204bc2d0cfbb1e5054e88be4d86a972','98589083207',NULL,'1','1988-02-22 17:18:32','1991-11-10 11:07:45'),
('79','Emil','Graham','sienna28@example.org','14d68143a68d6ca976ce85e0afd582e519fd3885','48874050402',NULL,'1','2000-01-25 17:17:08','2003-12-27 06:18:36'),
('80','Edna','Koss','wallace15@example.net','fefac8c198b9e38c22316561610bb47fc0dcce6e','42469892529',NULL,'0','1990-06-06 14:33:29','2009-09-10 13:51:27'),
('81','Deonte','Rempel','adrianna.koss@example.net','edddef0d48601c76f6b2c5372accd652d38d40f6','32794334595',NULL,'0','2006-04-02 11:08:14','1975-08-15 12:09:53'),
('82','Jovany','McGlynn','frami.kaylin@example.net','3052fcc65402f033099bfe3ce7e546fb1cdf977a','73549311771',NULL,'1','1981-10-31 16:02:03','2005-04-05 10:12:51'),
('83','Myron','Heller','hstehr@example.com','671588e95fc994a1f9287d65245ded54b56c3287','61577811040',NULL,'0','1981-10-16 10:00:37','1980-10-22 01:39:00'),
('84','Odell','Nikolaus','lemke.melvin@example.com','21f2a961938ba31ed92cb5a4e509ebcab68a7294','53478017835',NULL,'1','2002-07-16 21:12:36','2007-08-28 10:04:37'),
('85','Bud','Schultz','kuhlman.julius@example.com','da075851711e9a1859e4cda94229d7ea9f702216','98389020967',NULL,'0','2012-12-15 06:44:36','2003-04-14 15:01:52'),
('86','Kiarra','Mertz','julia80@example.org','af205d54304e4b999058bf1fb614a307ea8d3643','70389010650',NULL,'0','1997-01-25 21:49:29','1972-09-19 13:41:43'),
('87','Dominic','Stroman','kaelyn69@example.net','cd5dc34d5c802ab1391760a14e261942e79606c9','10437715766',NULL,'0','2009-08-18 04:35:27','1983-12-15 06:13:53'),
('88','Brent','Durgan','psenger@example.net','28770ff6e81691b82755cc9c065b6f440ae16b39','64924901658',NULL,'0','1991-04-28 12:50:24','1991-03-01 00:34:50'),
('89','Taylor','Runolfsson','hammes.jamel@example.com','c5d8720df5d24194885dbff1ddb5dfd33c1de0e5','74692167001',NULL,'0','1987-05-03 13:27:31','2000-08-21 14:43:07'),
('90','Monserrate','Wilderman','stanton.brandy@example.com','6bd6870c0821d2f48c247198a0cd7bea9e486b81','82313471846',NULL,'0','2016-12-28 03:24:33','1994-05-22 07:09:05'),
('91','Raleigh','Will','elody60@example.net','7803031b475c348934c7d39974d307bafeecc7cb','21839317949',NULL,'0','1998-03-25 19:03:18','1989-12-08 18:26:49'),
('92','Florida','White','carter.serena@example.net','a05a3b0ed548a7e6a877a55b807c9375285a32e8','81269743978',NULL,'1','1998-01-19 01:50:01','1980-02-03 10:47:01'),
('93','Uriel','Olson','darrick.weimann@example.net','4b1232539db089704862a4fff42ee20b72dbf63e','87576820678',NULL,'0','2012-05-03 16:21:25','2001-12-09 04:14:08'),
('94','Cordie','Leffler','greenholt.reinhold@example.org','ba7d9a05c9c504968bd8fcfeadf1ed7b92e28e80','23344202917',NULL,'0','2010-08-30 20:27:22','1983-05-10 03:15:17'),
('95','Reta','Wiza','skiles.art@example.net','b47dcc2ec3eb0b682dec98fbdaed045957b0cc5b','28425994655',NULL,'1','1983-03-03 23:36:39','2006-06-03 16:45:10'),
('96','Roxanne','Bartell','minnie87@example.net','f09ff1437c9ce49dce2434cd85ab50f267f2beca','30475949002',NULL,'1','1972-07-03 23:35:25','1999-01-11 05:31:38'),
('97','Karli','Crona','oran.wilderman@example.net','f33e1493dc46b0247a5e53d3ebf0c78e2caeaaeb','19776519215',NULL,'1','1998-03-04 21:44:46','2003-03-19 03:54:54'),
('98','Ressie','Jacobson','hector.zieme@example.org','32dcc2f933d7b5c92e19eadfdc413cd29d9a60b6','75024353349',NULL,'0','2012-09-20 12:56:50','1996-08-22 10:23:15'),
('99','Jarret','Jakubowski','rswift@example.com','630742707066e65e931fff2017248b95066f3da2','55825861836',NULL,'0','1970-04-25 22:31:30','1995-02-21 23:37:30'),
('100','Connor','Koelpin','lang.amparo@example.net','1a2c112a3ce4e5be09186c41b2fd627c77eec5b2','86541788992',NULL,'0','2005-12-16 12:27:37','1985-12-27 06:09:53'),
('101','Ellie','Yundt','pierce55@example.net','ef36f9246a439573d6acfbbd7b8cde608fbef10c','11594396778',NULL,'1','2006-08-01 20:36:01','2013-02-15 07:50:32'),
('102','Braeden','Stiedemann','mstark@example.net','672ebdd35a2f2b8bf4bbbb5b225d1b15db163213','65609493977',NULL,'1','1971-11-09 04:17:35','2019-10-02 18:31:18'),
('103','Hershel','Moore','muhammad37@example.com','a017d5fc397c173d1f169896b351af4576aa73be','29802153790',NULL,'0','2003-09-05 09:38:33','2013-06-26 01:31:04'),
('104','Shaylee','Dach','windler.madeline@example.net','bd51abd2d154cef934deec916c1c139d2ae968c9','94317657598',NULL,'0','1974-09-11 19:39:24','1988-03-01 04:05:23'),
('105','Alysa','Sanford','anastacio.mclaughlin@example.net','548434f2496957fb8344f4df3de7ad5241ba3f56','28989387964',NULL,'0','1999-12-17 00:32:59','1976-08-08 07:55:20'),
('106','Telly','Littel','cristopher23@example.com','064ca54d2649a2f89289d62b205c8943e7ec911f','94102427256',NULL,'1','1975-03-24 01:13:28','2016-02-04 01:46:55'),
('107','Eileen','Nolan','mayer.collin@example.org','78c2a689942277d1ce7eb6d02a9924d4c7016f40','46825289805',NULL,'0','2007-11-01 03:57:32','1990-10-02 06:26:19'),
('108','Joel','Johns','imacejkovic@example.com','071e45ee82176c4ebba60aab3893afee33133f06','50897810170',NULL,'0','2007-02-23 07:36:00','1971-11-14 16:39:43'),
('109','Fabiola','Feest','ofelia.gorczany@example.org','ad4bc5b836265d80d3d74b699e17ba2a4f98dc12','97054583970',NULL,'0','2018-09-09 08:21:55','1985-07-03 12:12:09'),
('110','Kirk','Hammes','gortiz@example.com','6f67d14be410649394f9f61c28dae1966d01fe22','21805912964',NULL,'1','1984-01-28 22:39:55','2014-10-30 00:56:26'),
('111','Green','VonRueden','fmorissette@example.org','ac5ac0eb26cdeae2e53fe58c3e21af13d0f5c623','66734870132',NULL,'0','1977-01-16 14:36:10','1984-08-08 15:17:15'),
('112','Myrtie','Haag','roosevelt09@example.com','31456207f75cdfc845b3e63490b7cffb3e779209','45439643613',NULL,'0','1985-08-07 03:23:21','1981-04-10 04:47:12'),
('113','Lila','Kilback','dkeeling@example.com','b3e05c9da773d4273991fa8873b0079353c8836b','53000698415',NULL,'0','2009-08-26 23:05:16','1987-05-26 04:04:30'),
('114','Calista','Dicki','mlegros@example.org','1babe7200582b58b729d661e68220df55fb66a2e','69509116844',NULL,'0','2014-02-08 00:25:34','1996-12-31 02:44:13'),
('115','Cleo','Wunsch','tconsidine@example.org','58de525b477f8565e241416a599722a9dc10dd7f','78904088893',NULL,'0','2013-05-01 21:22:29','2015-08-12 10:45:28'),
('116','Vivienne','Johnson','alvah59@example.net','503e62010d8e7c8de596e2ef8daf21adeee0989a','18582580559',NULL,'1','1989-03-24 18:15:16','2006-07-10 20:40:15'),
('117','Sophia','Block','susanna.conroy@example.com','7db27e1a60c24c4806395276f5061c86c622a418','21996446154',NULL,'0','1972-05-08 07:33:33','1988-02-29 17:27:39'),
('118','Edmund','Feil','kris.hilpert@example.com','f379470c84080ca97e983832ca4a608470f3b497','69047521958',NULL,'1','2000-03-20 08:04:45','1991-09-04 19:06:54'),
('119','Benny','Rippin','xander69@example.com','f48f93d30665e052afdcc2e4c29c82ad89966a84','49077124805',NULL,'0','1981-07-23 11:44:56','1985-02-09 14:49:42'),
('120','Davonte','O\'Keefe','arnold17@example.net','07b0d005bbd459a215ba537c9eec68f1dc545131','63628425421',NULL,'1','2001-07-07 09:29:49','1993-03-29 10:56:09'),
('121','Glenna','Franecki','mroob@example.com','b811b437bee5d28ba2e18dec9bf74a41177111d8','62697999970',NULL,'0','1974-12-30 06:23:04','1976-11-24 01:08:50'),
('122','Cordie','Cole','eusebio29@example.net','bcc2a74b64598e7a7941047811613d2cd3fb4684','78219905402',NULL,'0','2015-01-13 07:28:32','1997-12-10 00:34:56'),
('123','Joannie','Pouros','lschumm@example.org','3012cd8e473cc272160810eb206a127d5c2111e1','50031039030',NULL,'1','1971-01-23 05:07:47','2017-05-11 16:58:30'),
('124','Davin','Murphy','leola.heaney@example.com','202e952cb9b7cfc0c04f158460616ed1822f8808','63939088466',NULL,'1','2011-04-15 06:16:24','1999-02-16 05:42:37'),
('125','Colby','Jaskolski','marcelle.leuschke@example.com','18fd398fb2d983b480be1c3ac25ec1e1d9c23f38','39980455846',NULL,'0','1990-06-04 01:28:03','2008-11-26 10:05:27'),
('126','Guido','Jast','uheathcote@example.org','491cb68dcd5225e953ef28ce39c92c997142a5fb','66093609780',NULL,'0','2003-02-25 01:31:14','1974-12-22 11:30:29'),
('127','Mercedes','Kutch','quigley.webster@example.net','a37429c43d0ebd5a68df0ab762d32176fee83f9b','28691545836',NULL,'0','1978-04-16 16:14:01','2008-07-25 22:45:39'),
('128','Alessandra','McDermott','georgianna06@example.com','1559fa2012822fd7621b6882b2d1307c3c22ca1e','38089407254',NULL,'1','1977-11-28 11:45:02','1977-10-14 16:31:30'),
('129','Lonnie','Kris','abshire.jaime@example.net','2aaebf1dddce3fc9656dc1efc056beafbbad1473','75758911157',NULL,'1','2011-06-24 23:04:34','1973-05-02 00:42:20'),
('130','Lenny','Halvorson','ulangworth@example.com','5c1cfa8d45b01d6f714b98e5ebeb1dae23ba8090','77601839285',NULL,'0','1988-05-04 14:33:48','1979-01-23 10:13:14'),
('131','David','Nikolaus','annalise83@example.com','9976b973b2c345edccecace4c9ae17e136b9b630','55023736041',NULL,'1','1978-11-12 00:11:50','1982-05-03 21:56:10'),
('132','Victor','Cartwright','mkrajcik@example.com','5c0364ffa540fef4d31317470020884de2cb3e41','40060154418',NULL,'1','1992-10-14 05:16:35','1972-07-02 13:31:40'),
('133','Lavina','Luettgen','ireynolds@example.org','fbf142724fb554f29e5e24c9921c1018fa46283f','99702810612',NULL,'1','2005-07-24 14:33:44','2007-03-18 17:12:12'),
('134','Bethel','Stoltenberg','shields.cesar@example.net','efbcd365f46450ebff14b4b16269deb74a3cbd2c','29750911486',NULL,'0','1994-06-07 23:27:01','2020-05-19 16:48:21'),
('135','Dawn','Konopelski','tmedhurst@example.org','1d3bcd880b7852da39d43aefc413b4097ca4976a','29783580540',NULL,'1','2014-05-06 03:31:59','1979-05-14 02:10:58'),
('136','Gordon','Pouros','mcglynn.jimmie@example.org','e6f01cd3bf2a28e71dbac6eedccbd0ebf327e828','16121787563',NULL,'0','2020-04-02 13:51:00','1984-08-31 21:55:14'),
('137','Erika','Hills','polly.smith@example.com','c02e4f14701599b35e8278b554fc9b7093afe759','19336098022',NULL,'0','1978-11-26 14:04:16','1980-04-14 13:12:00'),
('138','Charles','Schmeler','elmer21@example.net','9a0f58e50add968ba8a1ce6dfd86b06a9ff3a0bf','17883323263',NULL,'0','1971-09-16 18:03:49','1976-03-01 02:12:55'),
('139','Elroy','Metz','beverly17@example.org','a4ba3afde5e5cdf29ff75718b0244a0bdc62c6f9','85597205501',NULL,'1','1998-03-18 04:55:02','1994-12-16 09:38:58'),
('140','Chanelle','Schneider','padberg.vivienne@example.net','182e426d9c2e113f7eef1f940357b7e3d19880f2','89229693217',NULL,'0','1978-03-28 07:19:47','2009-06-10 17:23:22'),
('141','Jake','Dibbert','schinner.april@example.com','a9efcfe469e9331928af70aa54a88f3d92b0666e','19946027449',NULL,'1','2004-05-23 22:30:38','1980-04-14 15:14:18'),
('142','Adriel','Purdy','hoppe.sheila@example.org','6687e73a031416ea5992599bd90da04e31ad527c','35012435158',NULL,'0','1973-10-04 22:05:29','1981-04-14 05:40:12'),
('143','Dallas','Spinka','iheathcote@example.net','3d8d945c9c3e37b64490836fb6f4318893e561e8','48037305586',NULL,'1','2000-09-03 22:27:39','1974-03-07 14:44:39'),
('144','Rosie','Bergnaum','white.jack@example.com','8d616130793c028f5781e261802024019a2a5621','94960688459',NULL,'1','1994-07-28 22:05:29','2008-07-01 13:48:16'),
('145','Ruby','Murazik','kerluke.chanel@example.net','e0e76e049d3fd9718b870121745a922e2de453d2','52417508685',NULL,'1','1975-06-24 16:48:53','2005-07-12 01:03:44'),
('146','Jake','Stoltenberg','greenfelder.tiara@example.net','29e5346777a4b0a602bb039ba088f34f7d58dc57','77277587582',NULL,'1','1982-12-24 17:30:44','1979-06-07 00:18:11'),
('147','Nikki','Little','huel.ryder@example.com','3e9a67e41c8b599498b970c253739267d71d36e1','62275338103',NULL,'0','1991-01-31 19:00:47','1971-07-13 12:18:15'),
('148','Desmond','Borer','annie37@example.net','d095bd9e149b8a9662b728dc0af4bebd9fae190b','52199069038',NULL,'0','1971-01-10 20:01:08','2018-05-26 22:48:57'),
('149','Vida','Haley','alyson.veum@example.net','0e84bb398dc683e34c2b8affb86d8ce0809ff5ff','28747881236',NULL,'0','1995-08-16 10:34:40','1993-07-22 18:20:30'),
('150','Watson','Lemke','kaya33@example.net','b48ddcf106308f4d0e40836f8730a1c20f0b662d','48469446715',NULL,'0','1971-12-29 08:20:31','1997-05-28 06:38:01'),
('151','Melody','Sawayn','giles.boyle@example.net','0f04d03fd4aa9e801ef2eb6cf53d668a1675ae14','91761412452',NULL,'1','1973-12-28 23:23:08','2009-03-30 04:58:31'),
('152','Lila','Bins','block.jeff@example.com','e33241f01312a95ec2db332bb74896164a25d9fe','75471172155',NULL,'0','1996-09-03 11:33:28','1991-03-05 16:46:50'),
('153','Mae','Doyle','stanton.mckayla@example.com','ce99a731bff1b8f6689ea3ef94a13d8712b9e2c2','63647715700',NULL,'1','1990-03-19 17:09:31','1973-01-17 11:29:28'),
('154','Erling','Flatley','tevin38@example.org','7e2ef104c089845fc3fb1929281e2d66c9a3d8df','92429853011',NULL,'1','1985-07-05 23:24:31','1985-10-14 08:33:33'),
('155','Favian','Bosco','ivolkman@example.com','524cf2dfba0448781d7f255a6f81f7f7f411decd','75962635953',NULL,'0','2010-09-27 06:51:35','2010-02-14 00:08:32'),
('156','Garnet','Welch','magdalena59@example.com','86e2f0c62dfc138b75dcdf6f24b47545871574e9','71429819185',NULL,'1','1982-12-24 14:24:47','2017-12-27 04:30:28'),
('157','Domenico','Hamill','mante.rhea@example.net','62872b0031092ecc1acda2dc94cad22dd91f1e01','20777946091',NULL,'0','1993-09-08 10:45:16','2008-09-16 13:13:59'),
('158','Fritz','Zboncak','alysha.wyman@example.net','6bb73738ce54c17b494a859d4c5f3d26d57e72ad','31185164628',NULL,'0','1993-02-25 05:41:30','1978-05-16 20:45:26'),
('159','Liliana','Padberg','webster02@example.net','9154ae3f988b0c09f78830be5fe1b0d679327dad','71722093340',NULL,'1','1973-03-24 16:50:37','1987-01-07 21:18:15'),
('160','Adan','Kiehn','xbrekke@example.com','58a58dc1a3ba71bd8c0d54b68963bf8f86ccdac1','86569539839',NULL,'1','1982-06-25 11:16:28','1978-09-12 17:03:55'),
('161','Alanis','Botsford','nkovacek@example.net','55dfc5961d6f725ee195858ee4575681b1b4bb32','16629390548',NULL,'0','2015-01-03 01:07:05','1984-07-17 04:39:20'),
('162','Eleazar','Jakubowski','alan.larkin@example.com','976177a6e4242d8c7b1dc222df01d863bca0d274','93468498680',NULL,'0','1989-01-01 18:50:15','1997-10-22 21:18:22'),
('163','Jeromy','Beahan','rita71@example.org','6c0efd8e1567a03e4299a69561cf91fd88ee0d5f','30045652645',NULL,'1','1993-07-07 04:52:08','1987-10-06 10:12:28'),
('164','Alexie','Runte','uryan@example.org','5a463c3674b14ba415d7ec3b09f532893e5160c2','35531327896',NULL,'1','2001-04-16 09:12:49','2011-02-08 01:05:03'),
('165','Pablo','Hudson','leffler.mohammad@example.net','475da74d444dc1891c2f2a789ed04599261d6357','77249306873',NULL,'0','1979-10-22 20:51:59','1987-10-09 16:45:31'),
('166','Stephan','Hyatt','sabina.kunze@example.net','01475e09bc2cbce2dcfcacd4beb6808968a21105','20751510532',NULL,'0','2005-12-17 19:53:23','2009-03-27 01:23:10'),
('167','Precious','Watsica','ptremblay@example.net','6f523a93cbd8decf87b06827fdece668be172683','87039602668',NULL,'1','1972-09-08 12:21:41','2019-11-30 03:44:59'),
('168','Elinore','Upton','hagenes.dorian@example.org','13bc2f3fe602159d96f1ec4f93fd41876d4449d6','51575690093',NULL,'0','1972-04-09 02:49:10','2000-05-28 13:27:01'),
('169','Malachi','Jacobs','anicolas@example.com','0c9752271884baa841c38515a2ca825470e1188c','24945463845',NULL,'1','2008-02-06 02:20:06','1995-09-12 00:02:09'),
('170','Destinee','Hermiston','jenkins.virgil@example.org','f7b1479989332923f4c38c37e53c01cdf8dab549','47025692854',NULL,'1','1983-09-09 02:52:46','2017-02-27 08:50:51'),
('171','Nellie','Spencer','adell.jacobi@example.org','d9278b5252861f82dbd4e71a36aefa7f989fcded','32115571303',NULL,'0','1970-05-31 07:55:39','2007-09-22 12:26:58'),
('172','Shayne','Ruecker','reyes43@example.org','5122b484c3f458e90d8c24300a0d863e80019828','21388749792',NULL,'0','1993-02-04 02:41:42','1981-02-07 21:58:12'),
('173','Vivienne','McGlynn','kpollich@example.org','2466922986e74980e58492e57a9b1f8a29c7e341','52993967705',NULL,'0','1982-08-18 03:53:41','2020-08-11 06:49:15'),
('174','Kian','Lemke','white.danny@example.net','f2e13140228699050644a325ae6ba30901a5314a','30634763562',NULL,'0','2002-07-14 19:46:38','1988-02-16 14:34:57'),
('175','Uriah','Armstrong','quinn77@example.org','119e2eac1150d5e6d60effa578b09a809334b6a9','86336032422',NULL,'0','1986-02-28 16:11:53','1996-02-03 20:28:03'),
('176','Francesco','Glover','riley.herzog@example.org','d95a04b14f60e474ad6d018fcf7da0344bdfa8eb','50638352129',NULL,'0','2006-02-24 21:06:46','2011-08-12 13:11:00'),
('177','Esteban','Abernathy','senger.saige@example.com','f89690c39fdb85d46a6d53b5472fe8540d36ef16','35019886628',NULL,'0','1972-01-23 15:51:58','1991-09-01 01:37:46'),
('178','Karson','Terry','prince.king@example.net','6c216c244ad981a425f582b4deda14cc676f04de','12119081788',NULL,'1','1993-04-27 17:24:10','2004-01-01 07:41:21'),
('179','Audra','Lockman','abbey00@example.com','287d507e486aad27a3bc140f8d117bbe235353c5','41468188297',NULL,'0','2009-04-18 20:03:32','2001-09-13 00:45:08'),
('180','Audra','Greenfelder','gianni68@example.org','02c4e0c63a43d73e1184962895a1e1d89e100931','53275624713',NULL,'0','1980-11-10 13:13:50','1970-04-29 13:21:49'),
('181','Shaina','Walker','keagan01@example.org','8ef942b1e1603a9b696a56711d6658b57b9cb59c','55517654605',NULL,'0','2020-01-06 22:09:13','2017-04-27 07:34:17'),
('182','Piper','Bashirian','mabelle.mueller@example.com','29c3eb9d35e68e4b7a32ef54f581dbc74a0c5f99','13385118306',NULL,'1','1985-11-27 22:26:56','1976-12-14 15:20:30'),
('183','Jackie','Bednar','karson.ondricka@example.com','420f716cf2234db86cf4363c0dbff0cbed8d1809','10901265856',NULL,'0','2020-04-28 06:28:05','2012-08-23 11:55:26'),
('184','Reilly','West','alfonso09@example.com','f78f17952a4254d4b00985f024d1ef77f0d4dbf2','13934336644',NULL,'1','2001-11-29 19:39:40','1991-07-01 09:50:05'),
('185','Ardella','Corkery','watsica.ivy@example.net','a46255122c086f6f3d0561dd0fa85f663ce8b5cd','32033580322',NULL,'0','1983-07-26 20:42:03','2018-10-20 10:43:42'),
('186','Favian','Tillman','angie49@example.net','cd23b8a0aadada30cc7943282877ff892ac3187b','75178145598',NULL,'1','1977-09-21 10:35:27','1975-02-06 00:55:01'),
('187','Dolly','Hauck','bednar.kellen@example.net','16b88a4604a3581ece61ad11d1905ffe28a664e1','86374238436',NULL,'1','1990-03-04 16:07:33','2020-03-18 18:13:06'),
('188','Otha','Hartmann','kitty.zieme@example.com','3113273bfedb6fd310bf7b6d66575737e223b539','10297904782',NULL,'0','1992-01-16 21:17:53','1991-06-18 22:44:21'),
('189','Pearline','McGlynn','lbraun@example.net','30d7eb7db02791c4ec1c8c301e7ae82d4ea73d77','93511227443',NULL,'1','1998-08-07 21:55:28','2015-02-20 12:52:28'),
('190','Aileen','Cole','bkerluke@example.com','8ac568c789aec5fb9e4d953d6026c46cb961b550','67850504210',NULL,'1','1971-12-06 06:33:56','2001-08-17 01:48:28'),
('191','Amie','Padberg','kiehn.tara@example.net','e3faf9704151c9b2e42622ffeff3437cc6eaed0f','78784432532',NULL,'1','1976-07-03 05:52:28','1973-05-17 10:46:28'),
('192','Yasmeen','Ortiz','mraz.eveline@example.net','ef6e203a2fb433bd6ed7401089f3163e8551d731','82141067916',NULL,'0','1984-05-04 01:08:57','1970-12-14 13:42:29'),
('193','Chance','Marvin','kondricka@example.com','767f65878cacb508771dba192090575fa0145311','87906582476',NULL,'1','2011-02-14 08:35:03','1991-06-27 11:38:30'),
('194','Leonel','Mayer','adell.auer@example.com','5270839aa67b9809771e0265a06bbbad0fbb77be','17821371275',NULL,'0','1978-04-24 04:04:26','1974-07-14 08:55:40'),
('195','Bryana','Mohr','erin.kuhic@example.com','47e320c7efe8f9ea68ee85b007518f49743e8d94','77012649034',NULL,'0','2002-08-09 16:03:52','1999-07-13 22:01:34'),
('196','Antonio','Pacocha','otho26@example.net','6589337263fc22058c81b12da79163f00b6db6dd','53605894120',NULL,'0','2019-04-05 01:58:12','1981-05-26 08:22:36'),
('197','Jeromy','Bartoletti','walker.therese@example.net','dd2217928a00e9e00704b4c8fd452f5ca1c05724','22831762903',NULL,'1','1998-05-22 09:45:51','1977-04-09 15:47:07'),
('198','Renee','Klocko','mayer.nathaniel@example.com','5962b14d2f2c3918615e3afde19265731ea5148c','61675616535',NULL,'1','2007-06-23 00:17:18','1985-12-02 22:20:06'),
('199','Clara','Hane','roman.ledner@example.com','55906a9a9e375e3e4f95a197c5d72ae759417c4b','95280129453',NULL,'0','1997-06-04 14:23:01','1986-09-19 10:42:49'),
('200','Coty','Rau','garland.homenick@example.net','b44c5509eb7e5a65cadb5ea5eb5a2218bb962001','24019450922',NULL,'0','1974-09-14 04:45:46','1985-12-11 12:15:06'),
('201','Willy','Smith','beier.scarlett@example.com','8f6bf6ca0327d4d2d4c8c970d986f9c511ca5fbf','30001185433',NULL,'1','2009-05-23 11:18:59','2019-01-05 02:38:18'),
('202','Kyler','Yost','reichert.susanna@example.com','8300d7d12504a437e400b1daf12f4986bfbced64','76392573104',NULL,'1','2008-09-17 20:01:39','1979-02-26 13:29:38'),
('203','Laverne','Mayer','lorenzo.cummings@example.com','59290e257ee421f7a566c32b0454c6a92de2c55e','82607424813',NULL,'1','1971-10-22 18:35:05','1971-03-23 07:21:06'),
('204','Afton','Willms','mckayla74@example.org','0ce36a6a6f15e2b7d5a960437e7e65cd10e70b12','70500816269',NULL,'0','2003-02-17 03:56:20','1981-04-07 15:01:39'),
('205','Carroll','Schuster','ruthie72@example.org','70a1da0c06f5d537409280b3fc14bb5a982e3e77','73505877000',NULL,'0','1995-05-01 03:08:51','1978-03-17 00:45:21'),
('206','Nova','Gutmann','bergstrom.wilber@example.com','55783e1bcfb499311678d16b4f4ee75f35b54b6a','62030928931',NULL,'1','2015-04-20 19:18:55','2011-01-07 07:59:24'),
('207','Marcella','Lakin','yhickle@example.net','bb0ec72ffe838057de8bf884dd777c47487ebd79','50673442548',NULL,'0','1997-03-10 10:05:19','1976-12-16 05:38:35'),
('208','Garrick','Murray','reilly.doris@example.com','c9c20fe57fbba1493b0e21ffca8fd8e628278007','14417592128',NULL,'1','1981-06-02 01:53:40','2014-04-24 22:33:22'),
('209','Daphne','Dicki','vandervort.elroy@example.org','3a960e38b9edc35385caf9fe6e9786133599fde8','14825100060',NULL,'0','1992-11-01 01:44:26','1990-10-12 17:20:13'),
('210','Ana','Larson','vallie50@example.net','a897219d74bd83fbd4d5bda0813f83e5b3ee2f6c','41934379986',NULL,'0','1972-01-14 21:39:22','2010-04-10 13:29:59'),
('211','Bell','Aufderhar','hudson.yazmin@example.net','76e0aa326ca3fcc4f1cc887afa64bddac70c0f03','76934500318',NULL,'1','1970-07-16 19:04:54','1991-08-23 04:13:36'),
('212','Axel','Witting','damion.goldner@example.org','ac06c5a6a5f9e7ada82ae148e1354e9a30a2bfdd','21799402236',NULL,'0','1995-06-08 02:39:15','2018-09-22 13:36:35'),
('213','Eunice','Friesen','cristina79@example.org','71f602e76d9d8383833e39098303e1f06f6f3b98','36317234542',NULL,'0','1999-10-02 02:39:38','2002-05-18 21:40:43'),
('214','Carrie','Denesik','chyna36@example.net','3501af52beb834b58bff810c915fdb57cb876e27','36860901042',NULL,'0','1981-12-13 13:07:45','1986-06-12 16:30:01'),
('215','Connie','Harber','qklein@example.org','56c62230784a80030c2a6fee037d1120dd7979ea','92726394059',NULL,'1','1984-08-30 21:39:12','1981-05-16 14:50:05'),
('216','Rodger','Cassin','olen22@example.org','5de5be9fd1938afa09c3b96e268c7f367f24f713','94858437287',NULL,'0','1996-09-21 07:19:38','2011-09-11 11:39:15'),
('217','Heidi','Kreiger','janderson@example.org','866e92b15adb83206f03fc414fae2f7e6412b5ec','76514443461',NULL,'0','1979-01-20 18:13:46','1990-07-20 14:15:05'),
('218','Jedidiah','Harris','conn.margret@example.net','da376b932a68d5c0fed73d76896ad7aee8a01fe1','27475315341',NULL,'0','1996-11-23 20:45:50','2020-02-05 13:55:06'),
('219','Ewell','Douglas','vesta19@example.org','8e743e188aca2b89b29eaea91528021d3759e705','99234876953',NULL,'0','1977-02-10 13:48:30','1996-04-22 12:22:41'),
('220','Elenor','VonRueden','althea.schaefer@example.net','b073e57373db926e58740dc37b65dfba5c847676','74907925990',NULL,'1','2019-06-17 04:56:30','2002-03-24 03:50:57'),
('221','Jason','Bayer','ydouglas@example.net','2e1a8705eb5127e645105f08f7a4552ddb983095','28123807138',NULL,'0','1989-05-02 19:31:59','2016-03-01 07:18:03'),
('222','Greg','Hudson','chloe.hayes@example.com','40e5f088ccea6a6b2aba9838609343ddac3c2761','58451672880',NULL,'1','1977-08-05 10:18:08','1971-04-12 17:09:30'),
('223','Rachael','Sipes','runolfsson.mason@example.com','2e6c4aa56d1e6cd55af2349a6f83cffd28e69a26','82855855915',NULL,'1','2005-01-22 05:32:25','1975-11-13 13:08:22'),
('224','Gwendolyn','Hoppe','timmy83@example.org','20b83c23eba9c4f89f9235c1178182fb61f49ae6','41736784623',NULL,'0','2019-07-25 20:50:45','1990-03-01 09:10:51'),
('225','Marion','Welch','jennie.yost@example.net','335643fbc90c167ad607021a33d9718d1da6bdd3','31868415675',NULL,'0','2005-07-22 09:34:51','1977-08-16 03:47:57'),
('226','Gladys','Hoppe','theron74@example.com','7095872484984a384eba8ac468d487753a71ea48','90926583069',NULL,'1','2001-04-13 20:43:03','1970-06-15 18:53:00'),
('227','Agustin','Ledner','hodkiewicz.daren@example.org','94a32a067f228f5211006be3ca3c852a12327660','67459661471',NULL,'0','1973-08-17 02:28:55','2014-02-18 10:04:10'),
('228','Cathy','Stehr','christine74@example.org','b3028c6e542c244dc3d162b939ba4ef5a20bdc32','55215364326',NULL,'1','1979-02-13 07:41:20','1971-08-05 03:16:19'),
('229','Emilio','Yost','borer.lavinia@example.org','db8fe363ee3312f8cb2d9b2885d8a74b103026af','87855045632',NULL,'1','1987-03-28 00:27:42','1972-01-29 21:29:09'),
('230','Elwin','Hettinger','fschowalter@example.org','3a51590439b5c845898af1ecc68169c2c948fbde','74243886014',NULL,'0','2020-07-19 15:06:32','2014-11-13 02:01:14'),
('231','Elmira','Miller','deckow.monique@example.net','528f313c7185c1f1e0165db3a4c525c862772b38','21731626335',NULL,'0','2000-05-03 19:19:41','2009-03-09 02:24:46'),
('232','Wayne','Thompson','ybuckridge@example.org','a1e8442be51af51a647aac5cd53d291e80d3fe83','71328224819',NULL,'1','1994-02-16 15:37:07','2016-08-30 12:58:27'),
('233','Serena','Daugherty','jerald82@example.com','dfeef4661d7630f3a623871a2945b6b9fc237b42','23070087986',NULL,'0','1983-07-23 23:12:48','1972-05-18 03:09:18'),
('234','Sallie','Jast','cade90@example.net','7f2d59993f36e0e9caf2ec7a84aaeee277aa5752','44877352397',NULL,'1','2020-04-15 22:52:43','2002-10-06 05:12:46'),
('235','Leda','Kulas','yschulist@example.org','cae35933d2d6355b2864253ed4558d66334cab0b','17366895978',NULL,'0','1973-10-15 01:10:21','1998-05-02 14:57:10'),
('236','Raleigh','Armstrong','immanuel08@example.com','447aad7555913618e70b4678491439dae0d6e59b','55036686793',NULL,'1','1980-06-14 19:10:25','1987-06-26 12:54:58'),
('237','Wyman','Pollich','erling.leffler@example.net','15eb3ae3d2e1e26e82bb9924b4bbd60d7827c058','19109869576',NULL,'1','1991-04-10 02:44:40','1996-05-31 04:43:09'),
('238','Rosalyn','Shields','daisy40@example.net','a91baf2fd4bcb5d9ee38651bded06fa5aa2de073','87771551106',NULL,'1','1987-05-08 01:46:35','1986-09-24 00:14:02'),
('239','Deshawn','Hettinger','bkoepp@example.org','369ac0410a98d4009f9cba434d1821ebd3688e8f','15596671346',NULL,'0','1996-04-18 20:41:20','1992-07-09 10:12:44'),
('240','Laurianne','Kunze','olaf78@example.org','2a5d99c185d24f0f9b1b613d73d172d37ee2b64a','80743434387',NULL,'0','1981-01-23 20:10:44','2015-01-10 06:00:34'),
('241','Karolann','DuBuque','breitenberg.maritza@example.com','e2ea615d86a13be80ab39c410b45aa2a715699b5','37968815765',NULL,'1','1970-09-05 00:07:50','1979-11-13 03:26:28'),
('242','Dandre','Grady','bart45@example.com','6f49f1248e044067cc039dc66e0435a8e16eff0a','47121279910',NULL,'1','1994-01-01 21:02:01','2002-11-14 10:12:51'),
('243','Moises','Greenholt','breana54@example.org','a6a7fbd20bfa3db89b9a5ee710863c0e30b92e02','76181552321',NULL,'0','1985-03-11 02:04:41','1975-02-12 23:02:33'),
('244','Jayson','Wilkinson','prosacco.agustin@example.org','f0b70c8a3bccf3aed825529da6bd005a6a8a0881','52907298533',NULL,'1','1999-05-06 03:14:27','1976-05-14 16:48:10'),
('245','Selmer','Durgan','juvenal99@example.net','3b949357a0d07df4215db684c432d0cdbe1e97c0','12519164904',NULL,'1','2015-06-17 23:56:52','1980-05-24 05:23:27'),
('246','Millie','Wisoky','albertha27@example.net','86944e1dc9e740373b875396aa1fdf2afc42c581','19512323639',NULL,'1','2009-11-26 19:24:45','1987-02-06 01:36:03'),
('247','Devonte','Kohler','smith.gladyce@example.org','a23cbff23bd1498112db75b54377dd10a6203601','17767433980',NULL,'0','1986-08-17 09:01:16','1972-01-03 09:11:10'),
('248','Ezra','Green','williamson.pasquale@example.org','7f98dc40fb9b63b445cb33ff5cdd2ec556db3007','65706529845',NULL,'1','1972-02-28 15:01:01','1980-05-23 02:43:15'),
('249','Steve','Dicki','stefanie72@example.net','92be65a0bfa9e1066aab4d80118f5f0aa8d0dbaa','35515976189',NULL,'1','1981-11-04 06:41:51','2007-05-14 14:42:21'),
('250','Donnie','Hackett','hosea.haag@example.net','832b6689cca4ae3b4ae154dbaad22809aa53a610','37537143686',NULL,'1','2001-05-29 10:50:11','2005-12-13 06:33:15'),
('251','Mona','Marquardt','reilly.feil@example.org','ac63fd6db78a8f6427948f7b3470769c8caa7e37','99049148689',NULL,'1','1974-11-25 00:57:09','1982-01-06 06:18:10'),
('252','Daphnee','Beatty','mayert.earnest@example.org','891302715986df8e548290bcccdb241188197631','59785165069',NULL,'0','1997-04-03 05:51:19','1980-11-25 09:15:45'),
('253','Marlon','Schimmel','ziemann.devante@example.org','dc5d2ebdc493da2c6e6a9ef5235f4bd4b53b996c','20586505224',NULL,'0','1991-09-10 07:24:32','1990-02-10 00:07:07'),
('254','Jessika','Rohan','ahansen@example.net','ad146dcb6bf757bc74eabf2968e51efc8b42d0be','96986766033',NULL,'0','1975-01-02 22:08:32','2019-09-27 18:57:02'),
('255','Erick','Kovacek','ralph.kessler@example.org','7eb3698a74fb7db9fbe0fb7e5488d12a783a927b','24916655705',NULL,'1','2005-06-29 00:13:48','1987-10-09 01:08:53'),
('256','Vida','Rohan','sheila.willms@example.net','3e715a18a2e7b0b864a60f2e0a79cc2cf4d31551','68960169493',NULL,'1','1996-04-07 02:27:45','2000-05-09 17:59:19'),
('257','Nayeli','Fisher','micheal19@example.org','a070fdefa827bd7d130abd2fa828b6cc10e736f2','39478771490',NULL,'0','2002-09-21 02:17:32','1974-05-11 00:59:56'),
('258','Isac','Osinski','padberg.wyatt@example.org','f5c8290bcf766e7174fb02d96c046ace57bdda98','23698119390',NULL,'0','1995-05-09 14:35:02','2007-06-24 06:44:37'),
('259','Sanford','Mosciski','jdonnelly@example.net','0991d5c9a80b1650f210b87ddd543f46138d3934','61473424956',NULL,'1','1976-03-03 06:35:20','2004-11-16 11:11:10'),
('260','Fabiola','Cronin','bayer.leland@example.com','d57b5546942da1c694e9e4ab0deda89ce87f0121','90723723242',NULL,'0','1972-11-10 05:41:54','2013-05-01 14:57:46'),
('261','Leatha','Kutch','mpaucek@example.net','fe02a923f47c5a5f8b99bc4e34a126466fa8ae6c','25647798976',NULL,'1','1992-08-31 17:19:46','1996-08-22 23:07:31'),
('262','Kaleb','Rath','zleannon@example.com','d7529a0e197f028513da405ab1c1e5fa6e5fc9b3','30459371567',NULL,'0','2010-12-11 02:49:05','2011-10-21 22:10:47'),
('263','Otho','Glover','manuela61@example.org','5bb33c9cbc505d460407384aef8882585e8e1961','12311180173',NULL,'0','1997-08-09 11:27:27','2008-06-16 20:12:51'),
('264','Andreane','Moen','sonya52@example.com','6647acf0e2c7b81579552d80816f86bb420287a6','68905402515',NULL,'0','1973-01-18 22:25:52','1984-08-05 08:09:37'),
('265','Maynard','Stiedemann','johnston.shania@example.org','fc3e825b29ed2a429151838212391e3d26492bee','98132974612',NULL,'0','1970-12-16 13:26:03','1972-01-19 13:34:53'),
('266','Justina','Osinski','hauck.erna@example.com','f7ee8039eec5adc54c631f156341ab0bb8306655','76042128624',NULL,'0','2014-04-16 17:45:54','1995-05-31 17:33:57'),
('267','Arianna','Pfeffer','pmetz@example.net','bcdbe140a07d2638b007e2f02dfd5edaf61b0ab5','83241022722',NULL,'1','1982-06-23 16:50:49','1980-04-08 21:40:46'),
('268','Nichole','Nienow','parisian.elmore@example.net','363b81116c167b102cb93a1bf578a0f86eecccc3','22255961778',NULL,'0','1973-08-04 16:41:46','1999-10-08 09:57:08'),
('269','Nick','Konopelski','auer.walker@example.org','09ad9074b9208ef7dac722181375d9fe71176242','16680489899',NULL,'0','2000-03-27 08:20:21','1983-07-30 05:33:48'),
('270','Demarco','Hansen','owitting@example.org','3311054dbaee50417d7e2c82f65239ff3db444e8','85512287812',NULL,'1','1991-11-10 11:33:06','2009-07-08 22:11:26'),
('271','Alvera','Hayes','lreilly@example.com','beb298984a25c956a700631a39eca1b803e7db87','73240318819',NULL,'1','2020-03-30 22:37:32','2014-10-15 05:18:32'),
('272','Clemens','Green','rhansen@example.net','df0543c7b55eeecbaf51f96ba3b2f46d13564273','14109781864',NULL,'0','1984-06-04 20:32:35','1991-08-25 02:37:18'),
('273','Ebony','Ankunding','jast.samantha@example.com','6b90d8c2006721882d75f0696ae132352a14939a','15827986476',NULL,'0','1989-02-09 22:17:13','1975-08-23 11:51:05'),
('274','Easton','Grimes','benton21@example.com','09b5de3d305e26240501fef3dca45a441bf46dc2','28331915712',NULL,'0','2010-01-31 13:26:40','1993-09-14 01:13:55'),
('275','Zion','Cremin','jordi.howe@example.net','23e221ace038139b4fd23be30e6623169a196785','59958050120',NULL,'0','2007-05-30 05:18:50','2002-02-02 05:17:46'),
('276','Noel','Wunsch','margaretta13@example.net','c52f2d31f22779754abee542008f0f3e07be15bd','47147792791',NULL,'1','2013-07-14 17:52:43','1970-04-23 17:55:38'),
('277','Allie','Herman','fkeeling@example.com','30bd595762283169e0de00c0253c1ad8d1bdb7d0','61950696976',NULL,'1','2019-11-28 00:15:05','2009-05-19 13:04:20'),
('278','Hettie','Mosciski','erobel@example.org','2df542b43a90a2725a19a97166cdc3db171b94d5','88000075104',NULL,'0','2007-04-26 11:03:00','1996-10-12 12:07:36'),
('279','Roselyn','Paucek','toy.ruthe@example.net','e92762225c38a866eb9fbca8a2f9df72d139b426','21547957421',NULL,'1','1997-10-31 23:12:07','2008-08-22 10:50:34'),
('280','Jarrell','Labadie','ynienow@example.com','fa9a343eb7c00a82f3b4f26e32dae7a3431830df','81812110110',NULL,'1','1986-09-29 18:19:13','1995-07-14 04:12:48'),
('281','Jose','Goodwin','veum.cullen@example.net','aaeacf848307e5471d7ca773ce425c2842f6d7d4','36745015950',NULL,'0','1972-12-03 19:54:47','2003-10-28 11:26:58'),
('282','Gerry','Cronin','yhuel@example.net','20f2266ec26cba4784aa834933f131080fa87668','32524193818',NULL,'0','1992-02-12 10:26:28','2002-11-21 02:50:22'),
('283','Palma','Hirthe','nikolaus.loyal@example.com','d7592e0328528a336db001972794e3ddc3ff86e6','20656770928',NULL,'1','2016-03-06 03:18:42','1979-10-10 22:44:14'),
('284','Paris','Lehner','ngreen@example.net','0436696d11edc5e5ff66e8e36d12c6a2d1cde62b','49590020710',NULL,'0','2009-08-10 23:46:27','2015-07-13 13:10:26'),
('285','Jayson','Reichert','guadalupe.harber@example.org','ad677a2698557376f6eb9ef6e8a2c7b6c1f6e030','13709236988',NULL,'0','1984-11-02 06:32:15','2002-12-27 01:06:39'),
('286','Hiram','Funk','bruen.yasmine@example.com','199165ac69b976cbf560f5c89de2f667540f1ec4','58832898391',NULL,'1','2013-05-01 17:44:40','2003-08-04 13:53:42'),
('287','Mauricio','Rohan','friesen.sofia@example.com','fc5974a7fcf54ee0241a79ea326fb8577f1bc729','47667642952',NULL,'0','1979-02-09 02:05:36','2008-05-26 15:44:26'),
('288','Melvina','Gerhold','cecilia.kutch@example.net','0a95b61ceddba5b79b440e1ea532e3ac5b150c58','52848441731',NULL,'0','1971-11-21 07:28:44','1971-09-04 04:06:26'),
('289','Ima','Weber','jerod.volkman@example.org','bf7b15772d4cee151676509622f1bb71d122ebcd','24260614202',NULL,'1','2007-09-14 08:53:22','1985-01-26 03:26:07'),
('290','Rocio','Satterfield','jboehm@example.com','8050e9ee1d7d9a1b7bb21801d81327d2746c8d04','21545376298',NULL,'0','1979-02-11 17:41:20','1980-02-05 23:25:12'),
('291','Warren','Reinger','milford89@example.com','ea172d70c1672ced0fdb95168093321941e72e4d','17535645901',NULL,'0','2005-05-29 06:28:37','2016-10-12 12:54:46'),
('292','Domenick','Erdman','eankunding@example.org','87b9e255dc4428b3e7f548ad74aed0aa83c3b0e3','54047242393',NULL,'0','1976-05-03 11:13:02','1982-01-11 04:19:58'),
('293','Arch','Pouros','douglas.raymond@example.net','f2914670bcd7e471f96860f3cfbd12931525c775','66265398813',NULL,'0','1983-02-11 01:38:19','2000-12-12 18:23:48'),
('294','Antonette','West','larkin.abdiel@example.com','cba8900f55e5616aa59e2f321fc07f8221598d7a','41282422314',NULL,'1','1978-06-12 11:43:19','1971-11-03 06:52:59'),
('295','Kaleigh','Morar','kendall.gislason@example.org','795a3c25d941dee9ac7e65fe5f55f9a3b8809da7','19017067491',NULL,'1','1988-01-25 05:58:12','1986-06-29 12:59:28'),
('296','Antonio','Keeling','jacobson.jayda@example.net','60ae1926ab2b13dfde3ff8abe253ea2d38fde651','61295800022',NULL,'1','1991-04-18 17:13:56','2017-09-06 05:51:03'),
('297','Amira','Kerluke','mschuppe@example.com','ba6f0ce1c042364363081ee5b0afdc736971e389','92366900434',NULL,'1','1979-07-22 22:36:34','1983-07-06 06:09:17'),
('298','Joseph','Tromp','princess.durgan@example.org','41df49e52fd68f23283b6262bb55fdfb58d02bb5','64202181571',NULL,'1','2000-12-25 03:46:14','1976-07-18 01:32:01'),
('299','Kiara','Jaskolski','silas83@example.com','4538614a093c6469f75f203c2918bf8bb7e78974','64494556351',NULL,'1','1982-06-25 00:12:28','1999-02-22 21:06:31'),
('300','Mariah','Olson','kale.green@example.net','95ab9343959d990d48e696f3903d3083f77f0146','61152213662',NULL,'0','1999-12-15 10:48:45','2019-03-20 05:49:52'),
('301','Deven','Abernathy','windler.elias@example.org','8a9fd84e41a0d1320a866fd4a4c7f8d561800d97','94163609785',NULL,'1','1983-05-01 23:44:50','1986-04-10 10:01:15'),
('302','Zita','O\'Conner','kenyatta.howe@example.net','c1eabc3548282d679608876643b50bd929789a6c','47339416928',NULL,'1','2016-06-23 05:19:46','2019-01-24 01:45:59'),
('303','Laverna','Torphy','demetris.mckenzie@example.net','9ba466d78dd489e0e1b7707b5f8f2a0750f6fa2b','77858981238',NULL,'0','1998-12-21 18:45:14','1981-04-09 02:35:34'),
('304','Jon','Funk','esawayn@example.com','af0924059df9e0a203b987007c6fe8f05cec175c','21561944722',NULL,'1','1982-11-18 08:23:53','1999-02-14 05:12:21'),
('305','Ken','Heidenreich','madie38@example.com','fd352ed5d7536eda1b18288fdc740acaa25da615','98647901411',NULL,'0','1987-05-07 00:48:32','2012-03-05 17:43:35'),
('306','Markus','Mante','nader.devon@example.org','67c12f45b3560ad2d13baf705955373cfb5427fe','44502604170',NULL,'1','2009-11-09 11:02:02','2014-09-12 11:39:54'),
('307','Clark','Kihn','esta58@example.net','68e391629a3b1263f00907954df8dc2c40f370b3','98022724380',NULL,'0','1988-07-27 15:52:25','1987-03-20 03:51:09'),
('308','Omari','Goyette','johnston.emelie@example.org','7078486340c4259ce5e37df6f1d4a953b852b61e','60439805747',NULL,'1','2014-07-16 16:37:58','2009-08-02 11:48:17'),
('309','Jefferey','Torphy','alvera.will@example.org','e565940159284e723c44be2b6b4cd5e1651fed78','89509357260',NULL,'1','1975-12-24 21:38:38','2006-11-12 03:57:21'),
('310','Cecilia','Greenholt','hadley.parisian@example.org','5ad91f5a30dba72a389fd6c2a19f79be05233f1b','28413313548',NULL,'0','2018-12-14 11:41:30','2000-06-27 12:34:01'),
('311','Paolo','Baumbach','dale.prohaska@example.org','2e5f63b148b9f44de20297e6ade33d67a573eab6','83074885942',NULL,'1','1970-08-02 13:19:45','2001-03-31 04:04:56'),
('312','Marianna','Mosciski','schaden.shany@example.org','70ab9e5c896cb602042e358ea1bb8837b2f4721c','97514077387',NULL,'1','2006-01-05 02:13:50','1981-01-29 21:23:35'),
('313','Helene','Wintheiser','lisette36@example.com','f7a5f2a648f0d82f4ff3d459d654e50e71f6ea97','86885357252',NULL,'0','1976-08-06 15:13:05','1996-06-30 07:10:32'),
('314','Enoch','Hintz','hintz.antonio@example.org','2f176ff444a63237806cf079fe587e6ac459e1a9','65220623374',NULL,'0','2002-01-27 04:12:20','2001-05-22 15:58:16'),
('315','Hipolito','Lehner','willie03@example.org','1ace508b5baf6d032dba311fce7a3231774b8b19','13500441098',NULL,'0','2018-10-05 13:18:51','1982-01-21 13:49:29'),
('316','Dorris','Kshlerin','demetrius.huels@example.net','be42f29b3c9c414199adb9ef7651edb9201a2880','81527813975',NULL,'1','1990-04-06 23:31:29','1990-12-04 06:21:28'),
('317','Matilde','Gulgowski','hauck.lonnie@example.com','0dbd7613d840509d6d9dcb2939ba1195569c0f17','51877457466',NULL,'1','2006-01-02 19:54:03','2004-12-24 01:03:28'),
('318','Enid','Lesch','kunze.demario@example.org','34b03685c2481731237f7ae5db6a8a156b90d312','26170430923',NULL,'0','2016-08-25 12:17:38','1994-09-17 00:06:42'),
('319','Agustina','Abernathy','gutmann.bulah@example.com','075bef5e60b674e3e298de319bb448be942c017f','86663207062',NULL,'0','2000-07-17 16:05:20','1977-05-04 20:46:10'),
('320','Esmeralda','Rosenbaum','ophelia.bode@example.net','4f701dd2eb00481dd1c2f2d25bff4cc91baae219','88426427650',NULL,'1','2016-05-21 04:42:32','2001-01-02 22:06:07'),
('321','Shyanne','Crist','hortense.harris@example.com','555215b0490587361d37a1466fecf20bb4772180','89931802917',NULL,'0','2017-10-14 10:05:07','1989-07-20 06:31:55'),
('322','Sabrina','Stroman','calista50@example.net','84bf49a6cf5e330f8eb62a22304dc1cfa68a3cc5','26299014850',NULL,'0','1971-10-21 21:24:21','2012-04-10 05:32:32'),
('323','Ozella','Howe','cremin.hassie@example.org','52a6c0dcd42226d761e768e0675cf0a4b2c3f3f0','58661970808',NULL,'0','1981-05-18 17:31:16','2000-10-06 20:08:38'),
('324','Riley','Kshlerin','o\'conner.lambert@example.org','15c873eeece0febb9a859d248d0cd1dea72e5f58','60470290770',NULL,'1','2008-11-14 06:35:03','1974-08-29 05:10:35'),
('325','Jeffrey','Pagac','emilia33@example.com','89384ea4d9c9ce9658a9c08a626a899c94cc4b2f','10979157080',NULL,'0','1993-05-19 12:18:30','1983-08-15 17:02:43'),
('326','Bettie','Towne','uriah.lueilwitz@example.com','c88b082ffee30c206c37199085df4594f28dd59e','55301689966',NULL,'0','2001-03-17 20:42:43','2010-12-19 23:41:58'),
('327','Jesse','Conn','von.aurelie@example.org','76ae200136f11f472aa77b676ae984ec8e74448d','96721410653',NULL,'0','1982-03-19 13:04:53','1988-06-01 04:36:08'),
('328','Bradford','Waelchi','pbeahan@example.com','ffaf0c4f4b96803a3c5d224027a7e6df4fd7a7f3','15851930640',NULL,'0','1974-03-22 11:09:38','1972-11-05 11:09:45'),
('329','Charlie','Beer','grimes.bruce@example.net','093c8b1b729ee68024974ea457b7772c96921698','35682091345',NULL,'0','2005-07-29 23:45:12','1975-05-08 02:46:09'),
('330','Jayda','Bruen','domenico76@example.com','243c20332b9ccc32597ce79ea26b408561a400fa','79639108418',NULL,'1','1983-12-22 23:06:40','1972-09-15 22:27:20'),
('331','Gussie','Lueilwitz','arely.wisoky@example.com','d7cf5961f0174a9a2598fda39e58cbd5c2faa563','10851703034',NULL,'0','1979-10-23 12:35:02','1991-02-10 07:44:37'),
('332','Brandt','Gusikowski','aisha94@example.net','b74eb1b9db7dccd0a50264e8372b5a0294dc094b','50926506579',NULL,'1','2001-05-15 05:48:20','1993-06-02 21:01:51'),
('333','Ashlynn','Kub','elyse68@example.org','edd4aafec77930cfbaf0cc39f79a5db73a306ab5','14241310604',NULL,'0','2017-01-01 15:24:10','2014-09-14 07:45:38'),
('334','Edward','Feest','leannon.manley@example.net','51b2ffd03600f31130b372475a435e5ea916d0c7','90490299393',NULL,'0','1983-11-29 15:47:28','1981-02-13 11:35:04'),
('335','Reginald','Moen','kdoyle@example.org','27f786e3ca69e0076c8d9793bdccd3d3f3768f42','10633788388',NULL,'1','1970-04-29 10:30:46','1994-11-06 09:48:01'),
('336','Ana','Yundt','regan.purdy@example.org','bac88d6f6937be780101d30385dff919cad5a0fd','40798039254',NULL,'1','1984-01-30 20:03:56','1998-11-18 03:23:47'),
('337','Darrion','Dare','ywyman@example.net','09d24b032ea796453d25b91f9421750ebedc0efc','21980602303',NULL,'0','1973-03-07 05:27:20','1978-08-02 00:40:54'),
('338','Wellington','Langworth','jan31@example.com','3f15daed1fb23c50efcb3d57116bc2e00e24eb07','90530350096',NULL,'0','1979-06-15 12:52:32','2011-07-07 07:45:31'),
('339','Otha','Kuhn','qhuel@example.com','f3c32de74646609bf5c5551911b9beeb191b99d7','66326900608',NULL,'1','2010-11-12 06:47:31','1972-02-07 11:59:02'),
('340','Willard','Reilly','hertha.haley@example.net','47703732b2d126fee7665d89dd960311e5828d9f','86336726988',NULL,'0','2002-11-29 22:07:29','2015-11-02 20:53:02'),
('341','Jocelyn','Anderson','juliana.kohler@example.com','62b7f3bd7f5ecd60b4e5fd4f26242f8e3ed94fda','58812941205',NULL,'0','1990-01-05 19:42:30','1974-11-13 08:41:27'),
('342','Aric','Conroy','slangworth@example.com','9e8e893550d1cd0dd10bbfbf2680546485671397','78908971771',NULL,'0','1980-04-29 09:47:30','1974-10-23 04:29:27'),
('343','Reginald','Von','gpredovic@example.net','7b060657d68f2113bc28ac55dc670066d7ea5f6d','33918942464',NULL,'0','2000-06-10 21:19:32','1978-05-08 20:53:41'),
('344','Dena','Spencer','dicki.lilliana@example.net','84020c2625053332643d01c09c13703720a4d2bf','65200238963',NULL,'1','1971-08-15 01:05:09','1989-08-11 05:10:59'),
('345','Elza','Fadel','arch.johns@example.com','5f9c642be8656e4963f6a03d4bd5b35f326d3e52','95677116671',NULL,'0','2019-12-27 23:38:31','2015-03-01 12:01:40'),
('346','Maryse','Green','birdie.toy@example.com','9e989643270910aa4bffad8da1aac59d055fca0f','73760389927',NULL,'0','1985-02-04 10:13:06','1971-07-24 19:52:19'),
('347','Sienna','Sauer','emie97@example.com','3a8e390636fa333d7a4b154cf1bfe90aba9abc33','37623292217',NULL,'1','1990-03-18 00:04:19','2018-10-30 15:46:28'),
('348','Davin','Orn','urobel@example.net','d04612273ce0270e9f2737e571cb531c14fd6caa','54804119952',NULL,'1','2016-09-15 04:47:23','1994-03-08 12:56:08'),
('349','Brandyn','Ziemann','adams.michale@example.net','c4c687567f85d780cc61e3b365b0b09b1066675f','20380343683',NULL,'0','1993-09-04 05:40:39','2019-02-05 23:46:59'),
('350','Mariela','Armstrong','wromaguera@example.org','4db2c0b8c5c8af9e63ac4254999fe679a0307437','67789276880',NULL,'0','2007-01-04 02:07:53','2019-07-24 03:59:38'),
('351','Golden','Jenkins','adell75@example.net','ff91fd63a7439a60b6494c29db1c9baebf687f2b','90367656475',NULL,'0','1991-03-12 13:34:50','1999-07-11 11:11:25'),
('352','Macy','Kreiger','darlene.hackett@example.org','e31b02a1c858be263182e4c6a2f79ad2c6756e4a','78033745554',NULL,'1','1975-06-15 09:55:01','2004-08-22 01:50:52'),
('353','Gerhard','Muller','casper.walton@example.net','8552f58f4d60f4811f2b8034ad21a1d834566f9e','35066532464',NULL,'0','2002-10-25 16:24:57','1995-05-30 10:58:26'),
('354','Krystel','Rath','fcole@example.org','9934a2c8b62d9fef803672f69046a32f91a7dbc6','29244550699',NULL,'0','2011-04-19 16:21:32','1970-08-22 05:20:59'),
('355','Abelardo','Nicolas','frederique.hudson@example.org','1fa57af00edc36cdd62d69acfb98ab98b606a02d','70607541198',NULL,'1','1985-06-05 07:28:48','2000-07-31 13:34:26'),
('356','Cindy','Schoen','smith.fatima@example.net','60d8b67442d564897e1315542ae69e7e3cd04e8e','39819002286',NULL,'1','2005-07-10 23:36:53','1984-11-11 03:14:39'),
('357','Marie','D\'Amore','grant.amelie@example.net','4402df0dd04421308164cda5254e461f57f44603','17553702951',NULL,'0','1995-01-26 06:55:29','1972-07-02 05:29:27'),
('358','Elna','Reichert','jamey.fritsch@example.org','11143abdab770915bf7a536bc3ea9bb0c0bfe04e','10245620482',NULL,'1','2016-08-08 07:41:58','1973-05-21 23:29:35'),
('359','Giovanna','Kulas','rogelio.nienow@example.com','1a30cda4e379bd048181baaed60198bdc13b8117','82419336582',NULL,'1','2003-02-18 01:48:27','1979-06-02 08:49:13'),
('360','Madie','Wilderman','ena68@example.net','5be08e34d9f8991b62a9983a7c0f03172bcd80a6','70120011446',NULL,'0','2018-06-05 00:30:15','1978-06-12 10:21:55'),
('361','Patience','Hilll','wilber59@example.com','c7aba2ebd56d36a332ceca93c6de3458c65aa7fc','66936853672',NULL,'0','2006-03-23 05:55:06','2013-02-12 03:58:55'),
('362','Salma','Ritchie','schroeder.karson@example.org','2ce93511c53605fc33391f2d502bbd3d372093de','27663225331',NULL,'1','1998-08-26 18:20:28','2005-07-08 15:56:19'),
('363','Gwen','Leuschke','damaris45@example.org','6506948b24305f5bc21ca418e787e9019cb78db3','81239745942',NULL,'1','1994-08-25 11:01:30','2016-09-03 10:11:45'),
('364','Lyda','Jones','ebert.ruby@example.com','7475a47de19ba02e21ce0f38fc3b0132d92e2ccb','60133594414',NULL,'1','2011-01-05 08:23:04','2016-10-19 10:45:53'),
('365','Luigi','Gerlach','xhowell@example.com','cb8c89a79b0414ba0beb1a5be5fbc6a5a4693b3e','73200615672',NULL,'1','1994-08-09 03:02:28','2004-11-29 04:17:30'),
('366','Lora','Little','zula.pfeffer@example.org','b550dbb59129ba6cb6af2b502816fb390f1f6d30','86674307761',NULL,'0','1985-06-22 00:50:05','1996-11-01 17:13:06'),
('367','Norberto','Bailey','cordie.kiehn@example.com','1cb68065039e29836f9aa007c8cb750128ed6690','25130443731',NULL,'0','1974-12-28 03:28:22','1970-03-30 18:28:16'),
('368','Sigrid','Littel','qsatterfield@example.com','b96a3272fd7a1939554bc7463eab008c8d82dd23','38392258072',NULL,'0','2008-10-19 22:26:39','1993-02-16 04:01:04'),
('369','Norbert','Hauck','anderson.kaycee@example.com','c81e28947f6daa8242d39e874fc36edf95196400','62681975490',NULL,'1','2008-06-16 18:32:30','1993-04-03 01:19:41'),
('370','Lenna','Jaskolski','valentine.bartoletti@example.com','ee0940f9cf116685f9cc4899b53423a3a92f59f8','28921227795',NULL,'1','2013-12-13 00:48:47','1995-10-26 09:01:03'),
('371','Louisa','Beer','kaylah.o\'reilly@example.net','834816ffa316bdb21c914cce44337f1b40f0f28d','41787958489',NULL,'1','1976-10-10 16:21:22','1999-09-02 05:31:11'),
('372','Furman','Krajcik','liliane.swaniawski@example.net','dfca8fc1ca8cb05534eebeef2027ab5b498359ad','45767022897',NULL,'1','2006-06-12 22:33:58','2015-09-14 19:21:18'),
('373','Delaney','Cronin','cornelius.sauer@example.net','b51355148fafc52fb894483cfc791ee153ecfcf8','45420844471',NULL,'0','1995-04-07 10:28:32','2006-04-13 00:28:01'),
('374','Sarah','Larkin','pveum@example.com','fa6e9e7dd1942a331fff1b7ab0ced25d89a79bf2','41901434119',NULL,'1','1975-11-17 10:05:48','1997-04-27 08:49:10'),
('375','Dillan','Braun','mccullough.aimee@example.org','a4172442d56f732df627eeaf3ad6b54c1cd078d7','16081597050',NULL,'1','2003-05-02 13:52:13','1977-06-07 18:28:15'),
('376','Clotilde','Pfannerstill','dahlia.denesik@example.com','3b7035afd30ce78c3df2509f330de130b5d1be0a','59609465794',NULL,'1','2005-05-29 14:55:05','1986-09-07 17:39:51'),
('377','Bryana','Donnelly','thaley@example.com','8b3973c4a28df05564bf03bc3e1da558c1f210dd','95916904145',NULL,'1','1975-06-17 12:54:56','1993-08-03 17:25:42'),
('378','Greta','Hand','trace12@example.com','cb3f281aea48cbb033860eccc20d17aea0883f9f','18116769324',NULL,'1','1973-07-06 04:34:49','1997-08-31 07:31:07'),
('379','Carlos','Conroy','mtrantow@example.com','d181764bb5eef015ed829e4dd9b16be78eb7cd64','18651379933',NULL,'0','2012-12-19 14:50:33','2011-02-25 07:03:06'),
('380','Brittany','Howe','hjacobson@example.org','0c12ade99ba81213888cfa20e679e96c9b24f3c1','85523462607',NULL,'1','2005-02-09 05:04:45','2005-11-11 05:22:28'),
('381','Carleton','Borer','xwelch@example.org','1beffae7ca34225ea7b06af73ab893e7914e4109','38537322413',NULL,'0','1989-12-25 09:33:10','2011-06-21 11:47:46'),
('382','Jamison','Kuhlman','silas45@example.com','af42c0fcab121a44865014c16121ead7b113fcab','58183546527',NULL,'1','2007-12-23 02:01:39','2002-08-02 08:07:39'),
('383','Suzanne','Dicki','rosemarie24@example.net','68079ec59382c5e2b396891a86ea83c185bdd6ef','21899526123',NULL,'1','2005-01-22 21:43:50','2011-03-03 19:29:49'),
('384','Daryl','Cormier','cynthia66@example.org','53d0a730e0eeb071f7c6884e27a4e87783ac1fd3','89348362023',NULL,'0','1989-11-02 04:52:17','2002-01-03 12:04:18'),
('385','Tristian','Cremin','mariam.littel@example.com','ec75f77e69a30c6ba337b8191bf5bd6f286ad9b1','41814366681',NULL,'0','1976-12-15 11:25:55','2011-04-25 04:32:02'),
('386','Laurence','Renner','dolly78@example.com','010cc42840009c5ca37e57ab9ae76418bfe50008','12862684801',NULL,'0','1973-11-28 12:52:59','1994-08-28 16:20:06'),
('387','Karli','Leuschke','ureichert@example.net','5f6df5d24542f0799dc010c2bf802c6d1362273e','78066465319',NULL,'1','1973-12-07 23:53:23','2017-02-03 19:49:14'),
('388','Adaline','Mraz','lueilwitz.sid@example.net','9e684a0bd6c7845476a898d7508b8fbf648f98e8','43874868061',NULL,'1','2017-11-10 12:10:36','1994-12-03 05:03:43'),
('389','Grady','Hagenes','nlegros@example.net','233a4e1e39c1fc8569e213baa55318bea55ebc20','51990486131',NULL,'1','1981-02-23 07:25:43','1970-04-02 07:39:42'),
('390','Jeffery','Heaney','irodriguez@example.com','aa4333692519ff3a72731818038070d137619ba0','15064408592',NULL,'1','1985-09-24 04:23:18','2011-03-13 16:34:45'),
('391','Arjun','Hane','eden87@example.net','8f405f4b2f102a4de3f430b0439e35105af8e7a0','32159719918',NULL,'0','1975-06-04 12:45:53','1999-07-10 02:11:22'),
('392','Eloy','Olson','waldo52@example.net','8a1195527de17780742fcf7fb02e4ab2efc07591','85329162548',NULL,'0','2019-04-09 06:21:59','1972-11-21 20:20:45'),
('393','Isaac','Mayert','cconn@example.net','b91c38cb78fa4c596c61e59e4b8b7b0a4a0e5606','27215098445',NULL,'0','2006-09-30 00:02:19','1984-07-02 18:45:57'),
('394','Jermaine','Bergstrom','zprosacco@example.com','a1c1c36df4426920d0efdfa3bf5f0c6ac9f2c086','93934631152',NULL,'1','2008-05-13 04:28:38','1973-12-20 14:51:44'),
('395','Billie','Cormier','pfeffer.ima@example.com','caf2d60e6cc6ae8fc5cf072c41d8a7c3ae2041a2','62413106877',NULL,'0','1989-12-13 04:50:31','2017-02-25 09:51:13'),
('396','Angelita','Kautzer','anjali.jacobson@example.org','701f01015cf78c1862b24dbc7db87db9303997dc','61348471315',NULL,'1','1991-06-06 17:28:16','2002-06-15 22:41:29'),
('397','Fannie','Moore','jackson.ferry@example.net','74ba6f115352a12d3c594a280a05820305e88582','11814263234',NULL,'1','1982-02-24 19:17:52','1970-12-19 23:44:32'),
('398','Maxie','Abbott','braun.alfonso@example.net','1877901950b03cd8dbaab1086c96211cf8d5af8a','26562357107',NULL,'0','1980-02-06 12:16:11','1995-02-20 13:09:01'),
('399','Aurelia','Feeney','valentine46@example.com','7a1041b64876cb331ab3d4b632814730751853f9','69418815667',NULL,'0','1999-05-16 23:50:33','2015-09-20 06:37:38'),
('400','Kory','Flatley','evalyn.spinka@example.com','9ab092fb54765d304830b464c970410e3a584349','43363651847',NULL,'1','2011-02-25 10:43:28','1975-03-20 13:45:45'),
('401','Angelica','Schumm','rboyle@example.net','8bcf8c7e311d44a5e53c8598c7169046559bcd63','68091859226',NULL,'0','2013-11-21 03:21:09','2003-07-23 06:50:12'),
('402','Angelica','Farrell','salvatore80@example.com','391709531cecbe5ac645788458456c577cf32729','88552457988',NULL,'0','1994-04-21 09:59:23','1972-10-16 21:52:50'),
('403','Raoul','Quitzon','wankunding@example.com','e5979f1dcf6c7a9ee0c49131e44f387fde651288','10554902818',NULL,'1','2020-04-13 18:41:04','1992-10-19 03:56:16'),
('404','Mona','Kunde','myrl72@example.com','4a4ad8586b7a7c87dafbe7fef0bccd494905458b','79847622173',NULL,'0','2005-08-17 05:21:25','2005-09-29 18:28:38'),
('405','Alan','Pfannerstill','delpha.leuschke@example.net','5e7ada5ec292833a13aa15e38129913bd4c3dc74','98373909024',NULL,'0','1997-11-09 04:02:33','2015-03-03 18:13:41'),
('406','Gordon','Buckridge','reichert.ashley@example.com','43ebd8bd297caf4175c9a8cab6b4ce617d6300e6','76358430469',NULL,'0','2010-05-20 05:17:27','2004-05-09 20:52:03'),
('407','Lysanne','Gislason','predovic.bettie@example.net','303a7127abc17920b64a2710ed680a55170df846','37434270074',NULL,'1','1988-01-08 17:51:24','2017-03-12 01:34:55'),
('408','Arturo','Hammes','chet.huels@example.com','159a974597dac5e840df2afd97fe97d218602a36','88190932339',NULL,'1','2016-11-02 10:37:43','2020-08-10 11:54:22'),
('409','Eileen','Abbott','magnolia01@example.net','4353ed568ed787bc4f89619aadf1179a0cddf5cf','18056016494',NULL,'1','1990-08-22 20:12:30','1972-01-01 09:58:02'),
('410','Mohammad','Hettinger','jmarks@example.org','830482fab5b028928fb0c9040b3560f69c297eca','58479640106',NULL,'1','2005-03-21 15:39:50','2011-11-30 08:04:20'),
('411','Sydney','Deckow','hershel.roob@example.com','b754117ac9a0eabbb7eda3267cec6598139e78a9','31523995227',NULL,'1','1993-02-10 13:11:51','2012-05-10 02:13:12'),
('412','Royal','White','lavon.yundt@example.net','da8e91ac72daf34558e45aa643f7df6a162c6e82','95412074523',NULL,'0','2018-12-31 01:12:35','1986-01-09 07:44:12'),
('413','Franz','Beer','ledner.everardo@example.net','70645d4904b67d86fbf137fd4f993461e2b8376b','46869286415',NULL,'1','1983-03-25 14:19:20','1997-02-06 11:47:54'),
('414','Sandra','Medhurst','rosenbaum.jane@example.com','4b420194338eca67400a06e9b6628d98977c77c6','16003797105',NULL,'1','2012-08-04 02:09:42','1985-12-29 06:18:33'),
('415','Amanda','Conroy','kunde.marian@example.org','55d0d485bae2564eb253c0db80bbe95d337db27b','47817621142',NULL,'1','2014-12-10 05:07:21','2001-01-21 00:56:56'),
('416','Laurie','Lemke','briana91@example.org','4d9afac4c0b5175e43570f1cacded572a2d37c56','88690807376',NULL,'1','1994-04-01 08:55:05','2009-07-05 12:29:42'),
('417','Danika','Beahan','qpollich@example.org','58f5cfc83363b76b6d7d4674ffc9634c54d02124','61011708029',NULL,'0','2009-12-17 15:05:35','1976-02-06 20:42:37'),
('418','Penelope','Dibbert','ookuneva@example.net','609fd4358ff33c349b047ae7057248bf0b2ccd10','79442642307',NULL,'1','1978-05-23 08:49:06','2002-05-31 02:29:50'),
('419','Ellis','Dickinson','bradly.mcdermott@example.com','34e588f39926e58b9819f012f2c4c9fd62bc6baa','52835915479',NULL,'1','2007-09-26 20:53:23','2018-07-15 01:15:39'),
('420','Emerson','Koss','lorine.johns@example.org','f8aaa12661bee311e0bcd11eefbd4fa648c0dc91','33071943102',NULL,'0','1996-03-23 12:58:59','2014-01-25 04:53:25'),
('421','Edison','Russel','lela.sanford@example.net','6f1cf79ecbc78f429043ab05620388523ebb8cd8','40306920078',NULL,'1','2005-01-16 01:25:33','1971-12-14 09:07:08'),
('422','Gerhard','Leuschke','troy.wiza@example.org','f5479500c2adae7b8c8d0cfd457406abb1d8e4d3','74957718350',NULL,'0','1983-07-20 11:53:27','1996-12-28 00:51:46'),
('423','May','Ryan','treutel.adrien@example.org','a479f82ddd09bbd4e4a7d2bd1d6b4d4b82c879f6','66429570415',NULL,'1','2013-05-17 20:58:57','1990-03-15 09:08:58'),
('424','Virginia','Swift','muller.shaniya@example.org','d751e8dd20af492a6ea851e1eebe3e986512fa79','29293219340',NULL,'1','1989-01-06 12:51:31','2013-05-20 15:05:29'),
('425','Marlin','Pacocha','robel.hyman@example.org','f368b27b97005ad00d704c227493631b3ec04532','31174444928',NULL,'1','2010-02-11 12:09:24','2017-12-19 23:40:12'),
('426','Royce','Moen','tobin.veum@example.org','6c8a5933c063167fac68c1df74ef5ce89e3a1cd8','73241930324',NULL,'1','2018-10-12 10:50:59','1996-11-08 18:55:10'),
('427','Kody','Powlowski','billy17@example.com','f97e0b42cf0ffa289eb429718880ced281c664ea','83613483989',NULL,'1','2012-01-23 01:37:09','2019-07-20 10:45:32'),
('428','Taya','Friesen','dillan98@example.net','210b946cd585f24d082373890f053888c1f2735d','57435729051',NULL,'1','2003-09-23 07:15:38','1997-02-15 09:32:35'),
('429','Kamron','Hills','noemi34@example.net','1f87adf7b5f03875377233d94bfd47eca1f4a4ea','57176134679',NULL,'0','1993-04-09 06:00:08','1978-05-16 12:47:46'),
('430','Serenity','Adams','taryn01@example.com','d8d701d4b4e45f01663bc89cff0084f636e366ae','50943905105',NULL,'0','2013-09-04 10:19:04','1989-12-06 00:59:30'),
('431','Eleazar','Davis','cronin.kali@example.org','7da80ee565f9a9ed9e60738cd996e513e60ee3a4','78777697128',NULL,'1','2004-07-20 15:12:06','1970-01-14 09:54:44'),
('432','Baby','Jakubowski','ftillman@example.com','536a8d8445779c82f99671238d97339368307050','29141401448',NULL,'0','2018-01-31 02:02:38','2000-11-11 09:05:48'),
('433','Winnifred','Lang','ted99@example.com','c5dd59c11c70c0810520b1990fe18e57883d679a','28435891084',NULL,'1','1998-09-04 02:28:59','1973-12-26 03:41:54'),
('434','Meta','Steuber','douglas.maxwell@example.com','f5a451d81841c5dca09b739a0801e447ed61f9ef','84359630323',NULL,'0','2002-03-20 14:18:41','1976-09-25 07:57:50'),
('435','Lawrence','O\'Reilly','brandt.bergnaum@example.net','e6314f83a46db3254d9b5fd62be179bdc34d1932','82288249316',NULL,'1','1985-10-16 13:59:43','1989-08-26 21:08:47'),
('436','Asha','Bayer','jrunte@example.com','7e1a071bddcba549d654cac2c9967d727ef747dc','17018267270',NULL,'0','1998-02-15 03:09:56','1984-10-14 20:58:47'),
('437','Braulio','Osinski','bcronin@example.com','ac8b686aacc82e799ff9ee2885d60963f89f5f7a','77719919807',NULL,'0','1971-01-08 15:26:57','2002-06-20 04:43:56'),
('438','Nils','Skiles','norwood93@example.com','4425e9d3f902a1b152764d06e6632c9011bb4a8e','68832162618',NULL,'0','2014-06-04 03:41:28','2003-12-30 12:38:54'),
('439','Audreanne','Kihn','heathcote.kallie@example.com','70aafcd6441bb241e1326e3cd20c22ac72446181','63166451212',NULL,'0','1982-02-16 19:50:11','1999-04-24 00:12:43'),
('440','Crystel','Kertzmann','o\'connell.marguerite@example.org','3e089e2c0587e10df07c4f946cf13ad19f081e05','51816229172',NULL,'1','1990-07-01 15:33:20','1976-08-24 01:11:56'),
('441','Arthur','Bergnaum','umurphy@example.org','f2905fa06253cb0e76eac4f4ddbbc2427de58977','73490171995',NULL,'1','1991-12-07 16:27:07','2011-06-01 02:28:54'),
('442','Wilfred','Cruickshank','omertz@example.org','c24974fc5fc789b88bdbd5ca67362248d1e5148b','29753827131',NULL,'1','2000-12-21 18:31:04','2017-01-31 04:58:21'),
('443','Jerald','Glover','kbeatty@example.org','4794bf6cacf592d885084c78ef15119e9fb2515b','99212303021',NULL,'1','2016-11-24 21:50:23','1997-08-27 18:55:37'),
('444','Manuela','Walter','drew.williamson@example.net','c8282aea0c12f84421329171aa6384c294e21c14','44237217735',NULL,'1','1977-06-30 00:12:54','1992-04-16 21:33:31'),
('445','Hoyt','Kilback','rodolfo.quigley@example.org','56ef1fac3c8e29642ef8772ece1b2d09ab5d19f3','87650578198',NULL,'0','1994-05-25 09:01:31','2001-11-11 16:08:30'),
('446','Uriah','Abshire','chamill@example.com','ffbd5d8d12361a52d9d2f82125fdcfbdcbba8720','85430865166',NULL,'0','1978-06-27 10:52:47','2015-04-30 13:38:07'),
('447','Elvis','Will','stefan.daugherty@example.org','266b5626c31b2db4237bb3b4b27f7a4060bbd773','50495442817',NULL,'0','2006-04-15 23:43:33','2006-03-20 15:47:38'),
('448','Guido','Kling','edenesik@example.com','fec408cd918de2e94373cedea30836b703028a9d','11691148290',NULL,'0','2006-05-05 03:31:35','2010-01-03 14:46:53'),
('449','Marianna','Johnson','trudie.goldner@example.com','f2b4ea91144dcec3ba6cdc68db185594c91ab60c','68970806421',NULL,'1','1986-12-28 18:16:28','1997-02-24 09:17:54'),
('450','Imani','Bernier','walsh.cortez@example.org','2fff2b5ada115804fedffa28c0b9f22809a6e307','56735100937',NULL,'1','1972-07-01 19:05:40','2008-04-10 13:33:04'),
('451','Winfield','Blick','shirley27@example.com','f3a65b5d2ebe8a71dac852f4212bd0e4b1fe362a','58490174692',NULL,'0','1975-07-27 02:52:18','1999-01-03 17:12:11'),
('452','Karl','Klocko','carroll.cindy@example.com','d00cc57abe91ab98420e448ec6c2f0fcb4971512','10164542375',NULL,'1','1999-02-28 05:32:04','1991-04-15 00:00:48'),
('453','Dolly','Breitenberg','borer.margaret@example.org','7658d3b35c18426a78fa63d07ffdaa6ba357a0b5','96118417084',NULL,'0','2010-04-18 10:23:43','1983-12-06 09:09:38'),
('454','Cedrick','Mohr','barrett.willms@example.org','8940fd9f33de9aebf77761a2f09e45c3b11a141e','76960301785',NULL,'0','2006-02-08 05:15:39','2002-10-03 02:33:24'),
('455','Preston','Volkman','vgreenholt@example.com','212146fed60d415c90eff7aa86ff22a19f003134','23366008480',NULL,'0','1982-09-21 14:32:39','1990-02-06 02:43:04'),
('456','Rosalia','Buckridge','bernadine.spinka@example.org','dd97ebc7469d7a42904deb71888ed7c9c853d475','97781017618',NULL,'0','2013-03-13 03:01:49','1996-11-29 00:56:19'),
('457','Berta','Flatley','kuhic.casimer@example.net','8c2513db6054d6af3b3c99a2f0a48be5e944c86a','67818757542',NULL,'1','1995-05-27 07:36:14','2017-03-04 12:58:04'),
('458','Tess','Mitchell','rath.kaya@example.org','6a71cc8c967caea6f1c057011368c0a837e53b11','42478787447',NULL,'0','2008-07-12 04:36:45','2011-08-23 04:32:58'),
('459','Eleazar','Klein','zkreiger@example.net','b6cb4d6b05e75c8b61c83ae2b502989441b1f6f5','28415545816',NULL,'1','1977-11-29 15:38:49','1999-04-21 05:56:18'),
('460','Mae','Hammes','valerie00@example.net','87c9ed61c13d411e0ffda1a17cf40cb461eeaba2','28252369104',NULL,'0','1978-08-14 10:17:24','2002-09-26 09:59:05'),
('461','Isaiah','Ullrich','langosh.osbaldo@example.net','92c03f88fe06b60671a03769d66fec183699e5f3','26418916005',NULL,'0','2005-02-16 21:08:55','1998-10-22 02:04:18'),
('462','Iva','Quigley','douglas.jovani@example.com','38ea65a591a5701551fc8b2f95406fa9720190ba','11162267215',NULL,'1','1998-02-04 15:57:50','2012-01-31 18:01:30'),
('463','Elizabeth','Quigley','manuel.koepp@example.com','8e0092ca4d62a521b5de78db43fa0a85415430b8','19953550794',NULL,'1','2017-07-11 14:05:47','1978-05-05 17:54:40'),
('464','Aleen','Parisian','emmerich.kaylie@example.com','22c094d2231b9c49f1410d742e1346734fcaab3a','40060304915',NULL,'1','1999-12-27 01:32:00','1994-05-27 18:27:51'),
('465','Emily','Kris','iprohaska@example.org','c251e9d79d85d83649ad74edf275ade136149cb1','90831920034',NULL,'1','1971-10-09 16:35:14','1979-02-19 02:46:10'),
('466','Marquis','Kessler','wwisozk@example.org','87dfe1ae7e7804414f5d8ace92faadbfaee0d2ee','31657037655',NULL,'1','1973-06-06 00:07:04','2006-04-10 02:46:04'),
('467','Cassidy','Powlowski','mohr.spencer@example.org','ab92a9eb51fcbf7a38639c33968754222c0dcd10','93096686927',NULL,'0','2013-06-12 16:10:31','2017-05-04 12:48:28'),
('468','Franco','Murray','kraynor@example.com','0480ae8275242b210bcdd5d430bbda40a003b195','37085538017',NULL,'1','1985-07-27 21:50:44','1981-04-14 01:52:40'),
('469','Albert','Orn','oritchie@example.net','2bc1b58986a8764e2eb4bb233b4950e0ec52fa44','94850741988',NULL,'0','2015-03-07 02:41:55','1996-11-12 23:09:00'),
('470','Kaylie','Herzog','qhagenes@example.org','b377fe789ea70bc864f9c7c19e08c15ed0262a26','35067228623',NULL,'0','1986-02-05 09:34:19','2009-02-14 08:51:21'),
('471','Johan','Lesch','wisozk.ayla@example.net','78e355bb238125529038a2fb3094ba02112b9b74','17889446662',NULL,'1','2015-12-28 04:30:35','1995-10-24 15:00:35'),
('472','Mike','Kihn','waelchi.afton@example.net','26bc29ff6d6905b8884a589f481ea7e1b4064a47','12026831819',NULL,'1','1987-03-01 17:41:42','1972-05-26 23:45:47'),
('473','Mia','Hermann','asa.howell@example.org','229efec4bda1f2d300b549bd1e3f666cef5efd33','94410246321',NULL,'0','1997-08-17 04:08:22','2016-11-24 08:59:53'),
('474','Eldridge','Adams','rpfeffer@example.net','2bda091032b6d350de5403d32423b0bcf3006931','48408885956',NULL,'0','2020-02-15 19:29:21','2004-10-16 22:37:35'),
('475','Mariam','Davis','jane06@example.org','01577feda4df740f17422dea67d5d067e9c7f80c','44824499427',NULL,'1','1987-05-05 05:49:47','2012-06-06 09:33:27'),
('476','Shayna','Rath','pollich.turner@example.org','6c2840c6cc8a7f441f7d0e36e255dc0e74e3a235','73835507244',NULL,'1','2000-11-30 00:11:23','2017-04-04 11:16:23'),
('477','Elian','Zieme','kuphal.rosemary@example.com','2eedfdf7131a1f8a4c969e1e2257c746e17392a8','54891248703',NULL,'0','1998-07-03 06:12:42','1988-10-26 05:37:56'),
('478','Percy','Kohler','tdeckow@example.org','cadda0cb4d12c2f9f4448ead702f027d3989050f','91341596869',NULL,'1','1977-08-15 04:26:44','1981-04-02 18:19:45'),
('479','Beverly','Adams','twuckert@example.com','2154af7142d3ff3abe91923784213e1e36071f4a','43954178467',NULL,'0','2003-09-06 01:17:01','1985-12-26 19:34:24'),
('480','Alexzander','Murray','turcotte.corbin@example.com','0dab83d073c16831320b1c59a0711243990d19b5','56459557479',NULL,'1','2010-06-23 08:44:28','2004-10-20 02:33:42'),
('481','Collin','Ziemann','qherzog@example.net','8b4b8c9c8fa15900518d39369c5844928c0841af','97539214505',NULL,'1','2016-07-27 01:20:56','1990-06-08 09:05:09'),
('482','Alfreda','Kertzmann','murphy26@example.net','50c8bbbe2b87c0e2690c70d523b5db6b2210a7df','67334896591',NULL,'0','2016-02-28 11:14:08','1982-12-28 07:03:20'),
('483','Lee','Breitenberg','orlando56@example.org','adb2b928aaebb3756da6745862f77bcc4a074df3','84047121834',NULL,'0','2005-09-16 08:18:24','1985-10-20 05:42:58'),
('484','Amy','Walsh','hodkiewicz.eva@example.net','c54b2b10085a0e8ae685f325730b51474d989091','27032678057',NULL,'0','1983-04-12 19:58:45','1982-06-29 09:17:21'),
('485','Jadyn','Hills','vgleason@example.com','aa154db5e7823380a7b10994bba1830db19937f4','74177672876',NULL,'0','1985-12-02 12:09:19','1980-01-10 17:43:42'),
('486','D\'angelo','Boehm','leland84@example.com','0f5de07cf614e436f12b12f9132b654a8bc2706a','61460945685',NULL,'0','1981-04-26 18:50:36','2004-07-19 17:11:13'),
('487','Jadyn','Doyle','eliseo.yost@example.org','298c841c06d3dd99ae240e2f5ce1aa29347570da','46623277012',NULL,'0','2011-11-01 20:51:38','2020-04-13 06:44:54'),
('488','Alexis','Ritchie','sydnee.orn@example.org','4eb19482de78d3b8122694467052a6dc164f98ba','25539650255',NULL,'0','2013-12-21 18:17:53','1999-09-27 04:52:47'),
('489','Phyllis','Hoeger','viviane41@example.com','68430a8620ebbc41eb932d794b761eca8b0ef2d2','58329152925',NULL,'1','2014-02-17 07:13:16','1973-09-08 22:44:20'),
('490','Kaia','Kuhlman','olson.percy@example.com','97438e6d058cb8a10121d25b77e5686c4a7c4132','33974674912',NULL,'1','1974-08-15 15:51:49','2007-01-14 06:54:33'),
('491','Kevin','Cronin','laurie44@example.net','9890a9dca7781f3a2f154e600d4962a7af35c217','37397403740',NULL,'1','2004-06-29 14:57:57','2004-06-17 09:04:43'),
('492','Geo','Koelpin','moen.theodora@example.net','96c6025b5497177d25d6955fa26f3640e8bcd1a3','35224921014',NULL,'0','1981-02-15 09:48:22','1990-08-14 21:08:08'),
('493','Litzy','Zieme','odell.grady@example.com','bce673314e3389da99e18957b5675cc8ba506495','59992507789',NULL,'1','1975-06-14 04:20:20','2009-02-09 05:50:48'),
('494','Rozella','Hegmann','lillie57@example.org','d1b49a4a46cadf80280c0035f831e5ee52b25589','58163195601',NULL,'0','2001-08-27 19:29:16','1984-04-12 07:49:44'),
('495','Tristian','Kulas','omccullough@example.org','35fbc09594031eade25a7f4a3215f6a11b637d88','17458380889',NULL,'0','1992-07-20 08:03:33','2016-03-27 17:16:34'),
('496','Destiny','Hudson','howard44@example.net','48a3b27cddee2cf1863a9ecfc072fc9e648abbee','13406956684',NULL,'0','1999-06-23 14:40:21','1996-07-13 12:24:28'),
('497','Heather','Fritsch','pollich.matteo@example.org','49c739e0d314127e37ac34ebbfe752a678ba9d52','23973138015',NULL,'1','2017-09-06 10:04:35','2008-04-14 21:56:49'),
('498','Annabel','Kerluke','german.waelchi@example.com','dae6be7d51bbd0d2c8e623078635c67a3a5069dd','93377000275',NULL,'1','2014-02-27 11:29:55','2018-02-13 12:16:33'),
('499','Thea','Ritchie','hansen.jeramie@example.com','c366e4dbc8d453926226b9318ab31fa31c71a40d','10099941287',NULL,'0','1978-01-14 05:57:17','1989-05-21 10:11:59'),
('500','Maritza','Beahan','coty06@example.com','3254c7f2e08919533d33153e8624f87dc2dbdbee','39900681963',NULL,'0','2018-03-16 03:04:12','2005-05-17 12:18:00'),
('501','Margie','Rohan','craig78@example.com','4745bf8c3f22581a86eb3ff3f28e29d4a7de41ee','51748488601',NULL,'0','1997-09-11 14:13:13','1983-07-11 00:08:28'),
('502','Tatum','Turcotte','esther75@example.com','7168fc27a4c423affaddd8cac804e7ec6e6d1024','31284449193',NULL,'1','1979-12-03 11:20:49','1991-09-06 01:05:00'),
('503','Esteban','Towne','arno.cormier@example.com','2d51fbd47c3734b0d984aa9c9ef0ed2f6a103365','92322416040',NULL,'0','1992-10-06 02:39:14','1981-01-22 14:03:23'),
('504','Lisette','Ferry','aniya.wintheiser@example.net','5e93e3b231d18cd655d64f339d2a0314c63030cc','57786147925',NULL,'1','1997-05-11 15:02:20','2011-12-17 08:36:54'),
('505','Jana','Kuhn','denesik.jedidiah@example.net','f9fe2fc4d59ebce5534f47c857191be66b4cc35f','32242427300',NULL,'0','1977-07-16 03:38:47','1973-09-14 00:52:40'),
('506','Ashlee','Sauer','laurine52@example.com','73aeee1042d50f2e8a6ac700976a0393fed269fc','12531373272',NULL,'1','2019-01-23 17:12:14','1990-04-22 14:56:06'),
('507','Tony','Dibbert','terrell64@example.org','69f88684b033c494a669da8e4f868398af71e0de','69665228617',NULL,'0','2014-06-07 02:50:53','1982-03-13 09:25:52'),
('508','Edwardo','Baumbach','jerome.connelly@example.org','aeca103c71570191b5cc77bb8a3c1311715e5057','65281254374',NULL,'1','1975-04-02 15:44:55','1985-04-19 03:43:28'),
('509','Brooke','Schulist','josianne.marvin@example.net','bcd52ae3c44bcb5d2e3cc68a25600e7e7132a21c','89394797096',NULL,'0','1975-09-12 06:37:02','1970-10-02 02:40:35'),
('510','Florine','Kilback','vterry@example.com','8d281121f9f95afc9104c66d9ee0eef437551d9b','54238735102',NULL,'1','1975-11-30 14:20:09','1975-02-07 04:26:18'),
('511','Alene','McKenzie','skiles.verlie@example.com','129c6b9ca54873c17ffb7375de9da54734268b6a','62742742905',NULL,'1','1982-12-14 23:39:54','1973-09-28 20:07:36'),
('512','Mireya','Gutkowski','jacky.kshlerin@example.org','9b6eb3bad3fe18bbe3b14497f24de5f5b79c73eb','56704949680',NULL,'1','2019-08-18 18:19:25','2000-06-29 01:24:57'),
('513','Willis','Dickinson','bosco.wade@example.org','033bf81530d66351b4f04c9d85d153246227f496','83326436034',NULL,'0','2000-12-01 08:00:50','2001-07-31 13:29:40'),
('514','Jaquelin','Predovic','sipes.kendall@example.com','959fe78f0114e35a743fbbff20a79079a676a200','42196507873',NULL,'1','2003-12-19 15:48:25','1986-03-23 04:34:43'),
('515','Eden','Wolff','lelah30@example.com','fa088a77c509a8886971b900db94d9cc31d34e9d','90906048202',NULL,'1','2003-09-23 11:32:15','1976-05-05 09:59:28'),
('516','Reinhold','Grady','leannon.werner@example.com','d540db541ab1e5b1eae3696ebaaaafb798cc1bb1','40945532713',NULL,'0','1972-10-22 03:34:13','1991-10-24 22:14:39'),
('517','Laila','Hayes','dillon08@example.com','d0e1faf6b0b98d9a7faf8addcbd6a0fcb32637e5','47369965361',NULL,'0','1988-05-16 13:39:34','2018-02-15 08:23:15'),
('518','Jedediah','Kemmer','ottilie.kiehn@example.net','76ff464cb4fa3e764eac1aa267360468084b24a6','85535060144',NULL,'0','1982-03-11 08:05:37','1977-06-08 17:15:14'),
('519','Shawna','Hodkiewicz','guy69@example.com','cef2579d0fc33a4487821ff6b18fa557a3de865a','89658089228',NULL,'0','1991-02-04 22:18:24','2001-06-30 02:45:21'),
('520','Paris','Marquardt','destiny.simonis@example.net','7fef487bb79f878270013b17cb1ee4ca65212305','24511886686',NULL,'1','2017-01-19 14:53:19','2011-05-09 00:06:41'),
('521','Dominic','Cronin','leuschke.flossie@example.com','d94da9dc33f9f729ddfa38f900c750544859c89e','96681936122',NULL,'1','1982-04-09 10:00:38','2015-08-07 05:13:39'),
('522','Virgie','Huels','mondricka@example.com','511d5c1fa2dad69d50787222e3fa2bb28b15ae56','96142050027',NULL,'1','1991-01-14 00:59:50','2006-12-09 00:57:44'),
('523','Oran','Mitchell','lester.ullrich@example.org','b04ca543773ddf5be5363f9f478b0afecb69327e','77781720082',NULL,'0','2003-11-08 01:17:13','1988-01-24 17:28:06'),
('524','Orin','Huels','helga.mitchell@example.com','ddc5ab94cec4b200f46fc469427d941f2696213d','67231853287',NULL,'1','2002-08-28 10:08:15','1982-08-19 23:49:55'),
('525','Niko','Klocko','kshlerin.carolanne@example.org','6d296b9a7e1b0384f1939ad025408641280068fe','84525858466',NULL,'1','2009-11-26 00:18:28','2003-04-22 19:13:56'),
('526','Pete','Leffler','raymond.williamson@example.com','b69c4f4d9bb00bad80e7b22295dbd54aef4feda9','92500464846',NULL,'0','2000-11-28 04:45:48','2014-01-19 00:20:33'),
('527','Donna','Botsford','margret.pouros@example.com','3007bbad3d15ddb8c9098422e7a327648a97e9c7','17670673625',NULL,'1','2008-12-13 01:22:06','2011-04-18 15:11:05'),
('528','Albin','Kerluke','marcellus.emard@example.net','7574816a0f87a7bd9e75a995e08cb285720a1c2d','51515094926',NULL,'0','2018-12-23 10:57:37','2008-10-13 12:15:37'),
('529','Eloisa','Nitzsche','agustin.kohler@example.net','7779f8c099a88c762edfd82c09dbfac60ef1ca1b','49934206590',NULL,'0','1974-05-18 12:02:29','2012-03-23 21:01:34'),
('530','Jazmin','Ondricka','sean15@example.net','4ea8a4541dae02f219a63d29197b542ca01fe2a1','43548925560',NULL,'1','2003-03-09 18:56:42','1988-03-27 00:41:25'),
('531','Mackenzie','Heller','albertha08@example.org','afa9cead499695956f39b7f48544684ef8eae844','78915724819',NULL,'1','2018-07-15 00:47:08','1998-07-14 18:43:18'),
('532','Toney','Kub','ollie68@example.org','822e2110d00944f6cc27a63cf72afe3f4405cd91','82598316324',NULL,'0','2012-07-22 01:19:29','2011-02-20 02:30:28'),
('533','Meta','Murazik','hills.maximus@example.org','17a931eacaf6f27a11ef88a843e52aa6d12f3929','42480467138',NULL,'0','2001-09-11 01:24:47','1978-03-26 19:54:46'),
('534','Johnathan','Veum','ncormier@example.net','58b4f1c2b3d993cccfb3c02779a37dc5dc3a7b8b','21787133309',NULL,'1','1986-02-21 09:46:08','2003-10-14 00:46:14'),
('535','Nat','Watsica','mante.gerardo@example.org','4d276be40a595add7cce0fe8631501528705f304','80565848303',NULL,'1','2000-04-14 09:07:54','1991-10-06 11:41:38'),
('536','Jermey','Hamill','wilmer71@example.net','ccf402fc3d46e5036e7e618422ed26c88731cd1d','38320005270',NULL,'0','1995-08-06 01:56:11','2019-05-01 12:34:01'),
('537','Ruben','Botsford','blanca86@example.org','ff04d0daf104737b77825c557377c172c3233099','70922555709',NULL,'0','2015-02-09 22:40:19','1995-11-26 15:08:40'),
('538','Clara','Reichel','roman.daugherty@example.org','1fb7fa080b96be6745da3268a98dee7dc31a07f6','91560539891',NULL,'1','2015-03-10 14:28:18','1991-02-04 23:26:02'),
('539','Joelle','Maggio','yundt.lottie@example.net','56cfadf0b952cdf08b00d198ae11bc054e5b10f6','99856212055',NULL,'0','2019-12-11 08:17:04','1976-10-30 23:35:55'),
('540','Chaya','Fadel','pfeffer.bernita@example.net','538e539f708b4b4c57cd12ab758276259db7798b','10760629465',NULL,'1','2002-10-17 22:29:47','1972-12-03 07:27:58'),
('541','Rhianna','Dietrich','emelie80@example.net','49042056c4088b6ed80837b17b1737b6cf2fef8f','72511234101',NULL,'1','1998-07-26 04:58:05','2016-12-13 17:04:51'),
('542','Efrain','Miller','zena32@example.net','5e4e86e481f08d832ab25c7e40f39ee2c373c7e2','99272056813',NULL,'1','1982-04-01 05:56:14','1981-08-19 08:43:08'),
('543','Hank','Koss','neoma32@example.org','44bf3b59294bf47e91099cab4e7ec216b0fd922c','67274120207',NULL,'1','1990-12-24 16:46:15','2001-05-08 16:00:22'),
('544','Laurie','Harvey','alysa.becker@example.com','f9b8259f89e5d851a7d782c078034260a5e73d4a','13121288684',NULL,'1','2001-10-24 11:25:45','2014-10-19 11:53:39'),
('545','Lorenza','Hamill','thurman01@example.net','dfd4d33e69497d18002a1726f54e65d36d1f97d1','13272245167',NULL,'1','1998-07-08 14:54:13','1971-03-27 08:25:10'),
('546','Casimir','Sipes','hazel.davis@example.com','32c5554eb016a52e236d4977b5799fb8aff901a0','35224356995',NULL,'1','2001-11-24 10:42:59','1971-11-08 01:13:57'),
('547','Jazmyne','Macejkovic','beaulah17@example.org','6f698f99a061fb0afb1573924f915477b72269d7','32788757192',NULL,'1','1999-11-13 20:28:40','1983-12-01 19:51:30'),
('548','Anais','Willms','orau@example.org','e498e0f415c09ddba0cd18e544b65dd9ffde159a','54938558386',NULL,'1','2009-01-30 12:03:38','1981-09-11 04:28:46'),
('549','Alysa','Hegmann','nitzsche.norene@example.net','1771ccfa0b6247ab3030a66b3257834b551e985f','51799636860',NULL,'1','1974-08-07 04:13:27','1985-06-06 19:02:37'),
('550','Libbie','Mohr','stephon.langworth@example.org','a09ef9cc169fc3caac12411a8b865e0b0e00ed13','60956858405',NULL,'1','2001-11-09 00:22:21','2019-01-03 02:58:18'),
('551','Wendy','Vandervort','sheridan26@example.org','85d014ea28e02f3e5edbbadd408878b600598888','77485136874',NULL,'0','1996-02-04 16:14:53','2004-09-28 11:19:38'),
('552','Zola','Medhurst','izaiah.lowe@example.net','829830e7b9b122b9d5553af1d919ed4342c54f48','19817455802',NULL,'1','1970-08-27 18:12:30','1977-11-16 21:48:38'),
('553','Jada','Schroeder','noe.wisozk@example.com','5501053aa49a64839ab5bf0bfe352e01e3448857','72625150033',NULL,'1','1974-10-09 05:31:22','2009-08-16 17:33:53'),
('554','Jacynthe','Stanton','lebsack.elizabeth@example.net','b18d770e394a72e9289c0d43511427e45a2c7833','52533222031',NULL,'0','1987-06-15 00:20:15','1972-03-03 03:29:35'),
('555','Merl','Parker','fbaumbach@example.net','b92e1fb59a6cff8ff630c5b6d1c7306748f2bcf0','75866067251',NULL,'1','2010-10-15 15:47:11','2015-02-10 08:21:23'),
('556','Edwina','Spinka','olaf02@example.net','7c4e2285813f69b88aae3bb414ca39724127a94f','19459052579',NULL,'1','1984-05-25 19:35:47','1980-06-14 12:26:55'),
('557','Lyda','Wisoky','abernathy.leanna@example.net','067c2bd4b677839ac7e7741ac757a2790b0921bc','59812525571',NULL,'1','1976-09-18 12:43:31','2015-09-16 00:10:42'),
('558','Alanna','Feeney','torrance.bernier@example.org','38d23020d7eaf6496f2a6b4c548633a3d5e26b61','45158718219',NULL,'0','1995-12-08 00:43:26','1988-10-24 02:05:31'),
('559','Hunter','Dicki','zboncak.xzavier@example.org','f9526add0808680d42f90782379339cc3f137693','69415257340',NULL,'1','2012-02-05 02:50:30','1996-09-24 19:56:00'),
('560','Myrtice','Leuschke','isaiah.batz@example.com','54b6d259ce4d352444d78cb3c7a74aa5ccb1abab','22427427354',NULL,'1','1981-09-16 22:58:20','2007-07-28 01:27:39'),
('561','Sharon','Weimann','baby51@example.net','4f2f686c64176452708184f75f2aa37b655e243a','47417416069',NULL,'1','2006-12-05 15:33:21','1976-12-30 18:29:01'),
('562','Brando','Kiehn','modesta.price@example.net','2e5ab022c0201535e2cdcc9ba123e96d58732edc','80501414476',NULL,'1','2006-06-09 08:00:18','2013-03-31 04:46:01'),
('563','David','Donnelly','rkonopelski@example.org','1378d907601f3f75f4e89596338838358069029c','13615571442',NULL,'0','2020-01-30 01:31:29','2010-12-13 18:26:20'),
('564','Keon','Hartmann','ewald38@example.org','3f22c4f9dbf2689a3b5f38626c614bfed63ee738','32076121792',NULL,'1','2000-11-19 08:18:48','2011-08-21 20:41:01'),
('565','Linnea','Erdman','cory56@example.net','2055a72b9748dbe095f2a568aa11fcd41ad57e75','21917934962',NULL,'1','2009-07-09 10:02:41','1992-01-09 02:46:58'),
('566','Mercedes','Davis','ashley36@example.org','4464be63a810f4277bcc656d76648f304cb2bf19','35614386941',NULL,'1','1972-08-25 11:43:00','1993-06-03 00:46:34'),
('567','Lola','Keeling','winona.renner@example.net','d9ce05124d7c22e25e5e07231f07cb5fb5dbf861','40750807230',NULL,'1','1976-01-30 02:37:17','2018-11-15 11:52:42'),
('568','Shanel','Friesen','turner.daphney@example.net','a15892282eebc411710bfc7c88168744086d7b4f','98792573353',NULL,'0','2018-01-16 10:55:43','1979-04-17 23:27:19'),
('569','Kaylee','Bode','twila.romaguera@example.org','ff860c7261cf1c03a8776701eb673ea2bf1f7c4c','43932608729',NULL,'1','1986-09-14 03:36:49','1995-10-28 11:45:18'),
('570','Amir','Gusikowski','harvey.agnes@example.com','099db7893657b34efd01f73d4741b7236dcb47a0','78355985977',NULL,'0','1971-05-03 23:18:36','2007-07-18 22:37:56'),
('571','Carolina','Rempel','makenna32@example.org','0e09aa2c4ed0b80a16f953b6b07dcd9bdf3d3d37','66363107496',NULL,'0','1999-07-23 17:09:35','1993-12-04 10:18:10'),
('572','Charlene','Runolfsdottir','hank57@example.com','98ca266f3347e2878de1079b7d86139fe78d8d82','94114598073',NULL,'0','1980-11-17 01:37:34','1987-09-07 23:19:51'),
('573','Mozell','Rosenbaum','hbayer@example.org','0444c0d1f9884051f7ee92a7fa73fb39eb189f61','32446526852',NULL,'0','2009-04-19 15:21:45','1995-04-03 20:02:09'),
('574','Price','Emmerich','roberts.lilian@example.com','3f04533c6a8ede59fd6ba9d87b90d72088188391','70649676062',NULL,'1','2013-01-25 16:54:28','1973-03-23 00:51:43'),
('575','Eddie','Hilpert','araceli.keebler@example.com','68890aefff06c0ae227798d4e964b31dca58badc','25730646713',NULL,'1','1983-05-29 22:46:03','1976-04-21 01:29:59'),
('576','Olin','Rohan','eva.paucek@example.com','7f77e67220ad888e59d3c79c3a836d8e6912b470','16365385283',NULL,'0','1976-03-13 14:55:53','1993-02-16 07:59:05'),
('577','Fleta','Schiller','trisha.kulas@example.com','2332633891b4071ef621b99e13cf29cc480ca796','15794058293',NULL,'0','1986-08-23 21:06:11','2011-08-27 07:25:30'),
('578','Mireya','Bogan','viviane.walker@example.net','b40859db28958014af9388302edf6e7485acf515','41021611476',NULL,'1','1998-01-23 19:01:37','1976-12-22 22:32:23'),
('579','Adeline','Hettinger','nicholas58@example.org','63705504b9df3b68d28c54f6a83024d3cf382db4','62520578340',NULL,'0','2011-03-08 17:04:47','2005-05-21 16:06:23'),
('580','Lilla','Rogahn','grace.johnston@example.net','b770e89e0abcbb0b49634cf36b8faab0bd59e205','12389826481',NULL,'0','1982-05-18 15:34:59','1973-01-26 20:08:29'),
('581','Reilly','Stamm','braun.icie@example.org','0525951da73b0e7e095e272f362f82ac0d50d520','99311694623',NULL,'0','1982-05-04 08:51:34','1998-02-03 22:44:45'),
('582','Lorena','Stoltenberg','swift.trent@example.net','e42f12f808cc693ecb2c4c942f4c1a0e6e23325b','87212252020',NULL,'1','1990-08-24 11:36:15','1984-08-03 15:24:28'),
('583','Jovani','Hauck','orpha.trantow@example.net','d013d24eae8812661a04a49e6bedad56d3ee142a','79833452273',NULL,'0','1973-08-12 01:14:28','2014-01-13 17:10:48'),
('584','Chanelle','Hoppe','carey.reichert@example.com','e32eb64226ec82fe2b65fc6d66777a55b9189bc5','91074648592',NULL,'0','1988-07-26 08:33:24','2001-08-04 07:33:53'),
('585','Clifton','Stiedemann','gayle12@example.com','e8185ecaaf5f1bfcedbe7fbc0341dc3df6aba88c','91914073983',NULL,'0','2002-04-25 00:43:58','2008-11-23 15:58:54'),
('586','Emelie','Rutherford','nbogan@example.org','183d25fde261a5e97d87a1dc641ed35b89102f5a','99377240603',NULL,'0','1981-10-25 21:04:22','2020-07-17 05:24:50'),
('587','Madelyn','Hansen','twintheiser@example.com','f3d1fc9311f3e492e2c48f36a794eb379f73cd71','74737842716',NULL,'0','1970-05-08 15:04:45','1983-09-25 19:39:51'),
('588','Camille','Altenwerth','garrett95@example.com','7df8cd45986ff77f34e2039c931d844b4c16bb5a','82705257926',NULL,'1','2014-12-11 08:11:31','2014-02-03 19:46:36'),
('589','Clarabelle','Gerlach','kblick@example.com','ed7de0e65e76fc2962b22045a95f10fc35644b1c','44857272040',NULL,'0','1988-12-20 14:26:57','1971-05-14 05:44:26'),
('590','Marjolaine','Zboncak','grayce28@example.com','db506a8e1d54631f21bd012d601a43e174d3dc74','51394528457',NULL,'0','2013-09-05 19:16:35','1974-02-04 04:16:08'),
('591','Anissa','Effertz','kunze.brant@example.com','513f0e218072404aa67cd6e4aa1f3009843cd909','38674224792',NULL,'1','1993-07-29 13:42:53','2011-06-28 23:40:41'),
('592','Flavie','Flatley','lprice@example.org','30b004f703e1fd8a54791c8064261713b4e09896','24977636272',NULL,'1','2013-07-28 22:42:57','1990-12-14 15:07:44'),
('593','Megane','Wiza','herminia.rice@example.net','07b662ea6c50db88184689f2fb646eca91fe8ed8','32737497873',NULL,'0','1970-12-10 20:54:15','1987-06-07 13:04:58'),
('594','Eveline','King','zachary.hand@example.com','25b9fddcdaf7f8efe35cf9b1b4edd27d155dd0b4','36522622685',NULL,'0','1972-01-22 20:01:07','1981-04-19 19:05:50'),
('595','Marquise','Nicolas','hilbert.kohler@example.com','0e702adf0e04a13184c24595fbf5ed19f1b3e38e','25161006958',NULL,'0','2015-12-09 22:07:49','2005-12-04 11:26:20'),
('596','Dejah','Dickens','cristopher.miller@example.org','9cb70931f7f35deaf4d8a638aed91dbfba53a069','76711173518',NULL,'0','1971-12-26 00:26:57','1981-05-06 20:19:46'),
('597','Ulices','West','aleuschke@example.com','91aa66408904db3100bae6e15a240f713cbb9386','48423566399',NULL,'0','2009-06-16 07:20:55','2013-02-10 11:25:55'),
('598','Ariane','Padberg','charlotte.stehr@example.net','1305768cfad22c3fd807ae14e00ff2c4d664b5a2','29074416002',NULL,'0','1972-10-12 07:51:12','1976-05-03 22:28:11'),
('599','Moshe','Bins','kraig99@example.net','00d291c1a06e341bbbf36d6e367fa0d2c29a80ad','77637323820',NULL,'0','1987-11-02 01:07:11','2010-01-01 15:00:00'),
('600','Orval','Kautzer','ibrown@example.net','4785f55d11555bf423b1f7d46499ccae152d6cca','99723415174',NULL,'1','2002-06-02 01:18:04','1993-07-25 16:20:22'),
('601','Makenna','Mertz','cloyd.vandervort@example.org','3ddf91efe2fcec540bf34f79ed544f851d1eecbe','39438646943',NULL,'1','2013-05-06 20:14:33','2004-05-25 00:28:12'),
('602','Haleigh','Kuvalis','schowalter.marjolaine@example.net','7419319042ce77a872c512205511ae33d107754f','42173913070',NULL,'0','1980-04-13 04:54:29','1973-10-10 07:58:17'),
('603','Brenda','Zboncak','no\'kon@example.net','c57d0504b3418914ea100feedbe582e3c4525d50','17405456881',NULL,'1','1979-09-19 22:03:39','1999-08-01 07:08:46'),
('604','Marcia','Wisozk','hans16@example.org','31f6d8a8ba20e5e328b5fe582bc3ae9057f550fd','27131856298',NULL,'1','1996-02-11 08:03:47','2003-05-31 11:20:56'),
('605','Ima','Botsford','yemmerich@example.com','401a13a7903660136d1db40c0e02724a54c1eb07','83624580414',NULL,'0','2013-05-20 02:53:12','2010-01-06 05:28:39'),
('606','Vesta','O\'Connell','elody.davis@example.org','ba2512f5748f47d6d6af6058e7609ddb6c358b49','28860532213',NULL,'1','1982-04-04 10:18:52','1981-02-21 19:34:53'),
('607','Chaz','Harvey','wcummings@example.com','af31af7a7098bc983b54b3510720909d68de90f4','32209430555',NULL,'0','1985-10-08 16:50:24','2016-06-11 06:30:28'),
('608','Maxine','Lakin','ferry.robyn@example.com','e1a598d74940a8b58424e1562925102398b6112f','83002887195',NULL,'1','2009-10-26 20:47:58','2002-05-01 08:34:02'),
('609','Darrell','Orn','opfannerstill@example.net','4f8f8255162b40d47f2f037f3e513537bfd46fcb','98231950304',NULL,'1','1998-08-05 20:16:19','1987-02-24 06:19:23'),
('610','Wilber','Bahringer','olowe@example.net','223cceb81f2762d279b14bffe56c9a3c3eec3569','83130359430',NULL,'0','1989-04-02 20:29:38','2009-05-14 11:59:22'),
('611','Price','Heidenreich','lkessler@example.com','0681d26bf028f9746308f87687d56e42ac185e97','93376254579',NULL,'1','2010-08-27 00:57:45','1992-03-30 00:32:51'),
('612','Wilson','Hegmann','ari.boyer@example.org','ede8e1ddc469a8c09ac091196164e99b4585f854','44699424961',NULL,'0','1995-12-14 04:04:14','2011-01-25 02:35:27'),
('613','Demetris','Keebler','reginald63@example.org','ce6a9396ace140369319525a043e2b56b69439bb','64421622813',NULL,'0','1989-02-16 07:40:25','2018-12-07 05:16:26'),
('614','Fern','O\'Keefe','ucruickshank@example.org','b431742becfdeefe94b804cfd0ef60500c2f5827','81272948882',NULL,'1','1971-07-24 00:55:38','2004-07-07 11:53:37'),
('615','Karlee','Johnston','stephany.wisozk@example.com','a5d3675a51149a7f505886cc480fb3f424304bad','75294819092',NULL,'1','1980-08-12 15:50:57','1972-12-17 17:02:50'),
('616','Emmitt','Nicolas','hgerhold@example.net','7344e6306812eb6face54dabbb09d737a186f2b1','87517031934',NULL,'0','1970-08-17 00:18:00','2018-02-12 21:01:12'),
('617','Nakia','Grant','gretchen.christiansen@example.com','efc98400ef9cf495fcc85ed37f71050186e302fb','14680493371',NULL,'0','2019-10-24 20:16:00','2020-02-13 10:52:03'),
('618','Jaquan','Daniel','delbert.kilback@example.com','4ae19860204cce42336a7eae0e380e42411a96e4','44634871860',NULL,'0','1980-10-28 10:14:30','2017-05-24 16:19:19'),
('619','Meghan','Hodkiewicz','kklocko@example.com','6f6d3cb39f3d671d9802e709511ad0fc09da78af','47994191464',NULL,'0','1989-06-30 21:30:03','1996-04-05 18:59:15'),
('620','Elyssa','Rath','xgottlieb@example.com','2dcf28d0785b9c67454613c8e0e20157b552c766','18223339230',NULL,'1','1987-06-16 01:14:04','1987-01-06 00:21:14'),
('621','Dorothy','Kautzer','providenci54@example.com','9277d69b278befd399b7d63ac062496aa531ea80','13360501746',NULL,'1','2005-03-02 22:09:12','2004-01-25 01:27:08'),
('622','Jean','Becker','vallie.tromp@example.net','4b545cba3a566beefd677115a2e61666749efd3d','27950619417',NULL,'0','2019-01-10 12:19:15','1998-01-01 04:58:18'),
('623','Tierra','Beier','fleta95@example.org','ccb60d43c8e6dbdaebdd94261606235b70e27c4a','92941424869',NULL,'1','1996-04-05 04:52:44','2019-01-19 07:57:38'),
('624','Reid','Klein','hellen.altenwerth@example.net','8e0122c036051493f70fc1b67931b058ebb1a46a','15384856839',NULL,'0','2003-12-01 03:37:55','1991-10-09 09:37:28'),
('625','Thalia','Yost','linnie.schimmel@example.org','fd17dfd1be04f36b8aadfa51ecc3a5bd8920d2f0','20987282698',NULL,'1','1996-05-26 04:47:28','2004-05-30 13:19:17'),
('626','Paul','Renner','tiana.zulauf@example.com','a7c80402614e63592f94e231753119d507b4a5c0','37121323840',NULL,'1','2006-04-30 19:46:45','2007-12-11 01:33:49'),
('627','Laurie','Huel','vschmeler@example.net','02783d0765d85618fdef669b999abcbe3d8fe51d','61049470012',NULL,'1','1982-01-11 10:22:51','2017-03-06 00:34:34'),
('628','Izabella','Considine','mariane.welch@example.net','19991587cfee75bfb6394712163604c08cc3263b','48671910203',NULL,'1','2001-08-11 12:02:55','1983-03-25 04:20:55'),
('629','Tevin','Yundt','johanna51@example.net','60db3cf994a977b0c5b056ea9282adbe70ed93b0','42134649301',NULL,'0','2016-08-01 21:49:16','2019-05-09 23:45:01'),
('630','Amir','Watsica','schowalter.leif@example.net','8d066af6094be7fba6291c025d1ef58ec8023a1e','84171786298',NULL,'1','1999-11-26 17:37:34','2003-02-23 06:53:32'),
('631','Mason','Christiansen','koelpin.else@example.com','fb6c8a8257f1b5d555f630237bdce2b18d45dc14','61155148250',NULL,'0','2001-10-13 02:33:09','2001-08-10 19:05:12'),
('632','Angelo','Breitenberg','curt49@example.com','f7c4cb125788f6ec475aa5dc35afa4c80c57512e','82669761907',NULL,'1','1976-04-25 05:13:07','1999-03-09 02:40:28'),
('633','Braulio','Huel','kennedy.wuckert@example.com','6eb29e2da8a9c29d7926c8a5862ada2d1c188dde','72569439713',NULL,'0','2009-10-19 20:30:30','2006-09-16 11:14:39'),
('634','Jan','Koch','alex87@example.org','f60f15240dc770d9a43d518cb6dd9fa8ed064e61','73658135905',NULL,'0','2004-04-14 07:47:26','1999-11-25 09:40:50'),
('635','Nestor','Spencer','hassan.terry@example.net','5196161d46cab9cb7ef246018c8bb71c2403570b','53500222796',NULL,'1','1988-04-06 07:55:13','2018-05-21 17:11:56'),
('636','Benedict','Altenwerth','connelly.orval@example.com','033ff8e8c8badc1e49e91b953b4c450fdc3a92a7','73892988828',NULL,'1','2010-01-05 20:31:35','1978-06-26 20:43:08'),
('637','Rashad','Runte','dooley.reinhold@example.net','181951ee23eeead52efc559c13c34c31c2add9cd','60040594767',NULL,'1','2017-04-17 00:45:06','1994-02-25 23:56:09'),
('638','Alfred','Schumm','pprice@example.net','82d3817cdfacb8ae58e7bb208e6beec8a0c8d98f','46756408079',NULL,'0','1979-04-20 03:57:10','2012-11-11 06:54:23'),
('639','Kelton','Lowe','jay20@example.com','6df6504311572b7a75b340eecc796ea4e6e9f66b','67927485872',NULL,'1','2000-01-10 04:55:22','2014-06-14 12:35:41'),
('640','Rosa','Mayer','botsford.savannah@example.net','32032cf291247d144a89df7b1140e7757a5f3990','55127255059',NULL,'1','2013-07-28 05:50:14','1982-10-01 20:30:01'),
('641','Antoinette','DuBuque','kling.jayme@example.org','7aa5a081403189744e824ac82c2561d4f6291d7a','90090721119',NULL,'1','1986-06-08 23:42:29','1973-05-15 15:32:32'),
('642','Sammy','Rath','dayana.johnston@example.org','fba3c393264a702ef3bc56971586ef41114963c1','18961689597',NULL,'1','1972-03-29 12:05:46','1973-11-25 09:41:33'),
('643','Clara','Runolfsdottir','christy69@example.org','f8f27018fc172dabe3677d63f1497eeeea59f945','66756480480',NULL,'0','1999-12-15 14:45:06','1980-05-26 07:13:29'),
('644','Eulalia','Smitham','kennedy.gibson@example.org','3333f7e28ac9c767520e22f04f5c19e4991c2aac','51010888791',NULL,'0','1982-02-03 03:24:31','1976-01-19 16:42:03'),
('645','Landen','Rath','ewald.reichel@example.net','9dd7d7eee5b4bd939c89d0ed95f7d47a93ffd1a0','67554004904',NULL,'1','2011-05-26 22:24:58','1983-05-18 14:08:23'),
('646','Verona','Ebert','wuckert.tre@example.org','d08cfd59340683d8d3319ba31fd21996f0766f3c','36847577085',NULL,'1','1970-10-09 22:58:05','1970-11-15 16:13:37'),
('647','Keshaun','Bernhard','lebsack.ray@example.org','b4c078d44768e6535ab44f011c6f55f0f5de8008','94343299432',NULL,'0','2006-01-07 19:28:49','1974-01-13 04:13:20'),
('648','Baylee','Rice','nolan.abdul@example.net','f80dc112610c2619ab6af6e8dceff05ea0ad6fd7','92374277347',NULL,'0','1989-11-17 01:03:12','1983-11-14 23:13:42'),
('649','Art','Sanford','gyost@example.com','c788e643feda28f1fcd60236b8b27a2624b4c6bf','24261130988',NULL,'1','1975-10-03 03:48:50','1976-01-06 05:15:25'),
('650','Jocelyn','Romaguera','mcclure.krystel@example.org','81402ecb3ff88fac72117123bf01acf68d14958d','14763120245',NULL,'1','1976-12-27 14:50:07','2000-09-02 16:57:48'),
('651','Cicero','Kuhic','kulas.roxane@example.com','18ffcbc3c9be79e0c8d8c2729ed32b21e86744a2','26867959829',NULL,'1','1974-03-29 03:02:27','2010-07-28 00:13:39'),
('652','Dena','Halvorson','toney32@example.com','d6624cb06b4d4984b3d935b302ce4c2a37010c21','68039699816',NULL,'0','1998-08-13 19:21:02','2004-05-16 06:13:05'),
('653','Devyn','Sipes','crist.cristina@example.com','eec0741a265c471cef8a942f76d5504b838111c8','89070719988',NULL,'1','1971-04-24 13:29:45','1996-01-29 15:29:26'),
('654','Retta','Smitham','qernser@example.net','d4762a4a79ae53f90b902b138442af407287c692','65756304771',NULL,'0','1975-03-19 14:14:53','1980-03-19 07:22:02'),
('655','Garnett','Hyatt','aondricka@example.org','91acc4d4e3ec7e071f88a8ba9baff25e17ccb63c','11530273542',NULL,'1','1980-05-20 00:06:28','1998-10-12 08:40:26'),
('656','Edwina','Stracke','linnie99@example.net','9ca867e78ed421368044381a7c04f30b09947eb7','39636206766',NULL,'0','1975-10-25 13:59:41','2010-08-02 12:10:41'),
('657','Quinten','Carroll','sbrakus@example.com','fc2ed72deb5ac68e33542237d43ccc27523be115','45361616141',NULL,'0','2015-02-01 20:37:19','1977-09-15 05:23:22'),
('658','Greyson','Durgan','sedrick.keeling@example.net','dbba31111c6bb07a9bdc1f451cdbc54c2deeb462','40502559314',NULL,'0','1970-08-31 10:12:00','2010-07-11 07:02:33'),
('659','Aurore','Wintheiser','rstark@example.org','ede881d8ca546d8bedbf4664878c80fa662d3cd2','28873568167',NULL,'1','1972-01-26 17:47:49','2018-05-16 04:25:20'),
('660','Walker','Pollich','zieme.isabel@example.com','ec40b972b22cba1cbd15201ab5350c10d4c3f194','27940372540',NULL,'0','2012-06-28 04:48:49','1981-11-25 22:07:41'),
('661','Roman','Bartoletti','nroob@example.net','ba0da3f8dd330d94215d9a070a1e2ed2b79a2c17','61131205302',NULL,'1','1988-01-02 12:14:19','1983-05-01 22:54:56'),
('662','Javier','Stokes','lesch.geo@example.net','54ccd87a7c604bd4e24c4d0df8a8506842707f95','57684748773',NULL,'0','2006-09-16 13:05:39','1987-07-25 22:39:21'),
('663','Dewitt','Grant','jaskolski.kassandra@example.net','e9fd1beda1df682ccd348995d8451ab31fdbd221','69823788995',NULL,'1','2012-11-27 04:53:36','2011-05-01 11:28:56'),
('664','Brett','Kilback','lafayette.bednar@example.net','1e108986bd672a22a3a7e6aa221ffbb9415e58db','67660357258',NULL,'1','1985-02-11 20:34:21','1980-04-29 21:03:43'),
('665','Richard','Cummerata','ajones@example.com','9c522fbaf617123f2ca0611565fa8df36a6a0b2c','81875453074',NULL,'0','1997-02-03 03:09:49','2007-05-25 15:11:35'),
('666','Javier','Hintz','armani68@example.net','c1bc46867d27da495130f545d84658ded8286ca0','95086817452',NULL,'0','1988-03-25 23:48:20','2014-10-15 00:53:27'),
('667','Wallace','Mohr','foster.predovic@example.org','1196e222045b23803c653755477dc4e7ae8d26c3','21414068504',NULL,'1','2017-01-27 06:58:43','1989-06-07 21:18:32'),
('668','Chesley','Boehm','sipes.abbey@example.com','9c4177ac09c14f8e13510cc0d42558a3cd66180e','88035325868',NULL,'1','1980-05-29 21:04:11','1990-12-18 19:21:49'),
('669','Lupe','Little','kessler.stanton@example.com','aaf7ecae6f318c97dd57baac8e58b489c6ddc1df','61870285985',NULL,'0','2011-05-17 22:44:39','1983-07-02 21:08:58'),
('670','Madonna','Gulgowski','janae.durgan@example.org','afcbd32901c9901fafc7ec129db95e7fbec1acfc','79639895521',NULL,'0','2010-01-23 07:19:10','1987-06-11 19:40:55'),
('671','Marvin','Balistreri','sammie22@example.com','068d1d01fcbd0d2343436b4b19e1eaf24179586c','61766378004',NULL,'0','2000-06-17 03:29:32','2009-03-11 19:02:27'),
('672','Dakota','Gusikowski','merritt28@example.com','27df5f965718ecfec780d2715c4189890bd88636','88900781637',NULL,'1','1996-10-19 18:59:28','1989-01-11 15:53:19'),
('673','Reginald','Torphy','schmeler.jerrold@example.net','1417fd2254268b634b449bc63892b50e2cd272a0','91457422198',NULL,'0','1983-10-02 07:07:15','2007-01-11 09:11:39'),
('674','Samir','Fisher','stokes.mekhi@example.net','fb135be2e7a8c99a495527c6d931eae42e5d0fb3','15507888803',NULL,'1','1984-03-10 22:32:31','1995-03-14 11:06:46'),
('675','Verdie','Nitzsche','keon32@example.com','77b6679fbd005485d76cb19113b01799990930f0','58797906795',NULL,'0','2003-09-04 03:11:29','1991-02-13 15:52:43'),
('676','Dorthy','Goyette','wilton93@example.net','8b44e26f5cb64075ff846e1d41e0f5dd5b923208','56024475432',NULL,'0','1974-07-25 01:35:35','1996-03-09 03:05:43'),
('677','Dwight','Kozey','tstehr@example.org','45a209368a12958f7140d8a37fe1642e81dbf638','14077873341',NULL,'0','2009-10-04 12:46:41','1982-12-18 23:10:24'),
('678','Monique','Koepp','schuppe.michelle@example.org','d285fabbf96eb2e46db4dc087537a6fc466aded9','51162390937',NULL,'1','1995-01-12 07:25:25','1970-12-01 07:33:28'),
('679','Maribel','Kris','sheridan94@example.com','276251cfc8da9ccf6325a5e5955b27e435fb3e85','95481852190',NULL,'1','1976-01-31 05:30:16','1983-12-08 01:49:26'),
('680','Alanis','Deckow','maxime31@example.org','4f9abe929fe2bdd7472256365b949f3f668b6b76','75293479706',NULL,'0','2003-08-02 02:11:43','1979-03-07 22:02:28'),
('681','Alanis','Wiza','price.tiana@example.net','e39cf6b9e6a3dca30fe39bb724effb1181a4c6cc','28533241525',NULL,'1','1997-01-29 11:28:35','2016-01-18 13:27:13'),
('682','Brennon','O\'Keefe','luella.rath@example.org','cc8ea1ba1d01c55aef6d8f8be372a2efd3840a47','19392201788',NULL,'0','1995-10-18 16:29:17','1997-12-12 05:57:54'),
('683','Marlon','Quigley','aufderhar.cathy@example.net','7d540ac7e759b1072d81269d328746ffdde7adb2','22918416066',NULL,'1','2010-04-27 19:03:53','1974-01-01 13:14:53'),
('684','Lemuel','Quigley','petra.willms@example.org','bbf64b912e6577efd222f584ac84f387f5be8923','47680033794',NULL,'1','1979-09-17 20:07:33','1990-05-12 07:34:04'),
('685','Novella','Zulauf','edward73@example.com','319cfa7a26bd1f5dd952669801f81c71d051e074','40939507465',NULL,'0','1982-07-24 07:15:04','1985-05-15 15:09:09'),
('686','Hanna','Legros','jade94@example.com','681c13ab26d8a65da1b22f3b5d079d6104d54a2b','54972189390',NULL,'1','1993-10-08 04:38:16','1970-08-11 10:25:29'),
('687','Roberta','Blick','aoberbrunner@example.net','67b9ed1012ba8b393efc427dfbe2c62fa74f07e2','20608625612',NULL,'1','1998-06-13 01:21:42','2018-07-26 20:25:47'),
('688','Emmie','Waelchi','arno.gorczany@example.com','3adb94eaec98e6be3e0aa4f0013a4d3057536690','27422882136',NULL,'0','1995-04-19 05:48:10','2002-05-21 02:13:52'),
('689','Kira','Ortiz','oschimmel@example.net','cd16527a812113b1b6cc3ca10e5cb34894b2d60d','40759458360',NULL,'0','1998-03-25 21:24:07','2016-03-28 04:15:02'),
('690','Kelley','Donnelly','haag.remington@example.com','8fe5c3718d7dd5a3a0d48abda6179c7635f3b7f2','51580581101',NULL,'0','1982-11-07 12:18:21','1979-05-25 12:55:53'),
('691','Kattie','Dicki','xwelch@example.net','4665cf75955e77a46294aa5d1415da1c0be9340b','68973129424',NULL,'1','2012-01-30 23:48:53','1975-02-03 00:09:54'),
('692','Jeanne','Metz','myron.altenwerth@example.net','2b93c06d750e41bdb20b8823c539baba1adc0fef','99294250919',NULL,'0','2003-12-27 04:06:19','1979-08-21 14:32:24'),
('693','Tyra','Hermann','alexzander46@example.org','d45ca598dbe20e14992c15e5b10778471b6b317a','39597485139',NULL,'0','1986-06-22 13:42:35','2018-12-21 14:42:31'),
('694','Kennedi','Goldner','gustave18@example.net','349dd1c409b804aef73139c04a6992cb1f66d2c5','68796483916',NULL,'0','1979-02-18 15:56:47','1978-07-16 20:09:21'),
('695','Kiel','Gerlach','demario.hartmann@example.com','fcf92b2ac5d02bd6d5c72e4f1828a90ac7a5fa7a','37898036250',NULL,'1','1996-03-07 10:07:21','2011-01-15 20:45:27'),
('696','Olen','Stoltenberg','rschmidt@example.com','0ede710d31131b1ddc12b27d7c254ec7ebf6fb23','23044228013',NULL,'1','1981-08-15 09:56:29','1988-03-09 05:18:02'),
('697','Rosalyn','Abbott','brennan.hayes@example.org','6fb3ba3070d02985d2ebc3165713d5ff5ab7a324','95809929268',NULL,'0','1980-11-29 00:45:17','1987-06-16 23:40:13'),
('698','Precious','Schowalter','beahan.marcella@example.org','e708a63a76612b58c3755d102b2ffad11c5f6276','46504279384',NULL,'0','2019-09-28 11:19:44','1997-10-27 06:39:40'),
('699','Dora','Larkin','mcdermott.alena@example.org','9cc21ad7358bbee537839737926558efb1f41120','76995019796',NULL,'1','1989-10-03 20:38:13','1983-06-16 04:23:01'),
('700','Toby','Koepp','xzavier.stracke@example.com','c128bb35c4466cf3b569a33aae40c9ed1f243def','63583173998',NULL,'1','2017-10-23 21:11:39','1973-10-03 23:18:36'),
('701','Monserrat','Murphy','ruthe.okuneva@example.org','3ba0e4d86e158530003c05d5329693ec2877820c','49758850596',NULL,'0','1975-10-31 05:24:06','1978-10-06 13:55:18'),
('702','Damien','Gusikowski','clemmie.rath@example.com','4a219c05ae746de0b6c5501eede8a56f72c070f9','44093424384',NULL,'1','1980-10-21 07:31:24','2017-05-24 06:04:30'),
('703','Jaquelin','Harber','bennie89@example.com','4bcb0e686773627945854d9d7ae9901b45bc185b','65425831475',NULL,'1','1971-10-04 00:36:25','2005-02-07 00:55:51'),
('704','Britney','Cartwright','roger52@example.com','9fce044b4c2eb2e8d1a827d520ffd75edf74490a','80612090216',NULL,'0','1996-05-27 21:18:40','1994-03-20 02:06:13'),
('705','Angel','Ondricka','maxime84@example.net','6b020f3f773ef20d058baa1f3c0f727ee5543e84','17567313150',NULL,'0','1997-09-28 13:55:16','2013-02-19 08:27:40'),
('706','Chelsea','Renner','osvaldo89@example.net','956a0fadb66ddefcb629cd7569277dd15b30c2d3','95013486570',NULL,'1','2001-03-16 00:52:13','1984-02-05 23:46:36'),
('707','Haley','Stark','kspinka@example.net','3d21eece59a33e51a364b955808bd321155519e8','51999741932',NULL,'0','2012-12-30 16:03:59','1993-04-19 23:36:41'),
('708','Marilyne','Heaney','herminio94@example.net','7dc1a9704a50dd80f591a81400846386859f024a','35244226213',NULL,'1','1975-06-27 20:30:42','1970-07-15 06:31:09'),
('709','Arvid','Reilly','merritt07@example.com','ecadc82adffcd98db8571d9a8ba0a53515c42f15','49365357290',NULL,'0','2016-01-19 02:29:05','2012-09-20 05:22:47'),
('710','Dandre','Spinka','tyshawn06@example.net','0c650b2e405215ed54d6520332296599b0af97ef','86931667686',NULL,'1','1985-11-15 12:52:49','1970-08-02 18:39:17'),
('711','Blaze','Feil','dschaden@example.com','f05e5885603adadd6e6a174dbc08c219c1b8008a','58495300477',NULL,'0','1998-05-18 18:06:19','1996-02-26 16:57:31'),
('712','Marquise','Dooley','maida.gleason@example.net','00551e616e5fa6f157e70644c5e478db5a42a737','62645727992',NULL,'0','2016-03-15 06:02:14','1990-02-25 09:24:54'),
('713','Jensen','Moore','xhuels@example.org','5f9cc4538585e8498b5a8b477fc9e4964657390a','81542159770',NULL,'0','1977-08-17 23:18:22','2006-07-16 00:46:24'),
('714','Lexus','Bechtelar','jsenger@example.com','e1ee16479fcd67f4ba42d32b02493c21d0c0a9bd','42340382738',NULL,'0','2010-02-01 04:50:16','1981-10-17 05:58:13'),
('715','Itzel','Hane','camilla.braun@example.com','0aff36ce7fba82c68bdb8877acca9e38e1d6f4e8','77029551686',NULL,'0','1985-11-30 06:43:37','2012-11-09 04:00:35'),
('716','Heather','Emard','leola90@example.net','4aa751560be2e870ff4e4d2864817c4f210b89b6','75726042697',NULL,'0','1994-07-21 07:36:35','2004-10-17 00:42:43'),
('717','Adrienne','Jerde','koelpin.hal@example.com','4d8a45f7c21168548316b9117538337187682f9b','41888892152',NULL,'1','1989-08-31 22:59:42','1991-10-23 04:56:46'),
('718','Romaine','Hessel','medhurst.maribel@example.net','c5f1f94eeed3c3628cc3087897e22c398295a7c9','79163467977',NULL,'1','1990-04-22 09:26:48','1971-08-20 08:34:21'),
('719','Mabel','Hermiston','zkirlin@example.com','4573ec91a8742ba153041382e7498a89f43ed032','54751780582',NULL,'0','2009-03-29 03:40:15','1981-06-14 06:34:08'),
('720','Retta','Mitchell','emuller@example.com','f591332b8a174b0958b409aec262677e2be94062','39663021354',NULL,'0','1971-03-13 23:46:00','2010-12-25 10:56:02'),
('721','Jerald','Simonis','gertrude66@example.net','6d950337c9e92316c1698b3202e07cabd37c83d5','53402732922',NULL,'1','1983-07-16 17:33:57','2019-11-04 21:55:44'),
('722','Thomas','Ziemann','bridget.streich@example.org','e141d3aa273d959d73da65689392309f9d4a401d','20314853317',NULL,'1','1981-06-26 19:18:36','1983-01-17 13:48:41'),
('723','Eliane','Sawayn','bianka.vandervort@example.com','5cd7598583d43f8fb622ba4c4a22cbbdbf0678ab','70242580142',NULL,'0','2014-12-15 12:39:08','1981-09-11 18:44:19'),
('724','Miguel','Lemke','jacquelyn.koepp@example.org','90cd7dc0c816229c893406c9ac70f313535d9486','93134049428',NULL,'0','2008-04-03 05:04:31','1993-05-09 01:42:20'),
('725','Everardo','O\'Connell','lupe.upton@example.org','66de263f73f72db1f28f2547e056b53be788644c','95031479876',NULL,'0','1991-11-07 06:25:53','1970-04-05 03:39:11'),
('726','Margaretta','Kreiger','apouros@example.net','09c6c68e9fbc2c9f90e317d5577c6b5dc04dc477','74806949831',NULL,'1','1977-03-10 11:28:51','1987-01-17 20:21:55'),
('727','Kaitlin','Beier','bergnaum.zack@example.org','04982894e037370c1cffd1c510c2a5e47fd8baaa','87199975843',NULL,'1','2019-01-22 03:22:23','1992-11-19 13:00:45'),
('728','Kadin','Von','willard.quitzon@example.com','e163d9e7da5de3351685a33cb47d3a81fcb36485','78965010535',NULL,'1','2011-07-17 07:38:42','1994-05-21 11:35:43'),
('729','Candida','Bartell','raven.senger@example.net','13ba3373ad10c9f11b0117e593e4b74e3308bf82','59597228551',NULL,'0','2019-11-08 23:34:28','1984-12-21 11:59:46'),
('730','Bailee','Walsh','raphaelle.zemlak@example.net','0644e088b51cb7a93a956e597c0278397f35bd1c','76226040278',NULL,'0','1979-04-01 11:41:58','2000-10-01 03:19:05'),
('731','Michale','Flatley','pschuster@example.com','5fd4d8980020a8f63db53324679c8ea5d00f8749','20338332285',NULL,'0','1991-03-12 19:56:50','2020-03-29 06:52:25'),
('732','Tre','Franecki','duncan78@example.com','bb8c5a36f12e00a3f2c85f72191eaf8aae5db4b2','34763915669',NULL,'1','2006-02-08 17:50:57','1991-05-06 17:26:19'),
('733','Bertrand','Borer','feeney.kristopher@example.net','9809b47ec8a1e26de9a3a9a1200dbba7f5b5fd59','92190753188',NULL,'1','1972-11-02 10:10:43','1980-01-31 10:50:20'),
('734','Maryse','Denesik','yolanda60@example.com','cefd12bffca9c153c3742f9f896782ff01a5937f','62272734097',NULL,'1','1990-07-05 07:08:22','1975-08-18 09:23:07'),
('735','Florian','Marvin','hester.denesik@example.com','415c85f2070b089672e8ae3f2a18943152f79560','77933739265',NULL,'0','2018-09-30 17:19:42','1978-07-23 16:42:17'),
('736','Lafayette','Jakubowski','bratke@example.org','eed6bbaf7231f39396841355f604feabfc9f68af','45870780423',NULL,'0','1994-12-04 04:58:29','2007-09-05 02:37:03'),
('737','Arvid','Marvin','rgleichner@example.org','99382d26e70c64f8a478e07a042eb3e33d9b97ac','15669673071',NULL,'1','1970-06-23 03:13:41','2013-09-21 01:31:26'),
('738','Fatima','Macejkovic','bethel.collins@example.org','94d6280f41765d72671130b7bccfa398ca92be0a','62492215111',NULL,'0','1971-06-23 01:02:18','2017-03-26 12:40:44'),
('739','Ethel','Bailey','maggio.willis@example.com','649612c40ebb220a28c6c5bee1344ec9db508880','42807019087',NULL,'1','1979-07-07 23:10:12','2020-04-26 15:07:57'),
('740','Edward','Weber','schmeler.syble@example.org','327dc2db13c62e26d7f7e108a29e20bf9c14f054','74052814496',NULL,'0','1991-01-13 15:20:28','2015-07-12 14:23:29'),
('741','Christelle','Koepp','weissnat.sven@example.org','3072060aea8703456b225eba0e10902aebee202e','67950137588',NULL,'0','2010-05-04 22:11:31','1973-03-21 08:04:20'),
('742','Taylor','Hoeger','sklocko@example.org','6b64110e218978d4479d92f5fa1ab84d89835a98','37901353975',NULL,'1','2005-10-25 07:00:56','1994-11-19 13:09:41'),
('743','Donny','Feil','darrel.marvin@example.org','bafb70fe76a0a4df341aeb038873684216ba35f3','54300351142',NULL,'1','1979-08-28 04:32:32','2017-05-08 05:52:46'),
('744','Humberto','Zemlak','powlowski.august@example.org','9d788bf7ce80beb9c275a4c756d922a647d83b52','84435287937',NULL,'1','1972-05-02 11:20:40','1972-08-27 08:27:02'),
('745','Eusebio','Lockman','smraz@example.net','5dbd4f92ecfd6f247246c4b5db29f3f66d0a44ce','46654299735',NULL,'1','2000-06-11 09:30:29','2008-08-28 03:42:36'),
('746','Arnaldo','Green','slehner@example.net','ced543a1da28a2cdc2868547f29b7453ef935565','73616127776',NULL,'0','2008-08-17 09:09:57','2011-06-10 01:30:10'),
('747','Rylee','Luettgen','wisoky.ola@example.net','95239a854f04ed45c96ac6e51f25067f53e9cc85','92667136392',NULL,'1','2012-08-31 23:21:19','1972-12-17 16:24:47'),
('748','Kellie','Rolfson','ublock@example.org','1c51699d3c830357bf28f389f0fd4800511dfafa','56371880634',NULL,'1','2019-11-14 16:17:15','1999-10-06 10:32:57'),
('749','Cleta','Cummerata','adriel08@example.com','3bf1db1e161775297574449498b7832998127924','34036945914',NULL,'1','2007-08-10 14:44:57','2007-10-19 01:13:10'),
('750','Genoveva','Weber','margarita77@example.net','2dabb8697f0585449c34391a5fafed08526ef3de','49667869061',NULL,'1','2003-10-27 12:40:56','1978-03-17 08:20:09'),
('751','Tianna','Stehr','emmerich.jamar@example.org','126399e6cbeb38013f4c1f375cc5a9b8a05b93cf','15687753465',NULL,'0','1981-07-16 09:30:25','1979-03-06 12:37:30'),
('752','Gerry','Mante','kautzer.brionna@example.net','7fc93eed5ca330710b5f9a4ba2fdb69f00351658','91545263454',NULL,'0','1977-06-11 02:13:36','2015-05-23 07:57:25'),
('753','Herminia','Mann','andreane50@example.org','0b8d6ba98b4b557cbd7a139a28fb32c4eaac43e5','58523092814',NULL,'1','2010-04-28 14:21:52','1973-02-20 14:15:12'),
('754','Kira','Kunze','lkuhic@example.org','76fa71539dcf17d5571b276fd7f831d317c44917','92694555274',NULL,'1','1986-12-20 16:32:06','1980-09-14 15:56:06'),
('755','Cara','McLaughlin','freeman.beier@example.org','e79686a855a4b2197b00322b1aa8572da99f1488','85217170305',NULL,'1','1970-12-02 22:05:35','1971-08-31 18:51:42'),
('756','Clarissa','O\'Hara','giuseppe.lesch@example.com','7d359bd399fc33655a2715c2aa8b365fc60ef5ae','43575410949',NULL,'1','2019-11-08 05:16:19','1973-12-16 21:07:23'),
('757','Alicia','Rolfson','damaris.rogahn@example.org','25f8946c634d8f801906e95fb2391b1abc5def6f','52027213410',NULL,'0','2012-09-29 12:07:49','2004-03-12 18:21:04'),
('758','Stanford','Koch','pstiedemann@example.com','85921703372e544e64cc96cc1aea0c2cb33e255d','89525245493',NULL,'1','1991-09-10 14:50:01','2018-06-23 01:05:54'),
('759','Jake','Balistreri','aurelio34@example.org','d0fa8c1087b5e556d2c02b5c120bbf4d9328e8f5','36232969216',NULL,'0','1999-05-26 05:44:15','1980-03-21 16:45:54'),
('760','Margaret','Maggio','yshanahan@example.org','482d43f88389336045429f8d114c3ea281a8948f','77643613810',NULL,'0','1991-01-29 07:47:15','1994-04-21 03:58:02'),
('761','Claudine','Lueilwitz','dmayer@example.net','2a9237ecbf44d33298e57edc81fbc001e63898a4','45282566202',NULL,'1','1972-01-03 15:47:11','1989-10-16 00:52:42'),
('762','Antwon','Schinner','ihackett@example.net','8d46225728d14a8e80100636049442570802eb9f','13016621763',NULL,'0','2006-01-02 18:02:47','1985-08-23 14:39:34'),
('763','Alena','Turcotte','woodrow17@example.org','3b9d26484f1c34c090e0abbc51f2386ebd30c3fc','75480810212',NULL,'1','1973-08-02 14:34:39','2017-09-14 05:12:16'),
('764','Favian','Effertz','hills.ruben@example.net','9d506a4838ae8017a26934f110dcc0d567585798','44380019423',NULL,'0','1999-04-10 23:15:18','2001-11-02 20:30:57'),
('765','Terrell','Bartoletti','skoepp@example.net','9b0c98fdc06b0552fe016f0be7e66794109232d0','87664390024',NULL,'0','2000-11-22 06:00:29','2009-09-22 10:27:22'),
('766','Laney','Ritchie','wiegand.reese@example.com','6b8bcd059b4b501cf1b32fec8ebfefffab8cd2fb','86635267497',NULL,'0','2015-02-02 16:57:59','2002-12-27 17:06:23'),
('767','Elsa','Erdman','mayert.tamia@example.net','c38a55f24d610ae904184ba71d42f924d67fce49','63447891674',NULL,'0','2007-10-30 13:59:28','1994-06-27 14:56:08'),
('768','Isaias','Metz','bartoletti.garrick@example.net','efaa1ffdade9b644eb68b10ae172e603d42c05c5','93079448747',NULL,'1','2014-01-06 22:57:30','2020-03-27 10:34:29'),
('769','Mathias','Hagenes','jett.runolfsdottir@example.net','320c4933f0ea6dd555dc88dca5c47f42f5a08208','42565630376',NULL,'1','2020-03-05 09:13:48','1971-11-23 21:18:14'),
('770','Abdullah','Abshire','cornell.weissnat@example.org','971088258ad622fa439c708332146cb8d0e43e4b','39239511573',NULL,'0','1972-04-21 01:32:31','1986-11-06 22:04:25'),
('771','Curtis','Schowalter','giles.o\'reilly@example.net','cf1b9cfab1025ff80fed2de5cfcafb34484363cd','83399782967',NULL,'1','2015-12-15 07:43:18','1978-04-20 21:14:07'),
('772','Rahsaan','Donnelly','cbauch@example.com','8189a3b4518d01363373260d348fb11ebfd5acda','40970067298',NULL,'1','2002-01-13 15:51:44','1973-04-02 20:10:47'),
('773','Clint','Wilkinson','vpfannerstill@example.net','f71c7e3bf4ee6f20aca9a677bc4ef45b38c76750','95467682415',NULL,'1','1998-12-04 21:52:49','2008-02-20 06:10:04'),
('774','Jody','Crooks','little.erna@example.org','dd4e592876e5fb093f24a9a1276539a030910490','45518714841',NULL,'1','2004-06-15 10:13:00','2019-05-24 01:28:57'),
('775','Cloyd','Koepp','vdubuque@example.com','bb0448b6fd925c82565c113f7a739152616f94c5','37664962806',NULL,'1','2014-05-25 17:49:00','1980-11-08 01:36:51'),
('776','Barbara','Lind','nels.hirthe@example.net','b2571a8d165b117caa3449f8d0e9fc144dc2c576','29675482404',NULL,'0','2013-03-11 04:02:58','2003-10-29 19:06:53'),
('777','Cornelius','Christiansen','goyette.carolina@example.com','8b2e8139180ba703e13a68b07f3d6e59e021858c','51841614102',NULL,'0','1995-11-22 14:06:50','2006-11-10 17:29:24'),
('778','Dahlia','Tillman','palma40@example.com','deac388660d6442e41eb21b25dd462d8403b3c64','14234000830',NULL,'1','2017-09-30 14:59:17','1986-08-08 09:12:02'),
('779','Dillon','Watsica','freilly@example.net','53b0ac0d3684a4c23f1ec938d41291945c5b5650','76219520037',NULL,'0','1979-12-03 03:05:54','2001-10-11 20:51:40'),
('780','Amber','Kreiger','lue.king@example.net','50401dc2d8add40ce8165cdbd4aef3af80afb8ab','79145684428',NULL,'1','1991-01-16 10:05:24','1991-02-03 20:38:57'),
('781','Lonny','Ziemann','rmarquardt@example.com','7dac6f3d6d93042170c91ba7025408d9711962af','20815295977',NULL,'0','1983-02-06 13:05:14','1974-08-20 18:44:25'),
('782','Fidel','Okuneva','kenyatta.weimann@example.org','ae8f17ec68ea75769baf5c71316b023977611c4b','35096785854',NULL,'1','2003-09-15 20:03:32','2015-03-03 06:53:29'),
('783','Ariane','Schimmel','anne.cronin@example.net','8ba1e701a67c0df568744473e0a4a34e5356e5be','86591173699',NULL,'0','2018-10-21 10:11:41','1984-03-13 18:05:33'),
('784','Herta','Lemke','kovacek.ursula@example.net','68cdbfcaad22697b6b4b4e826ba70c85484b133f','20602157213',NULL,'0','2013-05-14 02:27:59','1977-07-10 01:13:18'),
('785','Deion','Stamm','jamie97@example.net','191c169a431768b63480405c22a12d4b3e98212e','29656201722',NULL,'1','1976-05-12 16:36:38','2003-11-30 23:32:38'),
('786','Lillie','Rippin','meagan.bode@example.com','828c3683ffb1c2f15d6ad0185246230fc301027c','68441630094',NULL,'0','2008-06-07 20:47:06','1991-06-12 03:31:04'),
('787','Mercedes','O\'Reilly','dkunze@example.org','3df1abc95bb643ad042cc69d0eb79730adfcc8f0','80648531336',NULL,'1','1996-04-04 14:05:52','1975-03-06 09:45:13'),
('788','Wellington','Kessler','schuppe.eino@example.org','71e8eafe6f49a21fca7097e160b4882e923daf30','77804372636',NULL,'1','1997-04-22 10:21:45','1972-08-07 23:43:11'),
('789','Shaina','Corwin','jdaniel@example.com','5b8516a0b38ac19dde7e8bfc85fcdd2f7b30e8b9','85168364369',NULL,'1','1980-12-12 18:33:18','1982-03-21 16:01:16'),
('790','Durward','Medhurst','sanford.salvador@example.org','1f9fa3a08a28c4da759fc59850351500de7b3155','85906355655',NULL,'0','1987-02-13 00:34:47','2015-09-12 17:11:39'),
('791','Edna','Bergnaum','gloria15@example.org','19e419c5b5903ea9f55b9d9792bbeb3084f398ab','93822440174',NULL,'0','2013-08-05 15:06:25','1977-03-13 12:55:33'),
('792','Quentin','Schmitt','caesar28@example.org','094c9a3cedc188a4d3b0496eeebe440034052f2a','46682666484',NULL,'0','2011-09-18 13:30:08','1997-03-15 06:39:30'),
('793','Oda','Stark','pfadel@example.com','75fdebeb95e9d7711c99a71f05aec0e5afcf19da','79077302934',NULL,'0','2008-07-02 23:08:58','1986-10-07 11:05:21'),
('794','Sheldon','Hilpert','maud.bauch@example.com','519b80317127058e508549579f1738b3926f3c52','27956204782',NULL,'1','1997-08-31 15:50:48','2015-05-17 07:27:07'),
('795','Lennie','White','brain.hilpert@example.com','de8f7faea7ac817958976bd1c3bc2318ca755c90','55828290870',NULL,'0','1992-04-30 15:15:55','1998-09-04 10:52:16'),
('796','Lilian','Pouros','obraun@example.net','97bc25916fb3d63dc7d547c7cd57913fad4ff226','15843213712',NULL,'0','1997-10-03 15:39:08','1988-03-06 14:15:31'),
('797','Kendra','Jacobson','ollie81@example.org','b4b29ab15c49806b0c3ab4442fd18f7fbc1ea604','96074722516',NULL,'0','1989-09-15 17:35:42','1970-03-29 09:00:17'),
('798','George','Kautzer','dubuque.bo@example.org','97abe46c96e56f6d38785c23c221b4cbc800ca92','38539838911',NULL,'1','2018-08-13 02:26:26','2001-06-04 19:17:55'),
('799','Reece','Kuhic','cory26@example.net','5df80fabf8b7971ce47c4aeab97fd667debdff80','64925280730',NULL,'1','1973-12-12 01:29:26','2016-07-04 19:38:46'),
('800','Jan','Hackett','bruce.farrell@example.com','f9b243d41f27e59be157c98f291d31ba35055429','72060207328',NULL,'1','2006-11-13 06:24:29','1983-12-21 05:08:46'),
('801','Elmer','Shields','desmond40@example.net','4449c4902cbb482a62165b74c4966bee38cd2033','49566360232',NULL,'1','2011-11-11 04:57:48','1990-08-30 15:30:35'),
('802','Addie','Zulauf','lemmerich@example.com','8a408199f15984c00412053e811be1c926dc41ae','29069164278',NULL,'1','1986-06-19 15:01:14','2019-09-22 18:06:10'),
('803','Willow','Hagenes','eklein@example.com','e1fd14ca58538b48052367e3082f868b8e71ce48','25966919697',NULL,'1','1996-10-04 14:35:28','1989-05-22 17:22:22'),
('804','Salvatore','Bode','vrolfson@example.com','070f127fe2000c5eeac6379110fa069b0133d12b','72619943949',NULL,'1','1978-07-29 11:24:50','1995-02-02 01:47:11'),
('805','Lindsey','Mayert','lisandro.mohr@example.org','4fa84650b57dfd395d637b015ebc806f04ed206e','91566432453',NULL,'0','1995-03-30 08:44:36','1973-07-10 17:31:01'),
('806','Brooklyn','Hyatt','nparisian@example.com','a613407009811ee97d1cef7fb4a3c26e051be77f','74478495693',NULL,'1','2015-05-21 16:48:40','1991-08-10 01:29:37'),
('807','Tommie','Gulgowski','kellen57@example.org','6f8b0c3eb88353b3394ff78276bb99c58bad53f6','54976633936',NULL,'1','1988-03-31 19:05:14','1975-03-21 03:00:48'),
('808','Hipolito','Kilback','bbartoletti@example.org','0b29722897a6e9f000b5a7bac8e842502f6cf9c0','38279020236',NULL,'0','2016-02-06 09:49:14','1991-06-27 19:30:04'),
('809','Rhoda','Jenkins','purdy.luna@example.com','cb4054249ee8833246f00ce6f1a7c252e77a29e1','42844344289',NULL,'1','1991-04-30 07:57:34','2004-12-22 05:38:03'),
('810','Darian','Bruen','rowe.annamarie@example.com','73526e3eaead8d2858144cebed0189e3f303a8a6','43237583120',NULL,'1','2005-07-18 02:22:57','1987-08-27 06:20:18'),
('811','Aletha','Renner','sophie.wiza@example.net','d1300bb6e78703b2ac9882e48079377d9afc86b7','33926137783',NULL,'1','2010-03-20 08:55:36','1989-05-03 22:43:03'),
('812','Diego','Hilll','pziemann@example.org','1bf1e17c22a24bd8885fea845569e76dcd52a20b','20802383613',NULL,'1','1997-01-28 14:39:55','1993-08-04 19:22:02'),
('813','Shad','Kutch','kzboncak@example.net','d271e5c7d296585a0172f44efc9f53d38eeee1a3','19917843090',NULL,'0','2000-07-22 12:39:08','1984-03-24 10:09:46'),
('814','Marlene','Smith','sandy33@example.org','620fd132a04d64b6c9129d83db4598dd5a62b4c6','38173030274',NULL,'0','2012-12-02 22:35:42','1997-02-16 10:52:04'),
('815','Tia','Labadie','alueilwitz@example.org','894358784a9d84a876c197ae4a98864bec427212','52593097779',NULL,'1','1971-06-24 01:48:51','1997-02-15 06:23:13'),
('816','Clara','DuBuque','lynch.ethyl@example.org','3b616c1f697b81a60c63e07e5ba0dde81a7f596c','29482876579',NULL,'0','2003-05-16 10:53:57','1973-08-13 16:00:27'),
('817','Darrion','Zulauf','cormier.brendon@example.org','db17987e5b1033bdfa9c7b993aff8982be2a7b8f','95006170677',NULL,'1','1992-05-08 06:56:44','1970-09-22 17:38:58'),
('818','Linda','Rosenbaum','shyanne18@example.com','ceb6151e1809dea37013a252eb2c1436411e49ed','69522352288',NULL,'0','2008-09-07 11:47:22','2001-11-24 02:44:27'),
('819','Hermann','Wisoky','reid43@example.net','ce95bd91ce08551d90cb76d8adfd88e544d1d662','34338546781',NULL,'1','1977-06-24 15:52:15','2007-11-12 10:41:39'),
('820','Chaim','Upton','wilton27@example.org','3c4fa75d46a7462f3e62714db7d17db862b6f683','24004591652',NULL,'1','2016-11-03 17:16:59','1992-08-06 12:46:50'),
('821','Lisandro','Kovacek','hilpert.lavada@example.org','2b509ce68b1cb69bcf455e883afd716d4a01da5a','57136503281',NULL,'0','1996-11-06 16:48:50','1975-09-25 18:08:47'),
('822','Clarabelle','Towne','reichel.tre@example.net','3af810465a9de254bdb5e0d6c1921b4bd0000017','67528598308',NULL,'0','2000-01-06 03:19:25','2007-04-23 03:19:43'),
('823','Hyman','Reichel','ujones@example.net','11af01267a0b41144b52fd45b1e421a8ec9f3c07','35242700413',NULL,'1','1975-01-21 21:39:17','1994-06-17 06:41:50'),
('824','Camren','Williamson','wiegand.liliane@example.org','338c9db8675506d142e2cd206dfa0b68dc4ca12e','90189493172',NULL,'0','1973-06-15 00:42:09','2009-04-25 19:25:03'),
('825','Avis','Hermann','savanna54@example.com','31130e0d7cb9a0f965c62ac2af1ec5c818110c03','36594899669',NULL,'1','2009-07-27 23:50:47','1975-01-26 00:27:55'),
('826','Katelynn','Leffler','nitzsche.cynthia@example.org','f5059bae1a7255e393f7109cec813c05d288d2e9','26187377623',NULL,'0','1989-11-21 14:18:03','1999-09-25 06:18:54'),
('827','Crystal','Mueller','norene31@example.com','36626363986596bc6f021906d9d4cfaea7590950','66506286705',NULL,'0','1989-05-22 17:24:54','1974-09-09 20:53:14'),
('828','Jaylon','Bergstrom','qkozey@example.net','5ac75d8f7dc104747010173d5d75f212f9fd1b3e','84313846062',NULL,'1','2019-09-10 10:39:16','1991-09-15 03:52:33'),
('829','Eleazar','Smith','wiley.sipes@example.com','cb61b84de79e7d2c4ff008ed9875311ea82b7d52','23520133406',NULL,'1','1996-06-20 11:38:00','1985-02-04 09:12:21'),
('830','Tremaine','Heaney','renner.sallie@example.com','4e79ea33c75cce9a00495298c676cf8c51a8125e','13448886359',NULL,'1','2005-12-03 09:28:49','2014-06-07 01:32:25'),
('831','Michael','Bauch','saul.o\'kon@example.net','18b705a06a109494aaab52d31e16bab01724e248','54216131875',NULL,'1','1993-04-13 07:46:41','1981-10-24 06:59:04'),
('832','Marguerite','Lubowitz','christ22@example.org','320ca1100db05d07739c3bae7d2e5297f84b8f68','33630107026',NULL,'1','1994-11-20 08:03:46','1998-04-21 14:53:04'),
('833','Kole','Abbott','tiana.boehm@example.net','aa940268cb6025fc1078b86ebe61c1b8d70ef65e','20819663829',NULL,'1','2013-11-24 14:17:58','1972-07-10 03:37:36'),
('834','Cindy','Kris','estel.deckow@example.org','49e68d8e2bf69b4ab8e2ba02e0d6602516f00bf4','59816236491',NULL,'0','2009-03-23 23:06:01','1984-08-28 14:41:13'),
('835','Evelyn','Little','ocrist@example.org','c510459b5646a05602af5ef2910d4b00764a6e8f','27620110120',NULL,'0','2019-04-26 02:10:21','2000-01-23 05:20:12'),
('836','Mable','Parisian','von.nina@example.org','2c7eaf5ef76bfc64cec098e7fedb847ebcabb632','31200901106',NULL,'1','1973-06-09 16:32:59','1986-08-09 19:51:21'),
('837','Ignacio','Padberg','ianderson@example.net','a8aa1eb95ebea722fa4ce4fb5088fcdd17dec236','79217939325',NULL,'1','1992-12-21 21:13:52','1987-07-24 04:31:45'),
('838','Breana','Rogahn','chloe93@example.org','45808f15ad473d1d9455916d0a3162dd90d0d847','64044707613',NULL,'0','2008-12-20 07:28:23','2006-01-07 03:54:01'),
('839','Jesse','Schmeler','howell.enoch@example.net','12adbc96b07b4153d56ffb2e948c826665c3d0d1','46354947690',NULL,'1','2016-11-25 05:19:37','1999-02-12 01:30:38'),
('840','Taryn','Spinka','yvette58@example.com','5755295d4774669723183c36bf3b2ca012a0de62','68202430694',NULL,'0','1975-11-05 21:12:09','1971-05-05 19:01:11'),
('841','Lesley','Greenfelder','mariela66@example.org','528e76431b7ed6bf4a67c5d96f89abc60c51cb6d','79696698505',NULL,'0','1978-10-30 21:51:53','1971-04-23 20:39:24'),
('842','Estelle','Wintheiser','alessia.toy@example.com','2e56e638c8b838422b55ee9dda632880b3a8bbba','98511834498',NULL,'0','1979-01-21 17:25:31','1977-08-12 18:29:22'),
('843','Jose','Labadie','deshaun17@example.org','1201704d71cb5ce30c58fd14f33743c22639510c','32467199433',NULL,'1','2010-09-10 23:10:04','1984-01-03 00:53:47'),
('844','Willie','Mayert','kayli66@example.com','e8819fa0635af5758e777e8a4e027945ea0e6afe','62736910567',NULL,'1','2010-01-12 19:32:59','1970-03-07 04:18:19'),
('845','Zack','Schiller','haley.lucas@example.net','213beea91bb16da912b7fd60bbd6c55f9ce55e14','45298806894',NULL,'0','2006-07-01 00:18:55','1975-05-25 09:47:15'),
('846','Robbie','Lesch','rogers25@example.com','446a68aa6e84d29f74d2b5e97a8c927e8bff59f6','58299806625',NULL,'0','1985-10-30 08:22:26','1982-06-18 21:49:34'),
('847','Leonard','Lemke','aschaden@example.org','a19388da641c36c02d13dd594d92ecfd4c1ca9d4','58640634254',NULL,'1','1998-01-02 13:23:49','2004-03-15 04:23:19'),
('848','Ivah','Keebler','grath@example.com','5dbc6bf4284b03fc59cb949fe21afb0f5c53f83c','14769565090',NULL,'1','1989-11-15 15:03:09','2007-02-08 00:23:03'),
('849','Nikita','Auer','ybernier@example.org','ea4b42490f93515e0aa4bd0aca760f4370bb681e','97487558848',NULL,'1','1994-04-23 11:21:52','1978-08-27 19:16:49'),
('850','Imani','Labadie','octavia.reichel@example.org','0bb3e0f55b7dd493b9e176b84d1ac334cf3ac5a5','25117676123',NULL,'1','2011-10-13 08:02:09','1991-12-17 20:01:21'),
('851','Hunter','Ernser','ali22@example.com','95f531a24b3d4b156fce65671aa2027371b16c6e','31252045426',NULL,'1','1988-01-28 13:44:24','1979-03-13 02:17:40'),
('852','Rafael','Renner','alison.nikolaus@example.com','aaca56dfd7120fc382c02549005bc69a9c23776f','54502980969',NULL,'1','1978-08-16 17:44:39','1986-09-24 03:23:47'),
('853','Lacey','Brakus','qhand@example.org','a01524b038c1127f1b190d9c6b188c8048b19072','77764139710',NULL,'0','2019-01-10 17:25:17','1979-08-11 10:21:10'),
('854','Ayden','Quitzon','hills.aletha@example.com','06cf2119b85a5d0115a38b65577b14cd241f4eed','91448053284',NULL,'0','1995-07-20 10:50:05','2017-06-27 18:21:25'),
('855','Carlotta','Tillman','columbus.homenick@example.com','26e6aa229bacbbb4c9e381ba479f2c67236cb4c6','89022378283',NULL,'1','1986-07-14 16:02:20','1982-11-12 23:07:00'),
('856','Bonita','Corwin','rosendo91@example.com','aafc40dae2e5399ea94c8567190428c1041853c1','71005012472',NULL,'1','2016-01-04 00:12:29','1996-07-29 22:23:52'),
('857','Guido','Marquardt','udickens@example.org','68b010325b73c5b8738d448e0a786c8d776200f8','27527367169',NULL,'1','1972-10-12 05:18:21','1983-01-28 22:04:49'),
('858','Broderick','Effertz','khahn@example.org','9e1265da90b711a70a9a09d7b906c449ca45123d','39325530854',NULL,'0','2003-09-24 21:50:19','1974-07-04 21:46:15'),
('859','Korbin','Rempel','nathan.weissnat@example.com','9a51e8b74b08d0564ba3e885c1e4bdf6d0f00627','67360499869',NULL,'0','1973-08-25 23:35:38','2013-09-09 15:25:35'),
('860','Malinda','Nienow','jwilliamson@example.org','1aff0857b05e9a163e9ea577aac03c99a6878daa','42851160746',NULL,'1','2020-01-28 21:08:41','2014-06-25 14:53:27'),
('861','Kolby','Kerluke','ystroman@example.org','28afe604c34342606fe8b3329567ee98c8d3dabc','60208179941',NULL,'0','1994-01-04 20:08:45','1980-09-05 23:01:02'),
('862','Terrence','Moen','jonathon.reichert@example.com','48fa112c8a9ddc994108226954ae59a8c7b3d4ca','18745631584',NULL,'1','1981-03-13 20:11:12','1995-09-16 19:25:58'),
('863','Brant','Heaney','myrtice77@example.net','32ac8de94419f498c3ebcfcd2b058cb270bacb1e','93575665168',NULL,'1','1976-08-27 06:35:22','1996-11-25 22:35:27'),
('864','Irwin','Jast','mhalvorson@example.net','42eb42f5496c2d3c351c1ad09afbe9230bcb503f','57044023019',NULL,'0','1990-11-15 03:32:28','2019-12-25 02:04:52'),
('865','Kirstin','Goodwin','michaela46@example.net','6ff1fa25309b63727613682f44365ef6d48b2a1b','71597092887',NULL,'0','1980-10-09 09:15:30','2007-05-04 06:57:55'),
('866','Emmet','Blick','heidenreich.rosalee@example.org','958dd9499134f6728ff9d22c154c11e597412c95','26306266621',NULL,'1','1991-03-02 09:07:37','2004-12-09 19:23:07'),
('867','Verdie','Schultz','mireille52@example.net','4bc9ba7507d941876a106298786d2b55b4bd36e6','39988463581',NULL,'0','1984-05-12 10:01:18','1983-10-17 10:12:18'),
('868','Presley','Heidenreich','bruce12@example.com','f4258253ad2d4eaeaa53d72b69a71bcae7e6aae4','14024147018',NULL,'0','1991-06-15 18:18:26','1992-12-02 02:55:33'),
('869','Erich','Kub','mckenna15@example.org','ae156d48f95431daea8ba77e23376bfcf64f359a','52435414483',NULL,'1','1983-09-19 06:40:47','1972-11-18 23:36:11'),
('870','Selmer','Muller','hayden07@example.org','5c86689303ab2c24f9b0a444d81606a8a3961966','48814888456',NULL,'0','2012-05-07 15:17:03','1994-07-10 00:50:26'),
('871','Darien','McLaughlin','owillms@example.org','f745159d6de795d765004b2906ab1ccab2e6c7b4','49225648315',NULL,'0','2001-05-03 21:32:24','1985-06-17 07:01:44'),
('872','Nikki','Terry','aanderson@example.org','cb6204148bd861778b308cf92b65aa484f47f5ad','43740664571',NULL,'1','1974-06-01 09:45:52','1978-01-02 14:33:13'),
('873','Laurel','Hackett','schimmel.noah@example.com','7a34c81c971d0ee82b306a9ec8f26d1eee06dd42','50289797056',NULL,'1','1998-04-13 17:57:57','1995-08-30 23:37:29'),
('874','Dora','Boyle','margarette97@example.com','f339c9a364729556198c94a0a58174adfa5629dc','30836366186',NULL,'0','2014-04-30 01:59:31','1989-06-17 07:25:55'),
('875','Kendall','Koch','annette.deckow@example.com','137d937935ad4beaa81e2c1ae2cb7b0be63fe247','94724355419',NULL,'0','2005-06-13 22:08:19','1975-01-01 00:32:36'),
('876','Lucio','Dickens','ava.roberts@example.com','083fe23bd172d631363814b9d1b8463842247766','88641987359',NULL,'1','2004-12-24 05:07:43','2003-01-05 17:48:10'),
('877','Arielle','Morissette','keegan47@example.com','75b37d9520ae0577675089e9077da65ffe862c2e','28580065476',NULL,'0','1991-03-03 20:33:29','1994-08-31 20:26:32'),
('878','Carey','O\'Conner','lowe.estevan@example.org','37a67d7346f530a77e952c1b6acdce1b2e24cde7','84679993158',NULL,'1','2009-10-20 09:17:59','1979-09-22 16:58:37'),
('879','Margarete','Schneider','qhansen@example.org','901eb371cbeb22c4b2cb894e619ccc74f7c969f4','34428038685',NULL,'0','2013-06-04 07:18:28','1978-08-20 23:16:10'),
('880','Tate','Legros','d\'amore.eda@example.org','2404be71d3acd61fb8e8b100fcd7e04a5b57cc05','16631702864',NULL,'1','1979-05-11 04:59:12','2009-09-17 00:33:55'),
('881','Abigale','Turner','marjorie.howe@example.com','19b9cd440e5c8778635b23aeb53c9a7677d5da92','54379421449',NULL,'0','1993-12-04 05:16:15','2007-08-12 08:57:01'),
('882','Grant','Russel','brycen.pollich@example.com','c58fd0729f552d1f35023473d3a196ab16040807','29014911237',NULL,'1','1974-04-18 09:16:08','2007-04-03 16:30:42'),
('883','Cyrus','Emard','ycrooks@example.org','9470188bbc97017bdaa0053e1688dc3689a75240','36189709040',NULL,'0','1980-01-01 12:31:48','1996-12-16 14:34:43'),
('884','Yesenia','Gaylord','amya.schroeder@example.net','7a7818a3e3cf6a4aed9a3f8e022b4d65bed8a2fe','39858912718',NULL,'1','2018-08-12 22:20:58','2011-09-16 04:27:17'),
('885','Emmet','Grant','herzog.lela@example.com','a681df71aff5497b6e240b89101dde78e5d6f01a','38569111032',NULL,'0','2000-04-17 02:10:54','2007-02-22 12:27:03'),
('886','Ludie','Hand','lilian49@example.net','0f5b747c2eeab13e0a2396575fd543d4169de9cc','58647693661',NULL,'1','2010-10-19 08:49:04','2000-07-12 11:32:10'),
('887','Ignacio','Conn','camille15@example.com','cc14601d9e079e538955346ab84b42a0aad944ec','23684888221',NULL,'0','1982-09-14 14:36:46','2008-10-18 12:42:40'),
('888','Jalon','Marvin','henriette53@example.org','3d1b730cfefb52553a094e0488ac3f3e71bec138','93132769721',NULL,'1','1980-07-27 14:08:27','1980-08-16 19:44:11'),
('889','Stuart','Nolan','ida08@example.org','c36aa9c06d091d13d043e7874265a5f94120c7c4','86659452263',NULL,'1','1982-01-28 13:23:32','2019-10-29 17:24:28'),
('890','Gennaro','Wolff','greg.hettinger@example.com','9398e11af8e6e170d2d911d1afb2a3fa727eba94','59822502089',NULL,'0','1971-04-01 23:38:51','2004-06-01 01:27:33'),
('891','Cornelius','Jenkins','qfisher@example.com','f40db48ca9300f217bbf3d76222225dc12a49655','59862383478',NULL,'0','1978-02-17 15:46:03','1997-10-10 03:28:29'),
('892','Easton','Purdy','harber.bernadette@example.net','593f9539e6acc081b273cae62e9d56b7d300e25a','74074529493',NULL,'0','2003-03-25 17:22:33','1986-06-21 16:51:31'),
('893','August','Hintz','joanne.schimmel@example.net','f95fea313a975b8ee52c584c89f738d299a34888','61945488001',NULL,'1','1978-04-13 18:08:41','1982-04-01 06:24:54'),
('894','Fritz','Daniel','fay76@example.net','311da21b58914e8973070a7f0fdd407a167a4b1c','11244606967',NULL,'0','2018-04-15 22:53:05','1988-10-04 23:55:36'),
('895','Bernie','Toy','mcdermott.jayden@example.net','f2e214927e47a28431a49363cf37f287e92564a8','23360737268',NULL,'0','2014-02-12 05:09:56','1987-03-25 14:58:09'),
('896','Arno','Stamm','iwehner@example.net','61c6d5758b61499354caf2d65267db76c9fc5121','66811674516',NULL,'0','2001-01-17 18:19:59','1977-12-06 17:06:54'),
('897','Zelda','Gleichner','ignacio37@example.org','9f902726b2d6690c83503f21bf9566cf671a6f58','57994545884',NULL,'1','1993-10-18 02:03:09','1986-07-04 07:03:33'),
('898','Eliezer','Macejkovic','jena.jakubowski@example.com','e937824f551a4dd7607fd8cc5dff6d84eab38d48','10786826140',NULL,'0','2011-11-24 16:19:56','1977-12-10 11:12:39'),
('899','Darrel','Hartmann','watsica.willie@example.net','a5a8bfca5612920edc8b6351dfc290aa1878ccf2','58636752259',NULL,'1','2007-03-24 16:46:49','1975-08-01 09:12:02'),
('900','Judy','Luettgen','langosh.emerson@example.com','716ffde9bec06579ea32c91224fbc2d919a28630','74996414748',NULL,'0','1978-12-11 18:11:33','1971-09-19 11:01:12'),
('901','Sister','Brakus','madonna88@example.net','0eb6878a1daf7cd2768e98fbb92696159297aba0','39753460204',NULL,'1','2014-11-11 22:45:09','1999-11-16 15:00:07'),
('902','Everett','Marquardt','aschroeder@example.com','7d87386158c823e033c542a0845774db3e16a157','12113684471',NULL,'1','1990-09-26 09:09:12','1972-02-19 05:39:37'),
('903','Lera','Donnelly','jakayla16@example.net','c27909cb7f6c821f1431ff48085821d523131603','47244520541',NULL,'0','1996-08-03 23:49:17','1995-09-20 05:59:42'),
('904','Isobel','Kling','herman.kristian@example.net','9bbc4c877ad6d496e8c49fd67b109516a8665538','28438487881',NULL,'0','1997-05-27 22:05:25','1979-11-17 10:31:24'),
('905','Sidney','Pfannerstill','dubuque.erika@example.net','d8597e961dd159875a329a467fa0f77b3844809c','60618460061',NULL,'1','1987-02-08 20:46:16','2007-09-10 05:34:54'),
('906','Retta','Kutch','ankunding.declan@example.com','1f7ee70aaa3bbb2e34fc6adad88c58e538fe6420','65665404456',NULL,'1','1982-05-08 17:58:06','1973-08-28 07:39:43'),
('907','Winnifred','Howell','loren62@example.com','8b3eba0d90a046fa7c984b41e9d7e157a62532dd','89653083975',NULL,'1','1984-04-25 20:31:45','1979-08-16 23:03:39'),
('908','Ethan','Larson','cassie.durgan@example.com','40a36581246de197cc1e6072905e5eb89a3ebdeb','87296185465',NULL,'1','2019-09-30 18:03:34','1975-04-05 17:25:31'),
('909','Jairo','Hoeger','rosenbaum.carissa@example.org','7284b0c66ee0287f3b9cf57370e03556a9230c56','92704406231',NULL,'0','1986-11-27 18:36:39','1971-03-14 15:50:21'),
('910','Hoyt','Turner','bradly.dare@example.net','2d146f4e1b9403a15a6e0bc25e428cdcd12cfb9e','63475062325',NULL,'0','1985-08-29 11:27:41','2003-11-17 07:14:12'),
('911','Rebekah','Carter','lueilwitz.agnes@example.org','65997c8560f83a78eb5a8296278d62814942f085','10221068589',NULL,'1','2006-08-12 11:27:29','2014-03-08 14:03:16'),
('912','Dayana','Cronin','nicolas.kristoffer@example.net','e9471f5f6a4fc37d914fdcc7e85942788b683297','66279674912',NULL,'1','1980-11-20 08:05:44','1989-11-21 20:02:38'),
('913','Orval','Altenwerth','rnitzsche@example.net','ca0dda246b7bf9cdb59400f2cea480e39f3487b3','60899081695',NULL,'1','2004-02-21 21:33:46','2004-04-07 12:26:40'),
('914','Benton','Lebsack','eunice.parker@example.com','49b36fc8bc36bac2a9711b8fcbeff4ed27cad3b7','37906064270',NULL,'0','1972-01-25 16:38:34','1971-05-31 18:12:11'),
('915','Kaden','Steuber','maddison53@example.com','4d28f37fca21917080521445c75539de720a8146','97064235522',NULL,'1','1977-06-23 19:09:08','2006-11-05 01:26:20'),
('916','Noelia','Stoltenberg','dblick@example.com','21c9779364c4463ca8d911970393988d2cf1670e','39794513257',NULL,'1','1987-11-25 02:48:12','2009-04-21 10:09:23'),
('917','Rossie','Jones','nlowe@example.org','d68135cd2a8c882f49120bd3096aae4f03f14286','47942223916',NULL,'1','2001-02-22 02:38:39','1999-05-05 15:59:28'),
('918','Dixie','Ruecker','letitia.windler@example.org','b8fe41edcbd858f35c6af2b80b58f367d0041c6c','82199299805',NULL,'0','1998-04-28 11:47:46','1993-06-12 17:58:53'),
('919','Angus','Nicolas','joe97@example.com','31ec0acdebfffbe9672e725ab88d441850a3db74','11657847156',NULL,'1','1974-10-19 00:44:54','1982-07-14 00:26:16'),
('920','Romaine','Herzog','tod.abshire@example.com','19bf5751b4d25ce7e966bb763a7452c1f82f38be','65549039458',NULL,'0','1986-08-20 13:11:02','2014-09-19 03:27:28'),
('921','Dolores','Osinski','loyce.hauck@example.net','4b10664b29c60b8e5502b8fddca3dbd18002b1ec','36458973865',NULL,'1','2014-09-23 13:55:32','1977-11-16 02:43:44'),
('922','Kendrick','Nader','guadalupe.schmidt@example.net','98a2a27b193a27ad42371e6a4ca24ca4cc66874d','90036055017',NULL,'0','1984-11-25 08:55:52','2009-12-12 17:40:25'),
('923','Lelia','Bergstrom','fadel.everett@example.org','1caa74b081c773e8248650605e0bea17fcbf02cc','96665842407',NULL,'0','2004-06-28 21:35:12','2019-06-25 05:10:46'),
('924','Hank','Steuber','gdeckow@example.org','e6d9b018346364de408fde9a274a67cf7333d91b','24962104060',NULL,'0','2004-02-26 05:14:30','2000-08-07 15:10:36'),
('925','Shea','Jacobson','kimberly.reichert@example.net','6b9e700c1bbb6d0509ddb0b0e20624e7c5370fe4','44417139058',NULL,'0','1977-07-13 03:29:16','2002-03-05 05:00:19'),
('926','Fannie','Walter','wcartwright@example.com','0fd0ea2495e11545dcf4ba97d7e3dc822b8c30a9','12188605484',NULL,'1','2004-12-04 15:42:03','2012-10-25 15:37:31'),
('927','Sharon','Stoltenberg','earline49@example.com','5be684a87d3bd2ff0f9b088b88d55fcbb4512b9e','29061793987',NULL,'0','1978-02-15 12:01:28','2014-10-17 00:09:02'),
('928','Corbin','Windler','zstrosin@example.net','06e5ea227b497e65a0da4743046735d65b74a33f','16952921869',NULL,'1','1988-12-03 21:53:55','1998-05-19 19:09:09'),
('929','Dexter','Hammes','ova56@example.net','b89ad47091578f59734985453c8ceb064aad9633','23873922517',NULL,'0','2003-07-20 07:30:09','1988-07-25 00:42:50'),
('930','Haley','Hilpert','stanton.stan@example.net','e746a437273ff2d9d17710230ddd4d6445a1f66e','63781844298',NULL,'0','1997-02-08 06:56:29','2007-04-19 01:43:25'),
('931','Dino','Huels','alexandria.maggio@example.com','cd5edeb664a4766cbc7360c9bc0c2a6bab812089','87056518229',NULL,'0','2005-04-10 17:32:54','2019-10-24 17:31:14'),
('932','Devyn','Green','katrine.pagac@example.org','8d919efc7e781898e0f503a29f82945f7227f357','29037995333',NULL,'1','2015-12-21 19:34:04','1980-10-14 14:20:24'),
('933','Elsa','Strosin','dario.upton@example.com','29321a9ebdbe30798ca14096a2302bc20cee6d6f','37504749475',NULL,'0','1971-12-11 05:47:27','1999-07-16 15:14:21'),
('934','Gennaro','Reinger','skemmer@example.org','c2150960f0bb683f70154893e5a47600b4e78710','78363960729',NULL,'0','1982-02-28 21:48:40','1978-10-18 20:45:28'),
('935','Reid','Kovacek','vergie.deckow@example.com','af834c5a15e21310c5f84818bf5158c087704edf','91428742511',NULL,'0','1999-06-09 08:18:58','2002-08-01 00:37:30'),
('936','Marlen','Hilpert','lelah02@example.com','9385e6bc8c213172ab773538003194ea2f04b85a','20487334025',NULL,'0','2018-10-16 02:14:23','1979-11-17 15:43:13'),
('937','Emil','Ullrich','jenkins.cathy@example.net','c672191a99d9dbad61425809b8d4034d3ad6f112','95832440210',NULL,'1','1992-06-14 03:05:08','1986-04-09 01:09:02'),
('938','Peter','Wolff','sheldon.turcotte@example.org','6fad3b894c5594aa4e1dc293aa2cbfc934ae0fd5','27763418704',NULL,'0','2019-07-09 05:32:07','1977-04-25 20:49:27'),
('939','Cameron','Bednar','rlubowitz@example.net','7db2cb4bc16631a5194104c4791a896ed2b57317','96565644550',NULL,'1','2015-01-30 19:01:05','2015-10-12 11:55:30'),
('940','Elta','Kemmer','mhowell@example.org','840760b10fe33f4e479d0cc4d23b564c45e39688','20868826457',NULL,'0','2019-07-13 15:29:51','2009-12-27 09:34:10'),
('941','Juana','Halvorson','sreichel@example.net','28a0398d6557a2142e460ecade5e3f3d829af6bc','95205812565',NULL,'0','1977-06-03 21:25:31','2004-08-07 03:38:28'),
('942','Holden','Heathcote','garland.denesik@example.org','8a08af66951207699d66818036c96c4960d0de03','63230725950',NULL,'0','2001-05-21 09:02:05','2003-04-16 16:10:18'),
('943','Kailee','Watsica','iliana.lesch@example.net','ecfa399d439ef479431a851dc9202f5be6e105f3','79131553629',NULL,'0','2004-01-11 19:03:46','2002-05-11 03:55:22'),
('944','Amber','Stark','rachael.mante@example.org','caf4df55064aa1074dd94f81e27f2294234c2b0c','29137745429',NULL,'0','1987-11-23 14:29:09','1973-01-07 16:57:49'),
('945','Katlyn','Haley','gerald97@example.net','eb6ce484863838f2e7de6f312820f476f16179f3','74765873979',NULL,'0','2016-09-05 03:28:29','1972-03-26 05:50:10'),
('946','Carrie','Harber','kboehm@example.org','e40bf5db6446fbcd2d67f0ca5ded3a7c3dc35334','57410745909',NULL,'0','1980-10-13 12:14:56','1971-06-19 02:29:27'),
('947','Wallace','Hodkiewicz','qcronin@example.com','5a5743075ac512db8de9cb473debeaf07a609217','65544696249',NULL,'1','1982-07-20 01:07:40','2013-04-23 23:26:21'),
('948','Rocio','Terry','batz.eriberto@example.net','83769f1d6087404b913fd3c416aa7294adae2ab0','89545010523',NULL,'1','1988-02-28 00:37:37','2008-03-06 17:43:53'),
('949','Elias','Wiza','akerluke@example.com','b619823f1c11b7f703895bc2f4605ab08c253622','62294655749',NULL,'1','1993-07-29 11:27:53','2017-07-27 13:54:16'),
('950','Eldridge','Simonis','zkeebler@example.org','7e8bb717e06e53ceef338fb67c6beda5b5251c8b','99394228751',NULL,'1','1979-12-26 10:44:18','1974-05-13 21:15:42'),
('951','Cassidy','Schowalter','htoy@example.com','6a17f481fb146e7e1b7a3c54aa47e6df580c81f0','32843608870',NULL,'1','1998-10-07 09:04:45','2015-09-30 02:13:13'),
('952','Renee','Strosin','tconroy@example.org','74af580d40b3a31d5796120a995266b206e9ae31','63787544746',NULL,'0','1983-07-20 15:49:50','2017-04-05 19:48:16'),
('953','Izaiah','Dach','krystina.nicolas@example.com','fb53b5a1856db6faa09af77ad4451160a7485259','78829285101',NULL,'1','1983-08-09 13:39:31','2012-03-16 11:04:57'),
('954','Nola','Little','miller85@example.net','c138631f64f428c4a5da620fa0bab7ee7a155607','10726563106',NULL,'0','2016-12-25 11:46:32','2000-09-26 18:51:23'),
('955','Janae','Watsica','frami.clint@example.com','5f76d5bef8826a26ae2aca8cf3f9c4248f16ac3e','35490105655',NULL,'1','2020-05-03 09:37:39','2007-06-18 23:55:30'),
('956','Jamel','Kulas','nikolaus.nina@example.org','c553cbb320608da9c4d7d0d36234fd8c1168e2d3','36271535148',NULL,'0','1979-05-10 00:47:28','2013-08-14 22:04:51'),
('957','Ayden','Denesik','brycen35@example.com','dbda2e5d984e1a117bff32c74819caff0d507ee6','53045890117',NULL,'1','2013-01-23 05:16:30','1984-07-10 14:05:06'),
('958','Mireille','Towne','bechtelar.zola@example.com','8f0d2f7f32ecf60a0ce5266b2683c0f965c37147','12697309139',NULL,'1','1992-02-23 02:50:03','1978-09-26 01:46:02'),
('959','Giovani','Wilderman','kaya.gerhold@example.net','015a1cf7f65a0d0b20603ac58452607badebcd9b','29961025137',NULL,'1','1973-07-29 16:50:23','2016-05-16 06:12:21'),
('960','Ayden','Jast','kariane99@example.org','649d5eb63a72fdce388e3631fd9fc228cafb5a99','24089247072',NULL,'0','1995-06-18 21:45:54','1984-11-03 00:17:45'),
('961','Naomi','Tromp','dhauck@example.net','f5d9c84c6585c79b889229179fa42295b71f3217','43921653958',NULL,'0','1982-08-21 16:06:36','1974-05-31 14:06:14'),
('962','Serena','Hane','mills.marta@example.com','a71a856a33b1206624713bdf7d0b1051dab87579','87038105870',NULL,'1','1990-04-29 04:40:01','2006-08-24 15:39:37'),
('963','Emily','Smith','toney.west@example.org','c1bc3ef2a71d56ee32968da93ab8c2b43c32cd46','78819164037',NULL,'0','2000-11-30 06:32:37','1987-10-17 10:50:09'),
('964','Leo','Greenholt','crystel55@example.com','a6f2046e88670918d8fa05117933674e2949e616','26814951458',NULL,'0','1970-06-29 04:09:08','1986-07-12 10:17:23'),
('965','Immanuel','Braun','omayer@example.com','7957fb7f6df5577eb75827a41bf446ce29fd9608','25477992263',NULL,'1','2004-06-17 06:14:14','1979-04-02 18:31:58'),
('966','Paolo','Kilback','kareem67@example.com','ecb6c85fdf7eaf84298c2022e7469074dff97ab9','61280911834',NULL,'0','1979-01-23 13:25:07','1974-10-10 02:06:15'),
('967','Gunnar','Kutch','harvey.louisa@example.net','1f870e775e995f4a37933fdff3f15791cfb1a08e','90236441134',NULL,'0','1986-10-16 02:21:33','2019-11-11 22:44:40'),
('968','Merlin','Konopelski','anne77@example.org','e844d79a29b9a2507b95846a9e8d163627456d7f','15158775160',NULL,'1','2011-03-04 17:32:31','2011-03-11 17:16:35'),
('969','Elisa','Satterfield','destinee.weber@example.net','863c5e650888ea6365542c65d008ef5ac0e7d7fe','52374464846',NULL,'0','2006-03-12 12:22:58','1988-07-29 18:26:33'),
('970','Susan','Swaniawski','stephan68@example.org','b1f4b2ee8151df9d779f8c8e7fd1cff83580a6ad','94869728339',NULL,'1','2005-06-23 17:01:00','2006-09-01 10:34:55'),
('971','Mylene','Mitchell','miguel.goodwin@example.org','ff2fc5547e6d060382bf1f5a8e7aba40f6ce2e06','36844999482',NULL,'0','2000-05-23 10:48:12','1976-07-10 18:53:46'),
('972','Reanna','Parisian','yundt.jarrod@example.net','10cfa42f94263ac08885467f56951081d837f990','91285198689',NULL,'0','2006-12-26 16:04:53','1997-05-29 05:04:18'),
('973','Max','Parker','hilll.jeff@example.net','440403f896a1cd49c0b17c47840523ad444c4f9a','79400612302',NULL,'0','1981-10-28 02:02:10','2003-11-08 18:37:07'),
('974','Jordan','Farrell','jayde.feest@example.com','dc2cdf8dbcf142d93a84d77fcb9d071dbdbc9390','27074709739',NULL,'0','1978-09-17 22:27:33','1986-02-15 08:54:36'),
('975','Angela','Stoltenberg','leo12@example.org','22ce98bc2f31beb2266e5abe907035e6a49d7d91','26016604769',NULL,'1','1979-01-06 14:45:57','1976-07-02 15:12:48'),
('976','Blanca','Legros','elva02@example.com','153b5f7d5f28bd85c20d4b9523c6bf65acd239bb','21544360662',NULL,'0','2008-01-08 21:16:52','1977-08-15 20:04:56'),
('977','Rasheed','Pfannerstill','ykohler@example.net','b8870c69ae274bba247b9c23c305de2850174987','30064301919',NULL,'0','1975-07-16 13:52:10','2006-02-08 15:26:45'),
('978','Estrella','Yundt','daniella.roberts@example.org','b14543844cecd5ab7891b5c13fdf24af5b94e93c','35058648320',NULL,'0','2007-07-13 00:41:05','2014-09-27 16:22:43'),
('979','Elliott','Johns','javon89@example.org','bb64fb2c88ddf88932600f07ea9efbd1f760d089','36484016897',NULL,'0','2008-06-06 22:35:34','1973-04-23 11:59:46'),
('980','Kyle','Wisozk','rrunolfsson@example.org','f08f4d59298626ec4776265d44b6a5e0bbb082ce','75227941856',NULL,'1','1984-07-07 23:18:24','1998-08-17 14:42:43'),
('981','Catalina','Jast','elna25@example.net','dadd285e6b84a9080cc0cde7268f6f26b9a25e10','53992267712',NULL,'0','1984-12-01 09:39:19','2003-07-01 05:33:49'),
('982','Khalid','Leffler','brekke.cecil@example.org','f05d6026246be22530a2886f25e2c28b92f0b05d','34649391546',NULL,'1','1996-12-15 08:06:29','1984-01-14 06:45:55'),
('983','Preston','Conn','sage50@example.com','cf60543fe71d602a1e42715a2c88af2c37f14a44','40185547228',NULL,'1','2017-10-18 06:34:12','2018-10-29 23:58:56'),
('984','Loren','Bechtelar','lesch.asha@example.com','05f44ea3ac1aae9ca219cc0bbfba9ac9443f4e2f','50259442706',NULL,'1','2010-05-01 03:35:44','1992-05-16 13:13:23'),
('985','Colton','Romaguera','lizeth.lemke@example.net','4bbdaf5003a82654fd69dd6012c40911e2011e20','75120272664',NULL,'1','1980-04-05 05:18:25','2001-12-17 20:22:41'),
('986','Victoria','Swaniawski','ahmed.fay@example.com','44a00431af4e20c24d31c4685e6aea4e037c56af','45528106596',NULL,'0','2008-08-04 13:23:35','2000-02-12 20:43:28'),
('987','Triston','Reilly','enos.kerluke@example.com','39673397b421d0ea918c099b01dfcfbb300fd695','56675658617',NULL,'0','1980-06-26 12:54:06','2000-05-18 19:19:26'),
('988','Marietta','Cummerata','thurman.torp@example.org','0f8d0747a1198213ce80e5e5cd53b7f0b5634eed','89753733533',NULL,'0','2005-05-10 20:57:18','2000-01-24 18:10:57'),
('989','Camila','Russel','miller.shaylee@example.net','1dd9ee6e66c5a1d49e8c6cd963d2a1440a1d38c0','98463971568',NULL,'0','2005-01-11 18:47:53','1976-09-15 13:02:53'),
('990','Louvenia','Cartwright','beer.alayna@example.org','4aa49059f7363dc521ade01e3a12d68b4502f197','94024336542',NULL,'1','1974-04-19 03:24:00','1996-10-31 07:05:58'),
('991','Leda','Fadel','powlowski.marietta@example.net','53d7e5454eb23ec1ab084f214488b857d994b8ca','68153990125',NULL,'0','2019-10-15 08:06:45','1990-10-31 21:41:52'),
('992','Andre','Lueilwitz','jkemmer@example.net','70a2f807e67866b2b8568ceb02cd34c65d6d2cf9','53359884046',NULL,'0','2017-09-27 06:55:31','1980-07-08 00:56:41'),
('993','Arianna','Herzog','hudson16@example.org','c013dd95164d78313c93ff0f279cbd02b90fe6d1','21747313109',NULL,'0','2013-01-17 02:43:15','1972-04-08 22:46:13'),
('994','Lorna','Wisoky','reichert.camylle@example.org','3bab69a202136965e705b90ed946e065472e77fe','87286715088',NULL,'0','1979-11-17 17:57:31','2003-10-27 17:18:35'),
('995','Johnson','Weissnat','griffin.jacobson@example.com','3d62bbaa41cfb42c0d32aaa094c6de77b99a9975','11127394977',NULL,'1','2018-09-13 22:13:49','1971-07-13 19:43:55'),
('996','Katelyn','Kulas','lesch.cloyd@example.org','4c2113876c9a707e955d1156a967868ffbefa295','95981307378',NULL,'0','2006-09-15 13:12:47','1987-12-22 07:58:32'),
('997','Solon','Greenfelder','boyle.oliver@example.com','24f6f0a88c8eb524d006e984406c4ea3d1b4f917','49045415353',NULL,'1','2016-07-23 08:27:43','2005-06-04 13:31:17'),
('998','Guiseppe','Satterfield','sasha.bayer@example.net','42840da9cda25a95642fe7d57af70996b91993c4','52595229842',NULL,'1','2000-09-03 19:37:52','2003-01-05 00:59:39'),
('999','Christop','Johnston','gisselle68@example.com','9d8f6a439426c680328afed1a6aa6c12af0f81f2','96033637654',NULL,'1','2009-01-13 06:13:08','2018-12-29 19:18:16'),
('1000','Richard','Klein','albert84@example.net','6dfa83a7d3e43238f6622dcce86d13a9f6411ea1','42865752591',NULL,'0','1991-10-21 03:15:53','1986-11-30 22:23:15'); 




/*!40101 SET SQL_MODE=@OLD_SQL_MODE */;
/*!40014 SET FOREIGN_KEY_CHECKS=@OLD_FOREIGN_KEY_CHECKS */;
/*!40014 SET UNIQUE_CHECKS=@OLD_UNIQUE_CHECKS */;
/*!40101 SET CHARACTER_SET_CLIENT=@OLD_CHARACTER_SET_CLIENT */;
/*!40101 SET CHARACTER_SET_RESULTS=@OLD_CHARACTER_SET_RESULTS */;
/*!40101 SET COLLATION_CONNECTION=@OLD_COLLATION_CONNECTION */;
/*!40111 SET SQL_NOTES=@OLD_SQL_NOTES */;

